pyspark interpreter: /opt/homebrew/opt/python@3.11/bin/python3.11 (Python 3.11.16)
=== SPARK VERSION ===
WARNING: Using incubator modules: jdk.incubator.vector
Using Spark's default log4j profile: org/apache/spark/log4j2-defaults.properties
26/09/16 16:27:49 WARN Utils: Your hostname, Abhisheks-MacBook-Air.local, resolves to a loopback address: 127.0.0.1; using 192.168.1.4 instead (on interface en0)
26/09/16 16:27:49 WARN Utils: Set SPARK_LOCAL_IP if you need to bind to another address
Welcome to
      ____              __
     / __/__  ___ _____/ /__
    _\ \/ _ \/ _ `/ __/  '_/

=== STAGE 1: SPARK ETL + SPARK SQL ANALYTICS ===
Using Spark's default log4j profile: org/apache/spark/log4j2-defaults.properties
26/09/16 16:27:49 WARN Utils: Your hostname, Abhisheks-MacBook-Air.local, resolves to a loopback address: 127.0.0.1; using 192.168.1.4 instead (on interface en0)
26/09/16 16:27:49 WARN Utils: Set SPARK_LOCAL_IP if you need to bind to another address
/opt/homebrew/opt/apache-spark/libexec/python/lib/pyspark.zip/pyspark/testing/utils.py:127: FutureWarning: PySpark does not yet fully support pandas >= 3.0.0. Some features may not work correctly. It is recommended to use pandas < 3.0.0 for now.
Using Spark's default log4j profile: org/apache/spark/log4j2-defaults.properties
26/09/16 16:27:50 INFO SparkContext: Running Spark version 4.2.0
26/09/16 16:27:50 INFO SparkContext: OS info Mac OS X, 26.5, aarch64
26/09/16 16:27:50 INFO SparkContext: Java version 21.0.12.1
26/09/16 16:27:50 WARN NativeCodeLoader: Unable to load native-hadoop library for your platform... using builtin-java classes where applicable
26/09/16 16:27:50 INFO ResourceUtils: ==============================================================
26/09/16 16:27:50 INFO ResourceUtils: No custom resources configured for spark.driver.
26/09/16 16:27:50 INFO ResourceUtils: ==============================================================
26/09/16 16:27:50 INFO SparkContext: Submitted application: Olist ETL and Spark SQL analytics
26/09/16 16:27:50 INFO SecurityManager: Changing view acls to: abhishek
26/09/16 16:27:50 INFO SecurityManager: Changing modify acls to: abhishek
26/09/16 16:27:50 INFO SecurityManager: Changing view acls groups to: abhishek
26/09/16 16:27:50 INFO SecurityManager: Changing modify acls groups to: abhishek
26/09/16 16:27:50 INFO SecurityManager: SecurityManager: authentication disabled; ui acls disabled; users with view permissions: abhishek groups with view permissions: EMPTY; users with modify permissions: abhishek; groups with modify permissions: EMPTY; RPC SSL disabled
26/09/16 16:27:50 INFO Utils: Successfully started service 'sparkDriver' on port 58699.
26/09/16 16:27:50 INFO SparkEnv: Registering MapOutputTracker
26/09/16 16:27:50 INFO SparkEnv: Registering BlockManagerMaster
26/09/16 16:27:50 INFO BlockManagerMasterEndpoint: Using org.apache.spark.storage.DefaultTopologyMapper for getting topology information
26/09/16 16:27:50 INFO BlockManagerMasterEndpoint: BlockManagerMasterEndpoint up
26/09/16 16:27:50 INFO SparkEnv: Registering BlockManagerMasterHeartbeat
26/09/16 16:27:50 INFO DiskBlockManager: Created local directory at /private/var/folders/7d/m5lkdhdj2pv8xf1hwvx3xvj80000gn/T/blockmgr-de0532e9-2ab5-4865-9246-b270253655cd
26/09/16 16:27:50 INFO SparkEnv: Registering OutputCommitCoordinator
26/09/16 16:27:50 INFO JettyUtils: Start Jetty 0.0.0.0:4040 for SparkUI
26/09/16 16:27:51 INFO Utils: Successfully started service 'SparkUI' on port 4040.
26/09/16 16:27:51 INFO ResourceProfile: Default ResourceProfile created, executor resources: Map(cores -> name: cores, amount: 1, script: , vendor: , memory -> name: memory, amount: 1024, script: , vendor: , offHeap -> name: offHeap, amount: 0, script: , vendor: ), task resources: Map(cpus -> name: cpus, amount: 1.0)
26/09/16 16:27:51 INFO ResourceProfile: Limiting resource is cpu
26/09/16 16:27:51 INFO ResourceProfileManager: Added ResourceProfile id: 0
26/09/16 16:27:51 INFO SecurityManager: Changing view acls to: abhishek
26/09/16 16:27:51 INFO SecurityManager: Changing modify acls to: abhishek
26/09/16 16:27:51 INFO SecurityManager: Changing view acls groups to: abhishek
26/09/16 16:27:51 INFO SecurityManager: Changing modify acls groups to: abhishek
26/09/16 16:27:51 INFO SecurityManager: SecurityManager: authentication disabled; ui acls disabled; users with view permissions: abhishek groups with view permissions: EMPTY; users with modify permissions: abhishek; groups with modify permissions: EMPTY; RPC SSL disabled
26/09/16 16:27:51 INFO Executor: Starting executor ID driver on host 192.168.1.4
26/09/16 16:27:51 INFO Executor: Running Spark version 4.2.0
26/09/16 16:27:51 INFO Executor: OS info Mac OS X, 26.5, aarch64
26/09/16 16:27:51 INFO Executor: Java version 21.0.12.1
26/09/16 16:27:51 INFO Executor: Starting executor with user classpath (userClassPathFirst = false): ''
26/09/16 16:27:51 INFO Executor: Created or updated repl class loader org.apache.spark.util.MutableURLClassLoader@5d29f323 for default.
26/09/16 16:27:51 INFO Utils: Successfully started service 'org.apache.spark.network.netty.NettyBlockTransferService' on port 58700.
26/09/16 16:27:51 INFO NettyBlockTransferService: Server created on 192.168.1.4:58700
26/09/16 16:27:51 INFO BlockManager: Using org.apache.spark.storage.RandomBlockReplicationPolicy for block replication policy
26/09/16 16:27:51 INFO BlockManagerMaster: Registering BlockManager BlockManagerId(driver, 192.168.1.4, 58700, None)
26/09/16 16:27:51 INFO BlockManagerMasterEndpoint: Registering block manager 192.168.1.4:58700 with 1663.2 MiB RAM, BlockManagerId(driver, 192.168.1.4, 58700, None)
26/09/16 16:27:51 INFO BlockManagerMaster: Registered BlockManager BlockManagerId(driver, 192.168.1.4, 58700, None)
26/09/16 16:27:51 INFO BlockManager: Initialized BlockManager: BlockManagerId(driver, 192.168.1.4, 58700, None)

=== RAW ROW COUNTS (extract) ===
orders                     99,441
order_items               112,650
customers                  99,441
products                   32,951
payments                  103,886
reviews                    99,224
sellers                     3,095
category_translation           71

=== CURATED FACT TABLE ===
rows after cleaning and joins: 112,650
columns: order_id, product_category_name, product_id, customer_id, order_item_id, seller_id, shipping_limit_date, price, freight_value, line_revenue, order_status, order_purchase_timestamp, order_approved_at, order_delivered_carrier_date, order_delivered_customer_date, order_estimated_delivery_date, purchase_year, purchase_month, delivery_days, is_late, customer_unique_id, customer_zip_code_prefix, customer_city, customer_state, product_name_lenght, product_description_lenght, product_photos_qty, product_weight_g, product_length_cm, product_height_cm, product_width_cm, product_category_name_english, avg_review_score, review_count, order_value, payment_type, installments, category

curated Parquet written to hdfs:///olist/warehouse/olist_curated (partitioned by purchase_month)
26/09/16 16:28:06 WARN SparkStringUtils: Truncated the string representation of a plan since it was too large. This behavior can be adjusted by setting 'spark.sql.debug.maxToStringFields'.

==============================================================================
A1. Monthly GMV trend
==============================================================================
+--------------+------+----------+---------------+
|purchase_month|orders|gmv       |avg_order_value|
+--------------+------+----------+---------------+
|2016-09       |1     |143.46    |NULL           |
|2016-10       |265   |46490.66  |197.27         |
|2016-12       |1     |19.62     |19.62          |
|2017-01       |750   |127482.37 |193.31         |
|2017-02       |1653  |271239.32 |175.34         |
|2017-03       |2546  |414330.95 |174.57         |
|2017-04       |2303  |390812.4  |177.54         |
|2017-05       |3546  |566851.4  |175.15         |
|2017-06       |3135  |490050.37 |167.78         |
|2017-07       |3872  |566299.08 |162.15         |
|2017-08       |4193  |645832.36 |175.67         |
|2017-09       |4150  |701077.49 |210.32         |
|2017-10       |4478  |751117.01 |191.52         |
|2017-11       |7289  |1153364.2 |182.74         |
|2017-12       |5513  |843078.29 |164.87         |
|2018-01       |7069  |1077887.46|170.97         |
|2018-02       |6555  |966168.41 |170.25         |
|2018-03       |7003  |1120598.24|179.05         |
|2018-04       |6798  |1132878.93|187.38         |
|2018-05       |6749  |1128774.52|189.59         |
+--------------+------+----------+---------------+
only showing top 20 rows

==============================================================================
A2. Top 10 categories by revenue
==============================================================================
+---------------------+----------+----------+----------+
|category             |items_sold|revenue   |avg_review|
+---------------------+----------+----------+----------+
|health_beauty        |9465      |1412089.53|4.19      |
|watches_gifts        |5859      |1264333.12|4.07      |
|bed_bath_table       |10953     |1225209.26|3.92      |
|sports_leisure       |8431      |1118256.91|4.17      |
|computers_accessories|7644      |1032723.77|3.99      |
|furniture_decor      |8160      |880329.92 |3.95      |
|housewares           |6795      |758392.25 |4.11      |
|cool_stuff           |3718      |691680.89 |4.19      |
|auto                 |4140      |669454.75 |4.12      |
|garden_tools         |4268      |567145.68 |4.08      |
+---------------------+----------+----------+----------+


==============================================================================
A3. Revenue by customer state (top 10)
==============================================================================
+--------------+------+----------+
|customer_state|orders|revenue   |
+--------------+------+----------+
|SP            |40501 |5769703.15|
|RJ            |12350 |2055401.57|
|MG            |11354 |1818891.67|
|RS            |5345  |861472.79 |
|PR            |4923  |781708.8  |
|SC            |3546  |595127.78 |
|BA            |3256  |591137.81 |
|DF            |2080  |346123.35 |
|GO            |1957  |334212.35 |
|ES            |1995  |317657.93 |
+--------------+------+----------+


==============================================================================
A4. Delivery performance by state
==============================================================================
+--------------+------+-----------------+--------+
|customer_state|orders|avg_delivery_days|late_pct|
+--------------+------+-----------------+--------+
|MA            |717   |21.6             |22.73   |
|CE            |1279  |20.9             |17.04   |
|BA            |3256  |19.2             |15.48   |
|RJ            |12350 |15.1             |14.86   |
|PA            |946   |23.7             |13.85   |
|ES            |1995  |15.6             |13.63   |
|PB            |517   |20.5             |12.77   |
|MS            |701   |15.5             |12.55   |
|PE            |1593  |18.2             |11.17   |
|SC            |3546  |14.9             |11.11   |
+--------------+------+-----------------+--------+


==============================================================================
A5. Payment type distribution
==============================================================================
+------------+------+-------------+---------------+
|payment_type|orders|revenue      |avg_order_value|
+------------+------+-------------+---------------+
|credit_card |74883 |1.245280261E7|183.22         |
|boleto      |19614 |2842240.29   |177.54         |
|voucher     |2648  |333259.16    |133.27         |
|debit_card  |1520  |215107.72    |150.08         |
|NULL        |1     |143.46       |NULL           |
+------------+------+-------------+---------------+


==============================================================================
A6. Review score vs delivery lateness
==============================================================================
+--------+------+----------------+
|delivery|items |avg_review_score|
+--------+------+----------------+
|on_time |100849|4.21            |
|late    |8520  |2.55            |
+--------+------+----------------+

/opt/homebrew/opt/apache-spark/libexec/python/lib/pyspark.zip/pyspark/sql/pandas/conversion.py:298: FutureWarning: PySpark does not yet fully support pandas >= 3.0.0. Some features may not work correctly. It is recommended to use pandas < 3.0.0 for now.
/opt/homebrew/opt/apache-spark/libexec/python/lib/pyspark.zip/pyspark/sql/pandas/conversion.py:348: UserWarning: toPandas attempted Arrow optimization because 'spark.sql.execution.arrow.pyspark.enabled' is set to true; however, failed by the reason below:
  [PACKAGE_NOT_INSTALLED] PyArrow >= 18.0.0 must be installed; however, it was not found.
Attempting non-optimization as 'spark.sql.execution.arrow.pyspark.fallback.enabled' is set to true.

wrote out/top_categories.csv

=== STAGE 2: ALS COLLABORATIVE-FILTERING RECOMMENDER ===
Using Spark's default log4j profile: org/apache/spark/log4j2-defaults.properties
26/09/16 16:28:11 WARN Utils: Your hostname, Abhisheks-MacBook-Air.local, resolves to a loopback address: 127.0.0.1; using 192.168.1.4 instead (on interface en0)
26/09/16 16:28:11 WARN Utils: Set SPARK_LOCAL_IP if you need to bind to another address
/opt/homebrew/opt/apache-spark/libexec/python/lib/pyspark.zip/pyspark/testing/utils.py:127: FutureWarning: PySpark does not yet fully support pandas >= 3.0.0. Some features may not work correctly. It is recommended to use pandas < 3.0.0 for now.
Using Spark's default log4j profile: org/apache/spark/log4j2-defaults.properties
26/09/16 16:28:12 INFO SparkContext: Running Spark version 4.2.0
26/09/16 16:28:12 INFO SparkContext: OS info Mac OS X, 26.5, aarch64
26/09/16 16:28:12 INFO SparkContext: Java version 21.0.12.1
26/09/16 16:28:12 WARN NativeCodeLoader: Unable to load native-hadoop library for your platform... using builtin-java classes where applicable
26/09/16 16:28:12 INFO ResourceUtils: ==============================================================
26/09/16 16:28:12 INFO ResourceUtils: No custom resources configured for spark.driver.
26/09/16 16:28:12 INFO ResourceUtils: ==============================================================
26/09/16 16:28:12 INFO SparkContext: Submitted application: Olist ALS product recommender
26/09/16 16:28:12 INFO SecurityManager: Changing view acls to: abhishek
26/09/16 16:28:12 INFO SecurityManager: Changing modify acls to: abhishek
26/09/16 16:28:12 INFO SecurityManager: Changing view acls groups to: abhishek
26/09/16 16:28:12 INFO SecurityManager: Changing modify acls groups to: abhishek
26/09/16 16:28:12 INFO SecurityManager: SecurityManager: authentication disabled; ui acls disabled; users with view permissions: abhishek groups with view permissions: EMPTY; users with modify permissions: abhishek; groups with modify permissions: EMPTY; RPC SSL disabled
26/09/16 16:28:12 INFO Utils: Successfully started service 'sparkDriver' on port 58910.
26/09/16 16:28:12 INFO SparkEnv: Registering MapOutputTracker
26/09/16 16:28:12 INFO SparkEnv: Registering BlockManagerMaster
26/09/16 16:28:12 INFO BlockManagerMasterEndpoint: Using org.apache.spark.storage.DefaultTopologyMapper for getting topology information
26/09/16 16:28:12 INFO BlockManagerMasterEndpoint: BlockManagerMasterEndpoint up
26/09/16 16:28:12 INFO SparkEnv: Registering BlockManagerMasterHeartbeat
26/09/16 16:28:12 INFO DiskBlockManager: Created local directory at /private/var/folders/7d/m5lkdhdj2pv8xf1hwvx3xvj80000gn/T/blockmgr-ec138383-57f9-49a2-b1e4-4b8279e9e30a
26/09/16 16:28:12 INFO SparkEnv: Registering OutputCommitCoordinator
26/09/16 16:28:12 INFO JettyUtils: Start Jetty 0.0.0.0:4040 for SparkUI
26/09/16 16:28:12 INFO Utils: Successfully started service 'SparkUI' on port 4040.
26/09/16 16:28:12 INFO ResourceProfile: Default ResourceProfile created, executor resources: Map(cores -> name: cores, amount: 1, script: , vendor: , memory -> name: memory, amount: 1024, script: , vendor: , offHeap -> name: offHeap, amount: 0, script: , vendor: ), task resources: Map(cpus -> name: cpus, amount: 1.0)
26/09/16 16:28:12 INFO ResourceProfile: Limiting resource is cpu
26/09/16 16:28:12 INFO ResourceProfileManager: Added ResourceProfile id: 0
26/09/16 16:28:12 INFO SecurityManager: Changing view acls to: abhishek
26/09/16 16:28:12 INFO SecurityManager: Changing modify acls to: abhishek
26/09/16 16:28:12 INFO SecurityManager: Changing view acls groups to: abhishek
26/09/16 16:28:12 INFO SecurityManager: Changing modify acls groups to: abhishek
26/09/16 16:28:12 INFO SecurityManager: SecurityManager: authentication disabled; ui acls disabled; users with view permissions: abhishek groups with view permissions: EMPTY; users with modify permissions: abhishek; groups with modify permissions: EMPTY; RPC SSL disabled
26/09/16 16:28:12 INFO Executor: Starting executor ID driver on host 192.168.1.4
26/09/16 16:28:12 INFO Executor: Running Spark version 4.2.0
26/09/16 16:28:12 INFO Executor: OS info Mac OS X, 26.5, aarch64
26/09/16 16:28:12 INFO Executor: Java version 21.0.12.1
26/09/16 16:28:12 INFO Executor: Starting executor with user classpath (userClassPathFirst = false): ''
26/09/16 16:28:12 INFO Executor: Created or updated repl class loader org.apache.spark.util.MutableURLClassLoader@4095415e for default.
26/09/16 16:28:12 INFO Utils: Successfully started service 'org.apache.spark.network.netty.NettyBlockTransferService' on port 58911.
26/09/16 16:28:12 INFO NettyBlockTransferService: Server created on 192.168.1.4:58911
26/09/16 16:28:12 INFO BlockManager: Using org.apache.spark.storage.RandomBlockReplicationPolicy for block replication policy
26/09/16 16:28:12 INFO BlockManagerMaster: Registering BlockManager BlockManagerId(driver, 192.168.1.4, 58911, None)
26/09/16 16:28:12 INFO BlockManagerMasterEndpoint: Registering block manager 192.168.1.4:58911 with 1663.2 MiB RAM, BlockManagerId(driver, 192.168.1.4, 58911, None)
26/09/16 16:28:12 INFO BlockManagerMaster: Registered BlockManager BlockManagerId(driver, 192.168.1.4, 58911, None)
26/09/16 16:28:12 INFO BlockManager: Initialized BlockManager: BlockManagerId(driver, 192.168.1.4, 58911, None)

=== INTERACTION MATRIX ===
interactions      : 99,785
distinct customers: 93,358
distinct products : 32,216
pairs per customer: 1.07

=== MODEL SUBSET (customers with >= 3 distinct products) ===
interactions      : 2,613
distinct customers: 760
pairs per customer: 3.44
26/09/16 16:28:19 WARN WindowExec: No Partition Defined for Window operation! Moving all data to a single partition, this can cause serious performance degradation.
26/09/16 16:28:19 WARN WindowExec: No Partition Defined for Window operation! Moving all data to a single partition, this can cause serious performance degradation.
26/09/16 16:28:19 WARN WindowExec: No Partition Defined for Window operation! Moving all data to a single partition, this can cause serious performance degradation.
26/09/16 16:28:19 WARN WindowExec: No Partition Defined for Window operation! Moving all data to a single partition, this can cause serious performance degradation.
26/09/16 16:28:19 WARN WindowExec: No Partition Defined for Window operation! Moving all data to a single partition, this can cause serious performance degradation.
26/09/16 16:28:19 WARN WindowExec: No Partition Defined for Window operation! Moving all data to a single partition, this can cause serious performance degradation.
26/09/16 16:28:19 WARN WindowExec: No Partition Defined for Window operation! Moving all data to a single partition, this can cause serious performance degradation.
26/09/16 16:28:19 WARN WindowExec: No Partition Defined for Window operation! Moving all data to a single partition, this can cause serious performance degradation.
26/09/16 16:28:19 WARN WindowExec: No Partition Defined for Window operation! Moving all data to a single partition, this can cause serious performance degradation.
26/09/16 16:28:19 WARN WindowExec: No Partition Defined for Window operation! Moving all data to a single partition, this can cause serious performance degradation.
26/09/16 16:28:19 WARN WindowExec: No Partition Defined for Window operation! Moving all data to a single partition, this can cause serious performance degradation.
26/09/16 16:28:19 WARN WindowExec: No Partition Defined for Window operation! Moving all data to a single partition, this can cause serious performance degradation.
26/09/16 16:28:19 WARN WindowExec: No Partition Defined for Window operation! Moving all data to a single partition, this can cause serious performance degradation.
26/09/16 16:28:19 WARN WindowExec: No Partition Defined for Window operation! Moving all data to a single partition, this can cause serious performance degradation.
26/09/16 16:28:19 WARN WindowExec: No Partition Defined for Window operation! Moving all data to a single partition, this can cause serious performance degradation.
26/09/16 16:28:19 WARN WindowExec: No Partition Defined for Window operation! Moving all data to a single partition, this can cause serious performance degradation.
26/09/16 16:28:20 WARN WindowExec: No Partition Defined for Window operation! Moving all data to a single partition, this can cause serious performance degradation.
26/09/16 16:28:20 WARN WindowExec: No Partition Defined for Window operation! Moving all data to a single partition, this can cause serious performance degradation.
26/09/16 16:28:20 WARN WindowExec: No Partition Defined for Window operation! Moving all data to a single partition, this can cause serious performance degradation.
26/09/16 16:28:20 WARN WindowExec: No Partition Defined for Window operation! Moving all data to a single partition, this can cause serious performance degradation.
26/09/16 16:28:20 WARN WindowExec: No Partition Defined for Window operation! Moving all data to a single partition, this can cause serious performance degradation.
26/09/16 16:28:20 WARN WindowExec: No Partition Defined for Window operation! Moving all data to a single partition, this can cause serious performance degradation.
26/09/16 16:28:20 WARN WindowExec: No Partition Defined for Window operation! Moving all data to a single partition, this can cause serious performance degradation.
26/09/16 16:28:20 WARN WindowExec: No Partition Defined for Window operation! Moving all data to a single partition, this can cause serious performance degradation.
26/09/16 16:28:20 WARN WindowExec: No Partition Defined for Window operation! Moving all data to a single partition, this can cause serious performance degradation.
26/09/16 16:28:20 WARN WindowExec: No Partition Defined for Window operation! Moving all data to a single partition, this can cause serious performance degradation.
26/09/16 16:28:20 WARN WindowExec: No Partition Defined for Window operation! Moving all data to a single partition, this can cause serious performance degradation.
26/09/16 16:28:20 WARN WindowExec: No Partition Defined for Window operation! Moving all data to a single partition, this can cause serious performance degradation.
26/09/16 16:28:20 WARN WindowExec: No Partition Defined for Window operation! Moving all data to a single partition, this can cause serious performance degradation.
26/09/16 16:28:20 WARN WindowExec: No Partition Defined for Window operation! Moving all data to a single partition, this can cause serious performance degradation.
26/09/16 16:28:20 WARN WindowExec: No Partition Defined for Window operation! Moving all data to a single partition, this can cause serious performance degradation.
26/09/16 16:28:20 WARN WindowExec: No Partition Defined for Window operation! Moving all data to a single partition, this can cause serious performance degradation.
26/09/16 16:28:20 WARN WindowExec: No Partition Defined for Window operation! Moving all data to a single partition, this can cause serious performance degradation.
26/09/16 16:28:20 WARN WindowExec: No Partition Defined for Window operation! Moving all data to a single partition, this can cause serious performance degradation.
26/09/16 16:28:20 WARN WindowExec: No Partition Defined for Window operation! Moving all data to a single partition, this can cause serious performance degradation.
26/09/16 16:28:20 WARN WindowExec: No Partition Defined for Window operation! Moving all data to a single partition, this can cause serious performance degradation.
26/09/16 16:28:20 WARN WindowExec: No Partition Defined for Window operation! Moving all data to a single partition, this can cause serious performance degradation.
26/09/16 16:28:20 WARN WindowExec: No Partition Defined for Window operation! Moving all data to a single partition, this can cause serious performance degradation.
26/09/16 16:28:20 WARN WindowExec: No Partition Defined for Window operation! Moving all data to a single partition, this can cause serious performance degradation.
26/09/16 16:28:20 WARN WindowExec: No Partition Defined for Window operation! Moving all data to a single partition, this can cause serious performance degradation.
26/09/16 16:28:20 WARN WindowExec: No Partition Defined for Window operation! Moving all data to a single partition, this can cause serious performance degradation.
26/09/16 16:28:20 WARN WindowExec: No Partition Defined for Window operation! Moving all data to a single partition, this can cause serious performance degradation.
26/09/16 16:28:20 WARN WindowExec: No Partition Defined for Window operation! Moving all data to a single partition, this can cause serious performance degradation.
26/09/16 16:28:20 WARN WindowExec: No Partition Defined for Window operation! Moving all data to a single partition, this can cause serious performance degradation.
26/09/16 16:28:20 WARN WindowExec: No Partition Defined for Window operation! Moving all data to a single partition, this can cause serious performance degradation.
26/09/16 16:28:20 WARN WindowExec: No Partition Defined for Window operation! Moving all data to a single partition, this can cause serious performance degradation.
26/09/16 16:28:20 WARN WindowExec: No Partition Defined for Window operation! Moving all data to a single partition, this can cause serious performance degradation.
26/09/16 16:28:20 WARN WindowExec: No Partition Defined for Window operation! Moving all data to a single partition, this can cause serious performance degradation.
26/09/16 16:28:20 WARN WindowExec: No Partition Defined for Window operation! Moving all data to a single partition, this can cause serious performance degradation.
26/09/16 16:28:20 WARN WindowExec: No Partition Defined for Window operation! Moving all data to a single partition, this can cause serious performance degradation.
26/09/16 16:28:20 WARN WindowExec: No Partition Defined for Window operation! Moving all data to a single partition, this can cause serious performance degradation.
26/09/16 16:28:20 WARN WindowExec: No Partition Defined for Window operation! Moving all data to a single partition, this can cause serious performance degradation.
26/09/16 16:28:20 WARN WindowExec: No Partition Defined for Window operation! Moving all data to a single partition, this can cause serious performance degradation.
26/09/16 16:28:20 WARN WindowExec: No Partition Defined for Window operation! Moving all data to a single partition, this can cause serious performance degradation.
26/09/16 16:28:21 WARN WindowExec: No Partition Defined for Window operation! Moving all data to a single partition, this can cause serious performance degradation.
26/09/16 16:28:21 WARN WindowExec: No Partition Defined for Window operation! Moving all data to a single partition, this can cause serious performance degradation.
26/09/16 16:28:21 WARN WindowExec: No Partition Defined for Window operation! Moving all data to a single partition, this can cause serious performance degradation.
26/09/16 16:28:21 WARN WindowExec: No Partition Defined for Window operation! Moving all data to a single partition, this can cause serious performance degradation.
26/09/16 16:28:21 WARN WindowExec: No Partition Defined for Window operation! Moving all data to a single partition, this can cause serious performance degradation.
26/09/16 16:28:21 WARN WindowExec: No Partition Defined for Window operation! Moving all data to a single partition, this can cause serious performance degradation.
26/09/16 16:28:21 WARN WindowExec: No Partition Defined for Window operation! Moving all data to a single partition, this can cause serious performance degradation.
26/09/16 16:28:21 WARN WindowExec: No Partition Defined for Window operation! Moving all data to a single partition, this can cause serious performance degradation.
26/09/16 16:28:21 WARN WindowExec: No Partition Defined for Window operation! Moving all data to a single partition, this can cause serious performance degradation.
26/09/16 16:28:21 WARN WindowExec: No Partition Defined for Window operation! Moving all data to a single partition, this can cause serious performance degradation.
26/09/16 16:28:21 WARN WindowExec: No Partition Defined for Window operation! Moving all data to a single partition, this can cause serious performance degradation.
26/09/16 16:28:21 WARN WindowExec: No Partition Defined for Window operation! Moving all data to a single partition, this can cause serious performance degradation.
26/09/16 16:28:21 WARN WindowExec: No Partition Defined for Window operation! Moving all data to a single partition, this can cause serious performance degradation.
26/09/16 16:28:21 WARN WindowExec: No Partition Defined for Window operation! Moving all data to a single partition, this can cause serious performance degradation.
26/09/16 16:28:21 WARN WindowExec: No Partition Defined for Window operation! Moving all data to a single partition, this can cause serious performance degradation.
26/09/16 16:28:21 WARN WindowExec: No Partition Defined for Window operation! Moving all data to a single partition, this can cause serious performance degradation.
26/09/16 16:28:21 WARN WindowExec: No Partition Defined for Window operation! Moving all data to a single partition, this can cause serious performance degradation.
26/09/16 16:28:21 WARN WindowExec: No Partition Defined for Window operation! Moving all data to a single partition, this can cause serious performance degradation.
26/09/16 16:28:21 WARN WindowExec: No Partition Defined for Window operation! Moving all data to a single partition, this can cause serious performance degradation.
26/09/16 16:28:21 WARN WindowExec: No Partition Defined for Window operation! Moving all data to a single partition, this can cause serious performance degradation.
26/09/16 16:28:21 WARN WindowExec: No Partition Defined for Window operation! Moving all data to a single partition, this can cause serious performance degradation.
26/09/16 16:28:21 WARN WindowExec: No Partition Defined for Window operation! Moving all data to a single partition, this can cause serious performance degradation.
26/09/16 16:28:21 WARN WindowExec: No Partition Defined for Window operation! Moving all data to a single partition, this can cause serious performance degradation.
26/09/16 16:28:21 WARN WindowExec: No Partition Defined for Window operation! Moving all data to a single partition, this can cause serious performance degradation.
26/09/16 16:28:21 WARN WindowExec: No Partition Defined for Window operation! Moving all data to a single partition, this can cause serious performance degradation.
26/09/16 16:28:21 WARN WindowExec: No Partition Defined for Window operation! Moving all data to a single partition, this can cause serious performance degradation.
26/09/16 16:28:21 WARN WindowExec: No Partition Defined for Window operation! Moving all data to a single partition, this can cause serious performance degradation.
26/09/16 16:28:21 WARN WindowExec: No Partition Defined for Window operation! Moving all data to a single partition, this can cause serious performance degradation.
26/09/16 16:28:21 WARN WindowExec: No Partition Defined for Window operation! Moving all data to a single partition, this can cause serious performance degradation.
26/09/16 16:28:21 WARN WindowExec: No Partition Defined for Window operation! Moving all data to a single partition, this can cause serious performance degradation.
26/09/16 16:28:21 WARN WindowExec: No Partition Defined for Window operation! Moving all data to a single partition, this can cause serious performance degradation.
26/09/16 16:28:21 WARN WindowExec: No Partition Defined for Window operation! Moving all data to a single partition, this can cause serious performance degradation.
26/09/16 16:28:21 WARN WindowExec: No Partition Defined for Window operation! Moving all data to a single partition, this can cause serious performance degradation.
26/09/16 16:28:21 WARN WindowExec: No Partition Defined for Window operation! Moving all data to a single partition, this can cause serious performance degradation.
26/09/16 16:28:21 WARN WindowExec: No Partition Defined for Window operation! Moving all data to a single partition, this can cause serious performance degradation.
26/09/16 16:28:21 WARN WindowExec: No Partition Defined for Window operation! Moving all data to a single partition, this can cause serious performance degradation.
26/09/16 16:28:21 WARN WindowExec: No Partition Defined for Window operation! Moving all data to a single partition, this can cause serious performance degradation.
26/09/16 16:28:21 WARN WindowExec: No Partition Defined for Window operation! Moving all data to a single partition, this can cause serious performance degradation.
26/09/16 16:28:21 WARN WindowExec: No Partition Defined for Window operation! Moving all data to a single partition, this can cause serious performance degradation.
26/09/16 16:28:21 WARN WindowExec: No Partition Defined for Window operation! Moving all data to a single partition, this can cause serious performance degradation.
26/09/16 16:28:21 WARN WindowExec: No Partition Defined for Window operation! Moving all data to a single partition, this can cause serious performance degradation.
26/09/16 16:28:21 WARN WindowExec: No Partition Defined for Window operation! Moving all data to a single partition, this can cause serious performance degradation.
26/09/16 16:28:21 WARN WindowExec: No Partition Defined for Window operation! Moving all data to a single partition, this can cause serious performance degradation.
26/09/16 16:28:21 WARN WindowExec: No Partition Defined for Window operation! Moving all data to a single partition, this can cause serious performance degradation.
26/09/16 16:28:21 WARN WindowExec: No Partition Defined for Window operation! Moving all data to a single partition, this can cause serious performance degradation.
26/09/16 16:28:21 WARN WindowExec: No Partition Defined for Window operation! Moving all data to a single partition, this can cause serious performance degradation.
26/09/16 16:28:21 WARN WindowExec: No Partition Defined for Window operation! Moving all data to a single partition, this can cause serious performance degradation.
26/09/16 16:28:21 WARN WindowExec: No Partition Defined for Window operation! Moving all data to a single partition, this can cause serious performance degradation.
26/09/16 16:28:21 WARN WindowExec: No Partition Defined for Window operation! Moving all data to a single partition, this can cause serious performance degradation.
26/09/16 16:28:21 WARN WindowExec: No Partition Defined for Window operation! Moving all data to a single partition, this can cause serious performance degradation.

train rows: 2,104   test rows: 509

=== TRAINING ALS (rank=10, maxIter=10, regParam=0.1) ===
26/09/16 16:28:21 WARN WindowExec: No Partition Defined for Window operation! Moving all data to a single partition, this can cause serious performance degradation.
26/09/16 16:28:21 WARN WindowExec: No Partition Defined for Window operation! Moving all data to a single partition, this can cause serious performance degradation.
26/09/16 16:28:21 WARN WindowExec: No Partition Defined for Window operation! Moving all data to a single partition, this can cause serious performance degradation.
26/09/16 16:28:21 WARN WindowExec: No Partition Defined for Window operation! Moving all data to a single partition, this can cause serious performance degradation.
26/09/16 16:28:22 WARN WindowExec: No Partition Defined for Window operation! Moving all data to a single partition, this can cause serious performance degradation.
26/09/16 16:28:22 WARN WindowExec: No Partition Defined for Window operation! Moving all data to a single partition, this can cause serious performance degradation.
26/09/16 16:28:22 WARN WindowExec: No Partition Defined for Window operation! Moving all data to a single partition, this can cause serious performance degradation.
26/09/16 16:28:22 WARN WindowExec: No Partition Defined for Window operation! Moving all data to a single partition, this can cause serious performance degradation.
26/09/16 16:28:22 WARN WindowExec: No Partition Defined for Window operation! Moving all data to a single partition, this can cause serious performance degradation.
26/09/16 16:28:22 WARN WindowExec: No Partition Defined for Window operation! Moving all data to a single partition, this can cause serious performance degradation.
26/09/16 16:28:22 WARN WindowExec: No Partition Defined for Window operation! Moving all data to a single partition, this can cause serious performance degradation.
26/09/16 16:28:22 WARN WindowExec: No Partition Defined for Window operation! Moving all data to a single partition, this can cause serious performance degradation.
26/09/16 16:28:22 WARN WindowExec: No Partition Defined for Window operation! Moving all data to a single partition, this can cause serious performance degradation.
26/09/16 16:28:22 WARN WindowExec: No Partition Defined for Window operation! Moving all data to a single partition, this can cause serious performance degradation.
26/09/16 16:28:22 WARN WindowExec: No Partition Defined for Window operation! Moving all data to a single partition, this can cause serious performance degradation.
26/09/16 16:28:22 WARN WindowExec: No Partition Defined for Window operation! Moving all data to a single partition, this can cause serious performance degradation.
26/09/16 16:28:22 WARN WindowExec: No Partition Defined for Window operation! Moving all data to a single partition, this can cause serious performance degradation.
26/09/16 16:28:22 WARN WindowExec: No Partition Defined for Window operation! Moving all data to a single partition, this can cause serious performance degradation.
26/09/16 16:28:22 WARN WindowExec: No Partition Defined for Window operation! Moving all data to a single partition, this can cause serious performance degradation.
26/09/16 16:28:22 WARN WindowExec: No Partition Defined for Window operation! Moving all data to a single partition, this can cause serious performance degradation.
26/09/16 16:28:22 WARN WindowExec: No Partition Defined for Window operation! Moving all data to a single partition, this can cause serious performance degradation.
26/09/16 16:28:22 WARN WindowExec: No Partition Defined for Window operation! Moving all data to a single partition, this can cause serious performance degradation.
26/09/16 16:28:22 WARN WindowExec: No Partition Defined for Window operation! Moving all data to a single partition, this can cause serious performance degradation.
26/09/16 16:28:22 WARN WindowExec: No Partition Defined for Window operation! Moving all data to a single partition, this can cause serious performance degradation.
26/09/16 16:28:22 WARN WindowExec: No Partition Defined for Window operation! Moving all data to a single partition, this can cause serious performance degradation.
26/09/16 16:28:22 WARN WindowExec: No Partition Defined for Window operation! Moving all data to a single partition, this can cause serious performance degradation.
26/09/16 16:28:22 WARN WindowExec: No Partition Defined for Window operation! Moving all data to a single partition, this can cause serious performance degradation.
26/09/16 16:28:22 WARN WindowExec: No Partition Defined for Window operation! Moving all data to a single partition, this can cause serious performance degradation.
26/09/16 16:28:22 WARN WindowExec: No Partition Defined for Window operation! Moving all data to a single partition, this can cause serious performance degradation.
26/09/16 16:28:22 WARN WindowExec: No Partition Defined for Window operation! Moving all data to a single partition, this can cause serious performance degradation.
26/09/16 16:28:22 WARN WindowExec: No Partition Defined for Window operation! Moving all data to a single partition, this can cause serious performance degradation.
26/09/16 16:28:22 WARN WindowExec: No Partition Defined for Window operation! Moving all data to a single partition, this can cause serious performance degradation.
26/09/16 16:28:22 WARN WindowExec: No Partition Defined for Window operation! Moving all data to a single partition, this can cause serious performance degradation.
26/09/16 16:28:22 WARN WindowExec: No Partition Defined for Window operation! Moving all data to a single partition, this can cause serious performance degradation.
26/09/16 16:28:22 WARN WindowExec: No Partition Defined for Window operation! Moving all data to a single partition, this can cause serious performance degradation.
26/09/16 16:28:22 WARN WindowExec: No Partition Defined for Window operation! Moving all data to a single partition, this can cause serious performance degradation.
26/09/16 16:28:22 WARN WindowExec: No Partition Defined for Window operation! Moving all data to a single partition, this can cause serious performance degradation.
26/09/16 16:28:22 WARN WindowExec: No Partition Defined for Window operation! Moving all data to a single partition, this can cause serious performance degradation.
26/09/16 16:28:22 WARN WindowExec: No Partition Defined for Window operation! Moving all data to a single partition, this can cause serious performance degradation.
26/09/16 16:28:22 WARN WindowExec: No Partition Defined for Window operation! Moving all data to a single partition, this can cause serious performance degradation.
26/09/16 16:28:22 WARN WindowExec: No Partition Defined for Window operation! Moving all data to a single partition, this can cause serious performance degradation.
26/09/16 16:28:22 WARN WindowExec: No Partition Defined for Window operation! Moving all data to a single partition, this can cause serious performance degradation.
26/09/16 16:28:22 WARN WindowExec: No Partition Defined for Window operation! Moving all data to a single partition, this can cause serious performance degradation.
26/09/16 16:28:22 WARN WindowExec: No Partition Defined for Window operation! Moving all data to a single partition, this can cause serious performance degradation.
26/09/16 16:28:22 WARN WindowExec: No Partition Defined for Window operation! Moving all data to a single partition, this can cause serious performance degradation.
26/09/16 16:28:22 WARN WindowExec: No Partition Defined for Window operation! Moving all data to a single partition, this can cause serious performance degradation.
26/09/16 16:28:22 WARN WindowExec: No Partition Defined for Window operation! Moving all data to a single partition, this can cause serious performance degradation.
26/09/16 16:28:22 WARN WindowExec: No Partition Defined for Window operation! Moving all data to a single partition, this can cause serious performance degradation.
26/09/16 16:28:22 WARN WindowExec: No Partition Defined for Window operation! Moving all data to a single partition, this can cause serious performance degradation.
26/09/16 16:28:22 WARN WindowExec: No Partition Defined for Window operation! Moving all data to a single partition, this can cause serious performance degradation.
26/09/16 16:28:22 WARN WindowExec: No Partition Defined for Window operation! Moving all data to a single partition, this can cause serious performance degradation.
26/09/16 16:28:22 WARN WindowExec: No Partition Defined for Window operation! Moving all data to a single partition, this can cause serious performance degradation.
26/09/16 16:28:22 WARN WindowExec: No Partition Defined for Window operation! Moving all data to a single partition, this can cause serious performance degradation.
26/09/16 16:28:22 WARN WindowExec: No Partition Defined for Window operation! Moving all data to a single partition, this can cause serious performance degradation.
26/09/16 16:28:23 WARN WindowExec: No Partition Defined for Window operation! Moving all data to a single partition, this can cause serious performance degradation.
26/09/16 16:28:23 WARN WindowExec: No Partition Defined for Window operation! Moving all data to a single partition, this can cause serious performance degradation.
26/09/16 16:28:23 WARN WindowExec: No Partition Defined for Window operation! Moving all data to a single partition, this can cause serious performance degradation.
26/09/16 16:28:23 WARN WindowExec: No Partition Defined for Window operation! Moving all data to a single partition, this can cause serious performance degradation.
26/09/16 16:28:23 WARN WindowExec: No Partition Defined for Window operation! Moving all data to a single partition, this can cause serious performance degradation.
26/09/16 16:28:23 WARN WindowExec: No Partition Defined for Window operation! Moving all data to a single partition, this can cause serious performance degradation.
26/09/16 16:28:23 WARN WindowExec: No Partition Defined for Window operation! Moving all data to a single partition, this can cause serious performance degradation.
26/09/16 16:28:23 WARN WindowExec: No Partition Defined for Window operation! Moving all data to a single partition, this can cause serious performance degradation.
26/09/16 16:28:23 WARN WindowExec: No Partition Defined for Window operation! Moving all data to a single partition, this can cause serious performance degradation.
26/09/16 16:28:23 WARN WindowExec: No Partition Defined for Window operation! Moving all data to a single partition, this can cause serious performance degradation.
26/09/16 16:28:23 WARN WindowExec: No Partition Defined for Window operation! Moving all data to a single partition, this can cause serious performance degradation.
26/09/16 16:28:23 WARN WindowExec: No Partition Defined for Window operation! Moving all data to a single partition, this can cause serious performance degradation.
26/09/16 16:28:23 WARN WindowExec: No Partition Defined for Window operation! Moving all data to a single partition, this can cause serious performance degradation.
26/09/16 16:28:23 WARN WindowExec: No Partition Defined for Window operation! Moving all data to a single partition, this can cause serious performance degradation.
26/09/16 16:28:23 WARN WindowExec: No Partition Defined for Window operation! Moving all data to a single partition, this can cause serious performance degradation.
26/09/16 16:28:23 WARN WindowExec: No Partition Defined for Window operation! Moving all data to a single partition, this can cause serious performance degradation.
26/09/16 16:28:23 WARN WindowExec: No Partition Defined for Window operation! Moving all data to a single partition, this can cause serious performance degradation.
26/09/16 16:28:23 WARN WindowExec: No Partition Defined for Window operation! Moving all data to a single partition, this can cause serious performance degradation.
26/09/16 16:28:23 WARN WindowExec: No Partition Defined for Window operation! Moving all data to a single partition, this can cause serious performance degradation.
26/09/16 16:28:23 WARN WindowExec: No Partition Defined for Window operation! Moving all data to a single partition, this can cause serious performance degradation.
26/09/16 16:28:23 WARN WindowExec: No Partition Defined for Window operation! Moving all data to a single partition, this can cause serious performance degradation.
26/09/16 16:28:23 WARN WindowExec: No Partition Defined for Window operation! Moving all data to a single partition, this can cause serious performance degradation.
26/09/16 16:28:23 WARN WindowExec: No Partition Defined for Window operation! Moving all data to a single partition, this can cause serious performance degradation.
26/09/16 16:28:23 WARN WindowExec: No Partition Defined for Window operation! Moving all data to a single partition, this can cause serious performance degradation.
26/09/16 16:28:23 WARN WindowExec: No Partition Defined for Window operation! Moving all data to a single partition, this can cause serious performance degradation.
26/09/16 16:28:23 WARN WindowExec: No Partition Defined for Window operation! Moving all data to a single partition, this can cause serious performance degradation.
26/09/16 16:28:23 WARN WindowExec: No Partition Defined for Window operation! Moving all data to a single partition, this can cause serious performance degradation.
26/09/16 16:28:23 WARN WindowExec: No Partition Defined for Window operation! Moving all data to a single partition, this can cause serious performance degradation.
26/09/16 16:28:23 WARN WindowExec: No Partition Defined for Window operation! Moving all data to a single partition, this can cause serious performance degradation.
26/09/16 16:28:23 WARN WindowExec: No Partition Defined for Window operation! Moving all data to a single partition, this can cause serious performance degradation.
26/09/16 16:28:23 WARN WindowExec: No Partition Defined for Window operation! Moving all data to a single partition, this can cause serious performance degradation.
26/09/16 16:28:23 WARN WindowExec: No Partition Defined for Window operation! Moving all data to a single partition, this can cause serious performance degradation.
26/09/16 16:28:23 WARN WindowExec: No Partition Defined for Window operation! Moving all data to a single partition, this can cause serious performance degradation.
26/09/16 16:28:23 WARN WindowExec: No Partition Defined for Window operation! Moving all data to a single partition, this can cause serious performance degradation.
26/09/16 16:28:23 WARN WindowExec: No Partition Defined for Window operation! Moving all data to a single partition, this can cause serious performance degradation.
26/09/16 16:28:23 WARN WindowExec: No Partition Defined for Window operation! Moving all data to a single partition, this can cause serious performance degradation.
26/09/16 16:28:23 WARN WindowExec: No Partition Defined for Window operation! Moving all data to a single partition, this can cause serious performance degradation.
26/09/16 16:28:23 WARN WindowExec: No Partition Defined for Window operation! Moving all data to a single partition, this can cause serious performance degradation.
26/09/16 16:28:23 WARN WindowExec: No Partition Defined for Window operation! Moving all data to a single partition, this can cause serious performance degradation.
26/09/16 16:28:23 WARN WindowExec: No Partition Defined for Window operation! Moving all data to a single partition, this can cause serious performance degradation.
26/09/16 16:28:23 WARN WindowExec: No Partition Defined for Window operation! Moving all data to a single partition, this can cause serious performance degradation.
26/09/16 16:28:23 WARN WindowExec: No Partition Defined for Window operation! Moving all data to a single partition, this can cause serious performance degradation.
26/09/16 16:28:23 WARN WindowExec: No Partition Defined for Window operation! Moving all data to a single partition, this can cause serious performance degradation.
26/09/16 16:28:23 WARN WindowExec: No Partition Defined for Window operation! Moving all data to a single partition, this can cause serious performance degradation.
26/09/16 16:28:23 WARN WindowExec: No Partition Defined for Window operation! Moving all data to a single partition, this can cause serious performance degradation.
26/09/16 16:28:23 WARN WindowExec: No Partition Defined for Window operation! Moving all data to a single partition, this can cause serious performance degradation.
26/09/16 16:28:23 WARN WindowExec: No Partition Defined for Window operation! Moving all data to a single partition, this can cause serious performance degradation.
26/09/16 16:28:23 WARN WindowExec: No Partition Defined for Window operation! Moving all data to a single partition, this can cause serious performance degradation.
26/09/16 16:28:23 WARN WindowExec: No Partition Defined for Window operation! Moving all data to a single partition, this can cause serious performance degradation.
26/09/16 16:28:23 WARN WindowExec: No Partition Defined for Window operation! Moving all data to a single partition, this can cause serious performance degradation.
26/09/16 16:28:23 WARN WindowExec: No Partition Defined for Window operation! Moving all data to a single partition, this can cause serious performance degradation.
26/09/16 16:28:23 WARN WindowExec: No Partition Defined for Window operation! Moving all data to a single partition, this can cause serious performance degradation.
26/09/16 16:28:23 WARN WindowExec: No Partition Defined for Window operation! Moving all data to a single partition, this can cause serious performance degradation.
26/09/16 16:28:23 WARN WindowExec: No Partition Defined for Window operation! Moving all data to a single partition, this can cause serious performance degradation.
26/09/16 16:28:25 WARN WindowExec: No Partition Defined for Window operation! Moving all data to a single partition, this can cause serious performance degradation.
26/09/16 16:28:25 WARN WindowExec: No Partition Defined for Window operation! Moving all data to a single partition, this can cause serious performance degradation.
26/09/16 16:28:25 WARN WindowExec: No Partition Defined for Window operation! Moving all data to a single partition, this can cause serious performance degradation.
26/09/16 16:28:25 WARN WindowExec: No Partition Defined for Window operation! Moving all data to a single partition, this can cause serious performance degradation.
26/09/16 16:28:25 WARN WindowExec: No Partition Defined for Window operation! Moving all data to a single partition, this can cause serious performance degradation.
26/09/16 16:28:25 WARN WindowExec: No Partition Defined for Window operation! Moving all data to a single partition, this can cause serious performance degradation.
26/09/16 16:28:25 WARN WindowExec: No Partition Defined for Window operation! Moving all data to a single partition, this can cause serious performance degradation.
26/09/16 16:28:25 WARN WindowExec: No Partition Defined for Window operation! Moving all data to a single partition, this can cause serious performance degradation.
26/09/16 16:28:25 WARN WindowExec: No Partition Defined for Window operation! Moving all data to a single partition, this can cause serious performance degradation.
26/09/16 16:28:25 WARN WindowExec: No Partition Defined for Window operation! Moving all data to a single partition, this can cause serious performance degradation.
26/09/16 16:28:25 WARN WindowExec: No Partition Defined for Window operation! Moving all data to a single partition, this can cause serious performance degradation.
26/09/16 16:28:25 WARN WindowExec: No Partition Defined for Window operation! Moving all data to a single partition, this can cause serious performance degradation.
26/09/16 16:28:25 WARN WindowExec: No Partition Defined for Window operation! Moving all data to a single partition, this can cause serious performance degradation.
26/09/16 16:28:25 WARN WindowExec: No Partition Defined for Window operation! Moving all data to a single partition, this can cause serious performance degradation.
26/09/16 16:28:25 WARN WindowExec: No Partition Defined for Window operation! Moving all data to a single partition, this can cause serious performance degradation.
26/09/16 16:28:25 WARN WindowExec: No Partition Defined for Window operation! Moving all data to a single partition, this can cause serious performance degradation.
26/09/16 16:28:25 WARN WindowExec: No Partition Defined for Window operation! Moving all data to a single partition, this can cause serious performance degradation.
26/09/16 16:28:25 WARN WindowExec: No Partition Defined for Window operation! Moving all data to a single partition, this can cause serious performance degradation.
26/09/16 16:28:25 WARN WindowExec: No Partition Defined for Window operation! Moving all data to a single partition, this can cause serious performance degradation.
26/09/16 16:28:25 WARN WindowExec: No Partition Defined for Window operation! Moving all data to a single partition, this can cause serious performance degradation.
26/09/16 16:28:25 WARN WindowExec: No Partition Defined for Window operation! Moving all data to a single partition, this can cause serious performance degradation.
26/09/16 16:28:25 WARN WindowExec: No Partition Defined for Window operation! Moving all data to a single partition, this can cause serious performance degradation.
26/09/16 16:28:25 WARN WindowExec: No Partition Defined for Window operation! Moving all data to a single partition, this can cause serious performance degradation.
26/09/16 16:28:25 WARN WindowExec: No Partition Defined for Window operation! Moving all data to a single partition, this can cause serious performance degradation.
26/09/16 16:28:25 WARN WindowExec: No Partition Defined for Window operation! Moving all data to a single partition, this can cause serious performance degradation.
26/09/16 16:28:25 WARN WindowExec: No Partition Defined for Window operation! Moving all data to a single partition, this can cause serious performance degradation.
26/09/16 16:28:25 WARN WindowExec: No Partition Defined for Window operation! Moving all data to a single partition, this can cause serious performance degradation.
26/09/16 16:28:25 WARN WindowExec: No Partition Defined for Window operation! Moving all data to a single partition, this can cause serious performance degradation.
26/09/16 16:28:26 WARN WindowExec: No Partition Defined for Window operation! Moving all data to a single partition, this can cause serious performance degradation.
26/09/16 16:28:26 WARN WindowExec: No Partition Defined for Window operation! Moving all data to a single partition, this can cause serious performance degradation.
26/09/16 16:28:26 WARN WindowExec: No Partition Defined for Window operation! Moving all data to a single partition, this can cause serious performance degradation.
26/09/16 16:28:26 WARN WindowExec: No Partition Defined for Window operation! Moving all data to a single partition, this can cause serious performance degradation.
26/09/16 16:28:26 WARN WindowExec: No Partition Defined for Window operation! Moving all data to a single partition, this can cause serious performance degradation.
26/09/16 16:28:26 WARN WindowExec: No Partition Defined for Window operation! Moving all data to a single partition, this can cause serious performance degradation.
26/09/16 16:28:26 WARN WindowExec: No Partition Defined for Window operation! Moving all data to a single partition, this can cause serious performance degradation.
26/09/16 16:28:26 WARN WindowExec: No Partition Defined for Window operation! Moving all data to a single partition, this can cause serious performance degradation.
26/09/16 16:28:26 WARN WindowExec: No Partition Defined for Window operation! Moving all data to a single partition, this can cause serious performance degradation.
26/09/16 16:28:26 WARN WindowExec: No Partition Defined for Window operation! Moving all data to a single partition, this can cause serious performance degradation.
26/09/16 16:28:26 WARN WindowExec: No Partition Defined for Window operation! Moving all data to a single partition, this can cause serious performance degradation.
26/09/16 16:28:26 WARN WindowExec: No Partition Defined for Window operation! Moving all data to a single partition, this can cause serious performance degradation.
26/09/16 16:28:26 WARN WindowExec: No Partition Defined for Window operation! Moving all data to a single partition, this can cause serious performance degradation.
26/09/16 16:28:26 WARN WindowExec: No Partition Defined for Window operation! Moving all data to a single partition, this can cause serious performance degradation.
26/09/16 16:28:26 WARN WindowExec: No Partition Defined for Window operation! Moving all data to a single partition, this can cause serious performance degradation.
26/09/16 16:28:26 WARN WindowExec: No Partition Defined for Window operation! Moving all data to a single partition, this can cause serious performance degradation.
26/09/16 16:28:26 WARN WindowExec: No Partition Defined for Window operation! Moving all data to a single partition, this can cause serious performance degradation.
26/09/16 16:28:26 WARN WindowExec: No Partition Defined for Window operation! Moving all data to a single partition, this can cause serious performance degradation.
26/09/16 16:28:26 WARN WindowExec: No Partition Defined for Window operation! Moving all data to a single partition, this can cause serious performance degradation.
26/09/16 16:28:26 WARN WindowExec: No Partition Defined for Window operation! Moving all data to a single partition, this can cause serious performance degradation.
26/09/16 16:28:26 WARN WindowExec: No Partition Defined for Window operation! Moving all data to a single partition, this can cause serious performance degradation.
26/09/16 16:28:26 WARN WindowExec: No Partition Defined for Window operation! Moving all data to a single partition, this can cause serious performance degradation.
26/09/16 16:28:26 WARN WindowExec: No Partition Defined for Window operation! Moving all data to a single partition, this can cause serious performance degradation.
26/09/16 16:28:26 WARN WindowExec: No Partition Defined for Window operation! Moving all data to a single partition, this can cause serious performance degradation.
26/09/16 16:28:26 WARN WindowExec: No Partition Defined for Window operation! Moving all data to a single partition, this can cause serious performance degradation.
26/09/16 16:28:26 WARN WindowExec: No Partition Defined for Window operation! Moving all data to a single partition, this can cause serious performance degradation.
26/09/16 16:28:26 WARN WindowExec: No Partition Defined for Window operation! Moving all data to a single partition, this can cause serious performance degradation.
26/09/16 16:28:26 WARN WindowExec: No Partition Defined for Window operation! Moving all data to a single partition, this can cause serious performance degradation.
26/09/16 16:28:26 WARN WindowExec: No Partition Defined for Window operation! Moving all data to a single partition, this can cause serious performance degradation.
26/09/16 16:28:26 WARN WindowExec: No Partition Defined for Window operation! Moving all data to a single partition, this can cause serious performance degradation.
26/09/16 16:28:26 WARN WindowExec: No Partition Defined for Window operation! Moving all data to a single partition, this can cause serious performance degradation.
26/09/16 16:28:26 WARN WindowExec: No Partition Defined for Window operation! Moving all data to a single partition, this can cause serious performance degradation.
26/09/16 16:28:26 WARN WindowExec: No Partition Defined for Window operation! Moving all data to a single partition, this can cause serious performance degradation.
26/09/16 16:28:26 WARN WindowExec: No Partition Defined for Window operation! Moving all data to a single partition, this can cause serious performance degradation.
26/09/16 16:28:26 WARN WindowExec: No Partition Defined for Window operation! Moving all data to a single partition, this can cause serious performance degradation.
26/09/16 16:28:26 WARN WindowExec: No Partition Defined for Window operation! Moving all data to a single partition, this can cause serious performance degradation.
26/09/16 16:28:26 WARN WindowExec: No Partition Defined for Window operation! Moving all data to a single partition, this can cause serious performance degradation.
26/09/16 16:28:26 WARN WindowExec: No Partition Defined for Window operation! Moving all data to a single partition, this can cause serious performance degradation.
RMSE on held-out interactions: 0.9702
26/09/16 16:28:26 WARN WindowExec: No Partition Defined for Window operation! Moving all data to a single partition, this can cause serious performance degradation.
26/09/16 16:28:26 WARN WindowExec: No Partition Defined for Window operation! Moving all data to a single partition, this can cause serious performance degradation.
26/09/16 16:28:26 WARN WindowExec: No Partition Defined for Window operation! Moving all data to a single partition, this can cause serious performance degradation.
26/09/16 16:28:26 WARN WindowExec: No Partition Defined for Window operation! Moving all data to a single partition, this can cause serious performance degradation.
26/09/16 16:28:27 WARN WindowExec: No Partition Defined for Window operation! Moving all data to a single partition, this can cause serious performance degradation.
26/09/16 16:28:27 WARN WindowExec: No Partition Defined for Window operation! Moving all data to a single partition, this can cause serious performance degradation.
26/09/16 16:28:27 WARN WindowExec: No Partition Defined for Window operation! Moving all data to a single partition, this can cause serious performance degradation.
26/09/16 16:28:27 WARN WindowExec: No Partition Defined for Window operation! Moving all data to a single partition, this can cause serious performance degradation.
26/09/16 16:28:27 WARN WindowExec: No Partition Defined for Window operation! Moving all data to a single partition, this can cause serious performance degradation.
26/09/16 16:28:27 WARN WindowExec: No Partition Defined for Window operation! Moving all data to a single partition, this can cause serious performance degradation.
26/09/16 16:28:27 WARN WindowExec: No Partition Defined for Window operation! Moving all data to a single partition, this can cause serious performance degradation.
26/09/16 16:28:27 WARN WindowExec: No Partition Defined for Window operation! Moving all data to a single partition, this can cause serious performance degradation.
26/09/16 16:28:27 WARN WindowExec: No Partition Defined for Window operation! Moving all data to a single partition, this can cause serious performance degradation.
26/09/16 16:28:27 WARN WindowExec: No Partition Defined for Window operation! Moving all data to a single partition, this can cause serious performance degradation.
26/09/16 16:28:27 WARN WindowExec: No Partition Defined for Window operation! Moving all data to a single partition, this can cause serious performance degradation.
26/09/16 16:28:27 WARN WindowExec: No Partition Defined for Window operation! Moving all data to a single partition, this can cause serious performance degradation.
26/09/16 16:28:27 WARN WindowExec: No Partition Defined for Window operation! Moving all data to a single partition, this can cause serious performance degradation.
26/09/16 16:28:27 WARN WindowExec: No Partition Defined for Window operation! Moving all data to a single partition, this can cause serious performance degradation.
26/09/16 16:28:27 WARN WindowExec: No Partition Defined for Window operation! Moving all data to a single partition, this can cause serious performance degradation.
26/09/16 16:28:27 WARN WindowExec: No Partition Defined for Window operation! Moving all data to a single partition, this can cause serious performance degradation.
26/09/16 16:28:27 WARN WindowExec: No Partition Defined for Window operation! Moving all data to a single partition, this can cause serious performance degradation.
26/09/16 16:28:27 WARN WindowExec: No Partition Defined for Window operation! Moving all data to a single partition, this can cause serious performance degradation.
26/09/16 16:28:27 WARN WindowExec: No Partition Defined for Window operation! Moving all data to a single partition, this can cause serious performance degradation.
26/09/16 16:28:27 WARN WindowExec: No Partition Defined for Window operation! Moving all data to a single partition, this can cause serious performance degradation.
26/09/16 16:28:27 WARN WindowExec: No Partition Defined for Window operation! Moving all data to a single partition, this can cause serious performance degradation.
26/09/16 16:28:27 WARN WindowExec: No Partition Defined for Window operation! Moving all data to a single partition, this can cause serious performance degradation.
26/09/16 16:28:27 WARN WindowExec: No Partition Defined for Window operation! Moving all data to a single partition, this can cause serious performance degradation.
26/09/16 16:28:27 WARN WindowExec: No Partition Defined for Window operation! Moving all data to a single partition, this can cause serious performance degradation.
26/09/16 16:28:27 WARN WindowExec: No Partition Defined for Window operation! Moving all data to a single partition, this can cause serious performance degradation.
26/09/16 16:28:27 WARN WindowExec: No Partition Defined for Window operation! Moving all data to a single partition, this can cause serious performance degradation.
26/09/16 16:28:27 WARN WindowExec: No Partition Defined for Window operation! Moving all data to a single partition, this can cause serious performance degradation.
26/09/16 16:28:27 WARN WindowExec: No Partition Defined for Window operation! Moving all data to a single partition, this can cause serious performance degradation.
26/09/16 16:28:27 WARN WindowExec: No Partition Defined for Window operation! Moving all data to a single partition, this can cause serious performance degradation.
26/09/16 16:28:27 WARN WindowExec: No Partition Defined for Window operation! Moving all data to a single partition, this can cause serious performance degradation.
26/09/16 16:28:27 WARN WindowExec: No Partition Defined for Window operation! Moving all data to a single partition, this can cause serious performance degradation.
26/09/16 16:28:27 WARN WindowExec: No Partition Defined for Window operation! Moving all data to a single partition, this can cause serious performance degradation.
26/09/16 16:28:27 WARN WindowExec: No Partition Defined for Window operation! Moving all data to a single partition, this can cause serious performance degradation.
26/09/16 16:28:27 WARN WindowExec: No Partition Defined for Window operation! Moving all data to a single partition, this can cause serious performance degradation.
26/09/16 16:28:27 WARN WindowExec: No Partition Defined for Window operation! Moving all data to a single partition, this can cause serious performance degradation.
26/09/16 16:28:27 WARN WindowExec: No Partition Defined for Window operation! Moving all data to a single partition, this can cause serious performance degradation.
26/09/16 16:28:27 WARN WindowExec: No Partition Defined for Window operation! Moving all data to a single partition, this can cause serious performance degradation.
26/09/16 16:28:27 WARN WindowExec: No Partition Defined for Window operation! Moving all data to a single partition, this can cause serious performance degradation.
26/09/16 16:28:27 WARN WindowExec: No Partition Defined for Window operation! Moving all data to a single partition, this can cause serious performance degradation.
26/09/16 16:28:27 WARN WindowExec: No Partition Defined for Window operation! Moving all data to a single partition, this can cause serious performance degradation.
26/09/16 16:28:27 WARN WindowExec: No Partition Defined for Window operation! Moving all data to a single partition, this can cause serious performance degradation.
26/09/16 16:28:27 WARN WindowExec: No Partition Defined for Window operation! Moving all data to a single partition, this can cause serious performance degradation.
26/09/16 16:28:27 WARN WindowExec: No Partition Defined for Window operation! Moving all data to a single partition, this can cause serious performance degradation.
26/09/16 16:28:27 WARN WindowExec: No Partition Defined for Window operation! Moving all data to a single partition, this can cause serious performance degradation.
26/09/16 16:28:27 WARN WindowExec: No Partition Defined for Window operation! Moving all data to a single partition, this can cause serious performance degradation.
26/09/16 16:28:27 WARN WindowExec: No Partition Defined for Window operation! Moving all data to a single partition, this can cause serious performance degradation.
26/09/16 16:28:27 WARN WindowExec: No Partition Defined for Window operation! Moving all data to a single partition, this can cause serious performance degradation.
26/09/16 16:28:27 WARN WindowExec: No Partition Defined for Window operation! Moving all data to a single partition, this can cause serious performance degradation.
26/09/16 16:28:27 WARN WindowExec: No Partition Defined for Window operation! Moving all data to a single partition, this can cause serious performance degradation.
26/09/16 16:28:27 WARN WindowExec: No Partition Defined for Window operation! Moving all data to a single partition, this can cause serious performance degradation.
26/09/16 16:28:28 WARN WindowExec: No Partition Defined for Window operation! Moving all data to a single partition, this can cause serious performance degradation.
26/09/16 16:28:28 WARN WindowExec: No Partition Defined for Window operation! Moving all data to a single partition, this can cause serious performance degradation.
26/09/16 16:28:28 WARN WindowExec: No Partition Defined for Window operation! Moving all data to a single partition, this can cause serious performance degradation.
26/09/16 16:28:28 WARN WindowExec: No Partition Defined for Window operation! Moving all data to a single partition, this can cause serious performance degradation.
26/09/16 16:28:28 WARN WindowExec: No Partition Defined for Window operation! Moving all data to a single partition, this can cause serious performance degradation.
26/09/16 16:28:28 WARN WindowExec: No Partition Defined for Window operation! Moving all data to a single partition, this can cause serious performance degradation.
26/09/16 16:28:28 WARN WindowExec: No Partition Defined for Window operation! Moving all data to a single partition, this can cause serious performance degradation.
26/09/16 16:28:28 WARN WindowExec: No Partition Defined for Window operation! Moving all data to a single partition, this can cause serious performance degradation.
26/09/16 16:28:28 WARN WindowExec: No Partition Defined for Window operation! Moving all data to a single partition, this can cause serious performance degradation.
26/09/16 16:28:28 WARN WindowExec: No Partition Defined for Window operation! Moving all data to a single partition, this can cause serious performance degradation.
26/09/16 16:28:28 WARN WindowExec: No Partition Defined for Window operation! Moving all data to a single partition, this can cause serious performance degradation.
26/09/16 16:28:28 WARN WindowExec: No Partition Defined for Window operation! Moving all data to a single partition, this can cause serious performance degradation.
26/09/16 16:28:28 WARN WindowExec: No Partition Defined for Window operation! Moving all data to a single partition, this can cause serious performance degradation.
26/09/16 16:28:28 WARN WindowExec: No Partition Defined for Window operation! Moving all data to a single partition, this can cause serious performance degradation.
26/09/16 16:28:28 WARN WindowExec: No Partition Defined for Window operation! Moving all data to a single partition, this can cause serious performance degradation.
26/09/16 16:28:28 WARN WindowExec: No Partition Defined for Window operation! Moving all data to a single partition, this can cause serious performance degradation.
26/09/16 16:28:28 WARN WindowExec: No Partition Defined for Window operation! Moving all data to a single partition, this can cause serious performance degradation.
26/09/16 16:28:28 WARN WindowExec: No Partition Defined for Window operation! Moving all data to a single partition, this can cause serious performance degradation.
26/09/16 16:28:28 WARN WindowExec: No Partition Defined for Window operation! Moving all data to a single partition, this can cause serious performance degradation.
26/09/16 16:28:28 WARN WindowExec: No Partition Defined for Window operation! Moving all data to a single partition, this can cause serious performance degradation.
26/09/16 16:28:28 WARN WindowExec: No Partition Defined for Window operation! Moving all data to a single partition, this can cause serious performance degradation.
26/09/16 16:28:28 WARN WindowExec: No Partition Defined for Window operation! Moving all data to a single partition, this can cause serious performance degradation.
26/09/16 16:28:28 WARN WindowExec: No Partition Defined for Window operation! Moving all data to a single partition, this can cause serious performance degradation.
26/09/16 16:28:28 WARN WindowExec: No Partition Defined for Window operation! Moving all data to a single partition, this can cause serious performance degradation.
26/09/16 16:28:28 WARN WindowExec: No Partition Defined for Window operation! Moving all data to a single partition, this can cause serious performance degradation.
26/09/16 16:28:28 WARN WindowExec: No Partition Defined for Window operation! Moving all data to a single partition, this can cause serious performance degradation.
26/09/16 16:28:28 WARN WindowExec: No Partition Defined for Window operation! Moving all data to a single partition, this can cause serious performance degradation.
26/09/16 16:28:28 WARN WindowExec: No Partition Defined for Window operation! Moving all data to a single partition, this can cause serious performance degradation.
26/09/16 16:28:28 WARN WindowExec: No Partition Defined for Window operation! Moving all data to a single partition, this can cause serious performance degradation.
26/09/16 16:28:28 WARN WindowExec: No Partition Defined for Window operation! Moving all data to a single partition, this can cause serious performance degradation.
26/09/16 16:28:28 WARN WindowExec: No Partition Defined for Window operation! Moving all data to a single partition, this can cause serious performance degradation.
26/09/16 16:28:28 WARN WindowExec: No Partition Defined for Window operation! Moving all data to a single partition, this can cause serious performance degradation.
26/09/16 16:28:28 WARN WindowExec: No Partition Defined for Window operation! Moving all data to a single partition, this can cause serious performance degradation.
26/09/16 16:28:28 WARN WindowExec: No Partition Defined for Window operation! Moving all data to a single partition, this can cause serious performance degradation.
26/09/16 16:28:28 WARN WindowExec: No Partition Defined for Window operation! Moving all data to a single partition, this can cause serious performance degradation.
26/09/16 16:28:28 WARN WindowExec: No Partition Defined for Window operation! Moving all data to a single partition, this can cause serious performance degradation.
26/09/16 16:28:28 WARN WindowExec: No Partition Defined for Window operation! Moving all data to a single partition, this can cause serious performance degradation.
26/09/16 16:28:28 WARN WindowExec: No Partition Defined for Window operation! Moving all data to a single partition, this can cause serious performance degradation.
26/09/16 16:28:28 WARN WindowExec: No Partition Defined for Window operation! Moving all data to a single partition, this can cause serious performance degradation.
26/09/16 16:28:28 WARN WindowExec: No Partition Defined for Window operation! Moving all data to a single partition, this can cause serious performance degradation.
26/09/16 16:28:28 WARN WindowExec: No Partition Defined for Window operation! Moving all data to a single partition, this can cause serious performance degradation.
26/09/16 16:28:28 WARN WindowExec: No Partition Defined for Window operation! Moving all data to a single partition, this can cause serious performance degradation.
26/09/16 16:28:28 WARN WindowExec: No Partition Defined for Window operation! Moving all data to a single partition, this can cause serious performance degradation.
26/09/16 16:28:28 WARN WindowExec: No Partition Defined for Window operation! Moving all data to a single partition, this can cause serious performance degradation.
26/09/16 16:28:28 WARN WindowExec: No Partition Defined for Window operation! Moving all data to a single partition, this can cause serious performance degradation.
26/09/16 16:28:28 WARN WindowExec: No Partition Defined for Window operation! Moving all data to a single partition, this can cause serious performance degradation.
26/09/16 16:28:28 WARN WindowExec: No Partition Defined for Window operation! Moving all data to a single partition, this can cause serious performance degradation.
26/09/16 16:28:28 WARN WindowExec: No Partition Defined for Window operation! Moving all data to a single partition, this can cause serious performance degradation.
26/09/16 16:28:28 WARN WindowExec: No Partition Defined for Window operation! Moving all data to a single partition, this can cause serious performance degradation.
26/09/16 16:28:28 WARN WindowExec: No Partition Defined for Window operation! Moving all data to a single partition, this can cause serious performance degradation.
RMSE of global-mean baseline  : 0.9324
improvement over baseline     : -4.05%
/opt/homebrew/opt/apache-spark/libexec/python/lib/pyspark.zip/pyspark/sql/pandas/conversion.py:298: FutureWarning: PySpark does not yet fully support pandas >= 3.0.0. Some features may not work correctly. It is recommended to use pandas < 3.0.0 for now.
/opt/homebrew/opt/apache-spark/libexec/python/lib/pyspark.zip/pyspark/sql/pandas/conversion.py:348: UserWarning: toPandas attempted Arrow optimization because 'spark.sql.execution.arrow.pyspark.enabled' is set to true; however, failed by the reason below:
  [PACKAGE_NOT_INSTALLED] PyArrow >= 18.0.0 must be installed; however, it was not found.
Attempting non-optimization as 'spark.sql.execution.arrow.pyspark.fallback.enabled' is set to true.
26/09/16 16:28:28 WARN WindowExec: No Partition Defined for Window operation! Moving all data to a single partition, this can cause serious performance degradation.
26/09/16 16:28:28 WARN WindowExec: No Partition Defined for Window operation! Moving all data to a single partition, this can cause serious performance degradation.
26/09/16 16:28:28 WARN WindowExec: No Partition Defined for Window operation! Moving all data to a single partition, this can cause serious performance degradation.
26/09/16 16:28:28 WARN WindowExec: No Partition Defined for Window operation! Moving all data to a single partition, this can cause serious performance degradation.
26/09/16 16:28:29 WARN WindowExec: No Partition Defined for Window operation! Moving all data to a single partition, this can cause serious performance degradation.
26/09/16 16:28:29 WARN WindowExec: No Partition Defined for Window operation! Moving all data to a single partition, this can cause serious performance degradation.
26/09/16 16:28:29 WARN WindowExec: No Partition Defined for Window operation! Moving all data to a single partition, this can cause serious performance degradation.
26/09/16 16:28:29 WARN WindowExec: No Partition Defined for Window operation! Moving all data to a single partition, this can cause serious performance degradation.
26/09/16 16:28:29 WARN WindowExec: No Partition Defined for Window operation! Moving all data to a single partition, this can cause serious performance degradation.
26/09/16 16:28:29 WARN WindowExec: No Partition Defined for Window operation! Moving all data to a single partition, this can cause serious performance degradation.
26/09/16 16:28:29 WARN WindowExec: No Partition Defined for Window operation! Moving all data to a single partition, this can cause serious performance degradation.
26/09/16 16:28:29 WARN WindowExec: No Partition Defined for Window operation! Moving all data to a single partition, this can cause serious performance degradation.
26/09/16 16:28:29 WARN WindowExec: No Partition Defined for Window operation! Moving all data to a single partition, this can cause serious performance degradation.
26/09/16 16:28:29 WARN WindowExec: No Partition Defined for Window operation! Moving all data to a single partition, this can cause serious performance degradation.
26/09/16 16:28:29 WARN WindowExec: No Partition Defined for Window operation! Moving all data to a single partition, this can cause serious performance degradation.
26/09/16 16:28:29 WARN WindowExec: No Partition Defined for Window operation! Moving all data to a single partition, this can cause serious performance degradation.
26/09/16 16:28:29 WARN WindowExec: No Partition Defined for Window operation! Moving all data to a single partition, this can cause serious performance degradation.
26/09/16 16:28:29 WARN WindowExec: No Partition Defined for Window operation! Moving all data to a single partition, this can cause serious performance degradation.
26/09/16 16:28:29 WARN WindowExec: No Partition Defined for Window operation! Moving all data to a single partition, this can cause serious performance degradation.
26/09/16 16:28:29 WARN WindowExec: No Partition Defined for Window operation! Moving all data to a single partition, this can cause serious performance degradation.
26/09/16 16:28:29 WARN WindowExec: No Partition Defined for Window operation! Moving all data to a single partition, this can cause serious performance degradation.
26/09/16 16:28:29 WARN WindowExec: No Partition Defined for Window operation! Moving all data to a single partition, this can cause serious performance degradation.
26/09/16 16:28:29 WARN WindowExec: No Partition Defined for Window operation! Moving all data to a single partition, this can cause serious performance degradation.
26/09/16 16:28:29 WARN WindowExec: No Partition Defined for Window operation! Moving all data to a single partition, this can cause serious performance degradation.
26/09/16 16:28:29 WARN WindowExec: No Partition Defined for Window operation! Moving all data to a single partition, this can cause serious performance degradation.
26/09/16 16:28:29 WARN WindowExec: No Partition Defined for Window operation! Moving all data to a single partition, this can cause serious performance degradation.
26/09/16 16:28:29 WARN WindowExec: No Partition Defined for Window operation! Moving all data to a single partition, this can cause serious performance degradation.
26/09/16 16:28:29 WARN WindowExec: No Partition Defined for Window operation! Moving all data to a single partition, this can cause serious performance degradation.
26/09/16 16:28:29 WARN WindowExec: No Partition Defined for Window operation! Moving all data to a single partition, this can cause serious performance degradation.
26/09/16 16:28:29 WARN WindowExec: No Partition Defined for Window operation! Moving all data to a single partition, this can cause serious performance degradation.
26/09/16 16:28:29 WARN WindowExec: No Partition Defined for Window operation! Moving all data to a single partition, this can cause serious performance degradation.
26/09/16 16:28:29 WARN WindowExec: No Partition Defined for Window operation! Moving all data to a single partition, this can cause serious performance degradation.
26/09/16 16:28:29 WARN WindowExec: No Partition Defined for Window operation! Moving all data to a single partition, this can cause serious performance degradation.
26/09/16 16:28:29 WARN WindowExec: No Partition Defined for Window operation! Moving all data to a single partition, this can cause serious performance degradation.
26/09/16 16:28:29 WARN WindowExec: No Partition Defined for Window operation! Moving all data to a single partition, this can cause serious performance degradation.
26/09/16 16:28:29 WARN WindowExec: No Partition Defined for Window operation! Moving all data to a single partition, this can cause serious performance degradation.
26/09/16 16:28:29 WARN WindowExec: No Partition Defined for Window operation! Moving all data to a single partition, this can cause serious performance degradation.
26/09/16 16:28:29 WARN WindowExec: No Partition Defined for Window operation! Moving all data to a single partition, this can cause serious performance degradation.
26/09/16 16:28:29 WARN WindowExec: No Partition Defined for Window operation! Moving all data to a single partition, this can cause serious performance degradation.
26/09/16 16:28:29 WARN WindowExec: No Partition Defined for Window operation! Moving all data to a single partition, this can cause serious performance degradation.
26/09/16 16:28:29 WARN WindowExec: No Partition Defined for Window operation! Moving all data to a single partition, this can cause serious performance degradation.
26/09/16 16:28:29 WARN WindowExec: No Partition Defined for Window operation! Moving all data to a single partition, this can cause serious performance degradation.
26/09/16 16:28:29 WARN WindowExec: No Partition Defined for Window operation! Moving all data to a single partition, this can cause serious performance degradation.
26/09/16 16:28:29 WARN WindowExec: No Partition Defined for Window operation! Moving all data to a single partition, this can cause serious performance degradation.
26/09/16 16:28:29 WARN WindowExec: No Partition Defined for Window operation! Moving all data to a single partition, this can cause serious performance degradation.
26/09/16 16:28:29 WARN WindowExec: No Partition Defined for Window operation! Moving all data to a single partition, this can cause serious performance degradation.
26/09/16 16:28:29 WARN WindowExec: No Partition Defined for Window operation! Moving all data to a single partition, this can cause serious performance degradation.
26/09/16 16:28:29 WARN WindowExec: No Partition Defined for Window operation! Moving all data to a single partition, this can cause serious performance degradation.
26/09/16 16:28:30 WARN WindowExec: No Partition Defined for Window operation! Moving all data to a single partition, this can cause serious performance degradation.
26/09/16 16:28:30 WARN WindowExec: No Partition Defined for Window operation! Moving all data to a single partition, this can cause serious performance degradation.
26/09/16 16:28:30 WARN WindowExec: No Partition Defined for Window operation! Moving all data to a single partition, this can cause serious performance degradation.
26/09/16 16:28:30 WARN WindowExec: No Partition Defined for Window operation! Moving all data to a single partition, this can cause serious performance degradation.
26/09/16 16:28:30 WARN WindowExec: No Partition Defined for Window operation! Moving all data to a single partition, this can cause serious performance degradation.
26/09/16 16:28:30 WARN WindowExec: No Partition Defined for Window operation! Moving all data to a single partition, this can cause serious performance degradation.
26/09/16 16:28:30 WARN WindowExec: No Partition Defined for Window operation! Moving all data to a single partition, this can cause serious performance degradation.
26/09/16 16:28:30 WARN WindowExec: No Partition Defined for Window operation! Moving all data to a single partition, this can cause serious performance degradation.
26/09/16 16:28:30 WARN WindowExec: No Partition Defined for Window operation! Moving all data to a single partition, this can cause serious performance degradation.
26/09/16 16:28:30 WARN WindowExec: No Partition Defined for Window operation! Moving all data to a single partition, this can cause serious performance degradation.
26/09/16 16:28:30 WARN WindowExec: No Partition Defined for Window operation! Moving all data to a single partition, this can cause serious performance degradation.
26/09/16 16:28:30 WARN WindowExec: No Partition Defined for Window operation! Moving all data to a single partition, this can cause serious performance degradation.
26/09/16 16:28:30 WARN WindowExec: No Partition Defined for Window operation! Moving all data to a single partition, this can cause serious performance degradation.
26/09/16 16:28:30 WARN WindowExec: No Partition Defined for Window operation! Moving all data to a single partition, this can cause serious performance degradation.
26/09/16 16:28:30 WARN WindowExec: No Partition Defined for Window operation! Moving all data to a single partition, this can cause serious performance degradation.
26/09/16 16:28:30 WARN WindowExec: No Partition Defined for Window operation! Moving all data to a single partition, this can cause serious performance degradation.

wrote out/recommendations.csv  (5,000 rows sampled)

=== SAMPLE RECOMMENDATIONS (first 3 customers) ===
26/09/16 16:28:30 WARN WindowExec: No Partition Defined for Window operation! Moving all data to a single partition, this can cause serious performance degradation.
26/09/16 16:28:30 WARN WindowExec: No Partition Defined for Window operation! Moving all data to a single partition, this can cause serious performance degradation.
26/09/16 16:28:30 WARN WindowExec: No Partition Defined for Window operation! Moving all data to a single partition, this can cause serious performance degradation.
26/09/16 16:28:30 WARN WindowExec: No Partition Defined for Window operation! Moving all data to a single partition, this can cause serious performance degradation.
26/09/16 16:28:30 WARN WindowExec: No Partition Defined for Window operation! Moving all data to a single partition, this can cause serious performance degradation.
26/09/16 16:28:30 WARN WindowExec: No Partition Defined for Window operation! Moving all data to a single partition, this can cause serious performance degradation.
26/09/16 16:28:30 WARN WindowExec: No Partition Defined for Window operation! Moving all data to a single partition, this can cause serious performance degradation.
26/09/16 16:28:30 WARN WindowExec: No Partition Defined for Window operation! Moving all data to a single partition, this can cause serious performance degradation.
26/09/16 16:28:30 WARN WindowExec: No Partition Defined for Window operation! Moving all data to a single partition, this can cause serious performance degradation.
26/09/16 16:28:30 WARN WindowExec: No Partition Defined for Window operation! Moving all data to a single partition, this can cause serious performance degradation.
26/09/16 16:28:30 WARN WindowExec: No Partition Defined for Window operation! Moving all data to a single partition, this can cause serious performance degradation.
26/09/16 16:28:30 WARN WindowExec: No Partition Defined for Window operation! Moving all data to a single partition, this can cause serious performance degradation.
26/09/16 16:28:30 WARN WindowExec: No Partition Defined for Window operation! Moving all data to a single partition, this can cause serious performance degradation.
26/09/16 16:28:30 WARN WindowExec: No Partition Defined for Window operation! Moving all data to a single partition, this can cause serious performance degradation.
26/09/16 16:28:30 WARN WindowExec: No Partition Defined for Window operation! Moving all data to a single partition, this can cause serious performance degradation.
26/09/16 16:28:30 WARN WindowExec: No Partition Defined for Window operation! Moving all data to a single partition, this can cause serious performance degradation.
26/09/16 16:28:30 WARN WindowExec: No Partition Defined for Window operation! Moving all data to a single partition, this can cause serious performance degradation.
26/09/16 16:28:30 WARN WindowExec: No Partition Defined for Window operation! Moving all data to a single partition, this can cause serious performance degradation.
26/09/16 16:28:30 WARN WindowExec: No Partition Defined for Window operation! Moving all data to a single partition, this can cause serious performance degradation.
26/09/16 16:28:30 WARN WindowExec: No Partition Defined for Window operation! Moving all data to a single partition, this can cause serious performance degradation.
26/09/16 16:28:30 WARN WindowExec: No Partition Defined for Window operation! Moving all data to a single partition, this can cause serious performance degradation.
26/09/16 16:28:30 WARN WindowExec: No Partition Defined for Window operation! Moving all data to a single partition, this can cause serious performance degradation.
26/09/16 16:28:30 WARN WindowExec: No Partition Defined for Window operation! Moving all data to a single partition, this can cause serious performance degradation.
26/09/16 16:28:30 WARN WindowExec: No Partition Defined for Window operation! Moving all data to a single partition, this can cause serious performance degradation.
26/09/16 16:28:31 WARN WindowExec: No Partition Defined for Window operation! Moving all data to a single partition, this can cause serious performance degradation.
26/09/16 16:28:31 WARN WindowExec: No Partition Defined for Window operation! Moving all data to a single partition, this can cause serious performance degradation.
26/09/16 16:28:31 WARN WindowExec: No Partition Defined for Window operation! Moving all data to a single partition, this can cause serious performance degradation.
26/09/16 16:28:31 WARN WindowExec: No Partition Defined for Window operation! Moving all data to a single partition, this can cause serious performance degradation.
26/09/16 16:28:31 WARN WindowExec: No Partition Defined for Window operation! Moving all data to a single partition, this can cause serious performance degradation.
26/09/16 16:28:31 WARN WindowExec: No Partition Defined for Window operation! Moving all data to a single partition, this can cause serious performance degradation.
26/09/16 16:28:31 WARN WindowExec: No Partition Defined for Window operation! Moving all data to a single partition, this can cause serious performance degradation.
26/09/16 16:28:31 WARN WindowExec: No Partition Defined for Window operation! Moving all data to a single partition, this can cause serious performance degradation.
26/09/16 16:28:31 WARN WindowExec: No Partition Defined for Window operation! Moving all data to a single partition, this can cause serious performance degradation.
26/09/16 16:28:31 WARN WindowExec: No Partition Defined for Window operation! Moving all data to a single partition, this can cause serious performance degradation.
26/09/16 16:28:31 WARN WindowExec: No Partition Defined for Window operation! Moving all data to a single partition, this can cause serious performance degradation.
26/09/16 16:28:31 WARN WindowExec: No Partition Defined for Window operation! Moving all data to a single partition, this can cause serious performance degradation.
26/09/16 16:28:31 WARN WindowExec: No Partition Defined for Window operation! Moving all data to a single partition, this can cause serious performance degradation.
26/09/16 16:28:31 WARN WindowExec: No Partition Defined for Window operation! Moving all data to a single partition, this can cause serious performance degradation.
26/09/16 16:28:31 WARN WindowExec: No Partition Defined for Window operation! Moving all data to a single partition, this can cause serious performance degradation.
26/09/16 16:28:31 WARN WindowExec: No Partition Defined for Window operation! Moving all data to a single partition, this can cause serious performance degradation.
26/09/16 16:28:31 WARN WindowExec: No Partition Defined for Window operation! Moving all data to a single partition, this can cause serious performance degradation.
26/09/16 16:28:31 WARN WindowExec: No Partition Defined for Window operation! Moving all data to a single partition, this can cause serious performance degradation.
26/09/16 16:28:31 WARN WindowExec: No Partition Defined for Window operation! Moving all data to a single partition, this can cause serious performance degradation.
26/09/16 16:28:31 WARN WindowExec: No Partition Defined for Window operation! Moving all data to a single partition, this can cause serious performance degradation.
26/09/16 16:28:31 WARN WindowExec: No Partition Defined for Window operation! Moving all data to a single partition, this can cause serious performance degradation.
26/09/16 16:28:31 WARN WindowExec: No Partition Defined for Window operation! Moving all data to a single partition, this can cause serious performance degradation.
26/09/16 16:28:31 WARN WindowExec: No Partition Defined for Window operation! Moving all data to a single partition, this can cause serious performance degradation.
26/09/16 16:28:31 WARN WindowExec: No Partition Defined for Window operation! Moving all data to a single partition, this can cause serious performance degradation.
26/09/16 16:28:31 WARN WindowExec: No Partition Defined for Window operation! Moving all data to a single partition, this can cause serious performance degradation.
26/09/16 16:28:31 WARN WindowExec: No Partition Defined for Window operation! Moving all data to a single partition, this can cause serious performance degradation.
26/09/16 16:28:31 WARN WindowExec: No Partition Defined for Window operation! Moving all data to a single partition, this can cause serious performance degradation.
26/09/16 16:28:31 WARN WindowExec: No Partition Defined for Window operation! Moving all data to a single partition, this can cause serious performance degradation.
26/09/16 16:28:31 WARN WindowExec: No Partition Defined for Window operation! Moving all data to a single partition, this can cause serious performance degradation.
26/09/16 16:28:31 WARN WindowExec: No Partition Defined for Window operation! Moving all data to a single partition, this can cause serious performance degradation.
26/09/16 16:28:31 WARN WindowExec: No Partition Defined for Window operation! Moving all data to a single partition, this can cause serious performance degradation.
26/09/16 16:28:31 WARN WindowExec: No Partition Defined for Window operation! Moving all data to a single partition, this can cause serious performance degradation.
26/09/16 16:28:31 WARN WindowExec: No Partition Defined for Window operation! Moving all data to a single partition, this can cause serious performance degradation.
26/09/16 16:28:31 WARN WindowExec: No Partition Defined for Window operation! Moving all data to a single partition, this can cause serious performance degradation.
26/09/16 16:28:31 WARN WindowExec: No Partition Defined for Window operation! Moving all data to a single partition, this can cause serious performance degradation.
26/09/16 16:28:31 WARN WindowExec: No Partition Defined for Window operation! Moving all data to a single partition, this can cause serious performance degradation.
26/09/16 16:28:31 WARN WindowExec: No Partition Defined for Window operation! Moving all data to a single partition, this can cause serious performance degradation.
26/09/16 16:28:31 WARN WindowExec: No Partition Defined for Window operation! Moving all data to a single partition, this can cause serious performance degradation.
26/09/16 16:28:31 WARN WindowExec: No Partition Defined for Window operation! Moving all data to a single partition, this can cause serious performance degradation.
26/09/16 16:28:31 WARN WindowExec: No Partition Defined for Window operation! Moving all data to a single partition, this can cause serious performance degradation.
26/09/16 16:28:31 WARN WindowExec: No Partition Defined for Window operation! Moving all data to a single partition, this can cause serious performance degradation.
26/09/16 16:28:31 WARN WindowExec: No Partition Defined for Window operation! Moving all data to a single partition, this can cause serious performance degradation.
26/09/16 16:28:31 WARN WindowExec: No Partition Defined for Window operation! Moving all data to a single partition, this can cause serious performance degradation.
26/09/16 16:28:31 WARN WindowExec: No Partition Defined for Window operation! Moving all data to a single partition, this can cause serious performance degradation.
26/09/16 16:28:31 WARN WindowExec: No Partition Defined for Window operation! Moving all data to a single partition, this can cause serious performance degradation.
26/09/16 16:28:31 WARN WindowExec: No Partition Defined for Window operation! Moving all data to a single partition, this can cause serious performance degradation.
26/09/16 16:28:31 WARN WindowExec: No Partition Defined for Window operation! Moving all data to a single partition, this can cause serious performance degradation.
26/09/16 16:28:31 WARN WindowExec: No Partition Defined for Window operation! Moving all data to a single partition, this can cause serious performance degradation.
26/09/16 16:28:31 WARN WindowExec: No Partition Defined for Window operation! Moving all data to a single partition, this can cause serious performance degradation.
26/09/16 16:28:31 WARN WindowExec: No Partition Defined for Window operation! Moving all data to a single partition, this can cause serious performance degradation.
26/09/16 16:28:31 WARN WindowExec: No Partition Defined for Window operation! Moving all data to a single partition, this can cause serious performance degradation.
26/09/16 16:28:31 WARN WindowExec: No Partition Defined for Window operation! Moving all data to a single partition, this can cause serious performance degradation.
26/09/16 16:28:32 WARN WindowExec: No Partition Defined for Window operation! Moving all data to a single partition, this can cause serious performance degradation.
26/09/16 16:28:32 WARN WindowExec: No Partition Defined for Window operation! Moving all data to a single partition, this can cause serious performance degradation.
26/09/16 16:28:32 WARN WindowExec: No Partition Defined for Window operation! Moving all data to a single partition, this can cause serious performance degradation.
26/09/16 16:28:32 WARN WindowExec: No Partition Defined for Window operation! Moving all data to a single partition, this can cause serious performance degradation.
26/09/16 16:28:32 WARN WindowExec: No Partition Defined for Window operation! Moving all data to a single partition, this can cause serious performance degradation.
26/09/16 16:28:32 WARN WindowExec: No Partition Defined for Window operation! Moving all data to a single partition, this can cause serious performance degradation.
26/09/16 16:28:32 WARN WindowExec: No Partition Defined for Window operation! Moving all data to a single partition, this can cause serious performance degradation.
26/09/16 16:28:32 WARN WindowExec: No Partition Defined for Window operation! Moving all data to a single partition, this can cause serious performance degradation.
26/09/16 16:28:32 WARN WindowExec: No Partition Defined for Window operation! Moving all data to a single partition, this can cause serious performance degradation.
26/09/16 16:28:32 WARN WindowExec: No Partition Defined for Window operation! Moving all data to a single partition, this can cause serious performance degradation.
26/09/16 16:28:32 WARN WindowExec: No Partition Defined for Window operation! Moving all data to a single partition, this can cause serious performance degradation.
26/09/16 16:28:32 WARN WindowExec: No Partition Defined for Window operation! Moving all data to a single partition, this can cause serious performance degradation.
26/09/16 16:28:32 WARN WindowExec: No Partition Defined for Window operation! Moving all data to a single partition, this can cause serious performance degradation.
26/09/16 16:28:32 WARN WindowExec: No Partition Defined for Window operation! Moving all data to a single partition, this can cause serious performance degradation.
26/09/16 16:28:32 WARN WindowExec: No Partition Defined for Window operation! Moving all data to a single partition, this can cause serious performance degradation.
26/09/16 16:28:32 WARN WindowExec: No Partition Defined for Window operation! Moving all data to a single partition, this can cause serious performance degradation.
26/09/16 16:28:32 WARN WindowExec: No Partition Defined for Window operation! Moving all data to a single partition, this can cause serious performance degradation.
26/09/16 16:28:32 WARN WindowExec: No Partition Defined for Window operation! Moving all data to a single partition, this can cause serious performance degradation.
26/09/16 16:28:32 WARN WindowExec: No Partition Defined for Window operation! Moving all data to a single partition, this can cause serious performance degradation.
26/09/16 16:28:32 WARN WindowExec: No Partition Defined for Window operation! Moving all data to a single partition, this can cause serious performance degradation.
26/09/16 16:28:32 WARN WindowExec: No Partition Defined for Window operation! Moving all data to a single partition, this can cause serious performance degradation.
26/09/16 16:28:32 WARN WindowExec: No Partition Defined for Window operation! Moving all data to a single partition, this can cause serious performance degradation.
26/09/16 16:28:32 WARN WindowExec: No Partition Defined for Window operation! Moving all data to a single partition, this can cause serious performance degradation.
26/09/16 16:28:32 WARN WindowExec: No Partition Defined for Window operation! Moving all data to a single partition, this can cause serious performance degradation.
26/09/16 16:28:32 WARN WindowExec: No Partition Defined for Window operation! Moving all data to a single partition, this can cause serious performance degradation.
26/09/16 16:28:32 WARN WindowExec: No Partition Defined for Window operation! Moving all data to a single partition, this can cause serious performance degradation.
26/09/16 16:28:32 WARN WindowExec: No Partition Defined for Window operation! Moving all data to a single partition, this can cause serious performance degradation.
26/09/16 16:28:32 WARN WindowExec: No Partition Defined for Window operation! Moving all data to a single partition, this can cause serious performance degradation.
26/09/16 16:28:32 WARN WindowExec: No Partition Defined for Window operation! Moving all data to a single partition, this can cause serious performance degradation.
26/09/16 16:28:32 WARN WindowExec: No Partition Defined for Window operation! Moving all data to a single partition, this can cause serious performance degradation.
26/09/16 16:28:32 WARN WindowExec: No Partition Defined for Window operation! Moving all data to a single partition, this can cause serious performance degradation.
26/09/16 16:28:32 WARN WindowExec: No Partition Defined for Window operation! Moving all data to a single partition, this can cause serious performance degradation.
26/09/16 16:28:32 WARN WindowExec: No Partition Defined for Window operation! Moving all data to a single partition, this can cause serious performance degradation.
26/09/16 16:28:32 WARN WindowExec: No Partition Defined for Window operation! Moving all data to a single partition, this can cause serious performance degradation.
+--------------------------------+--------------------------------+------+
|customer_unique_id              |product_id                      |score |
+--------------------------------+--------------------------------+------+
|7462a753a77ed093330660f7003064c7|cc7e60cc41c667212b37102362120438|3.1862|
|7462a753a77ed093330660f7003064c7|6e741443e7a0707cb99e552dc844439a|3.1166|
|7462a753a77ed093330660f7003064c7|6e2a68aa94eb2a3b5b3499bf2314d544|2.8832|
|7462a753a77ed093330660f7003064c7|c2a9f8aeb7a51580fccc2d1c4f8bceaf|2.7156|
|7462a753a77ed093330660f7003064c7|a7329b3e52d13627c92b24a745e70873|2.5857|
|7462a753a77ed093330660f7003064c7|ebc714d9f070a89f4d411982ea9670fb|2.5008|
|7462a753a77ed093330660f7003064c7|bb50f2e236e5eea0100680137654686c|2.4828|
|7462a753a77ed093330660f7003064c7|730d34d191892dd7c4fb157daade465e|2.449 |
|7462a753a77ed093330660f7003064c7|82254d93b897fde054504b15f8fe923c|2.3857|
|7462a753a77ed093330660f7003064c7|0573b564a90d2d9f9c460eb963da8c33|2.3723|
|d633949030fd101bb4bb0683b0d90f50|a7329b3e52d13627c92b24a745e70873|2.4608|
|d633949030fd101bb4bb0683b0d90f50|6e741443e7a0707cb99e552dc844439a|2.3591|
|d633949030fd101bb4bb0683b0d90f50|a14aea6067b93158e956612c50b74cfa|2.2935|
|d633949030fd101bb4bb0683b0d90f50|c2a9f8aeb7a51580fccc2d1c4f8bceaf|2.2602|
|d633949030fd101bb4bb0683b0d90f50|cc7e60cc41c667212b37102362120438|2.0594|
|d633949030fd101bb4bb0683b0d90f50|0573b564a90d2d9f9c460eb963da8c33|1.8976|
|d633949030fd101bb4bb0683b0d90f50|6e2a68aa94eb2a3b5b3499bf2314d544|1.8653|
|d633949030fd101bb4bb0683b0d90f50|ebc714d9f070a89f4d411982ea9670fb|1.834 |
|d633949030fd101bb4bb0683b0d90f50|1dd284c37ca97cbb86c029c65fb9a494|1.7226|
|d633949030fd101bb4bb0683b0d90f50|bb50f2e236e5eea0100680137654686c|1.7193|
|d8ca95d946a44bf4af460bc5eea8c00f|6e2a68aa94eb2a3b5b3499bf2314d544|3.3999|
|d8ca95d946a44bf4af460bc5eea8c00f|6e741443e7a0707cb99e552dc844439a|2.8974|
|d8ca95d946a44bf4af460bc5eea8c00f|cc7e60cc41c667212b37102362120438|2.7411|
|d8ca95d946a44bf4af460bc5eea8c00f|0573b564a90d2d9f9c460eb963da8c33|2.4694|
|d8ca95d946a44bf4af460bc5eea8c00f|65f037a133d9ffc71164a5d69dee187e|2.394 |
|d8ca95d946a44bf4af460bc5eea8c00f|bb50f2e236e5eea0100680137654686c|2.3804|
|d8ca95d946a44bf4af460bc5eea8c00f|6b6b162b177d0f36987993aecbe1c65f|2.3174|
|d8ca95d946a44bf4af460bc5eea8c00f|55aefe286a63b5e07f42a63c10371020|2.2709|
|d8ca95d946a44bf4af460bc5eea8c00f|20531b0644a0719b8d506c4db3c56609|2.1975|
|d8ca95d946a44bf4af460bc5eea8c00f|b8c2cf7e813b0eb7ec62f7459217b22c|2.1796|
+--------------------------------+--------------------------------+------+

model saved to hdfs:///olist/models/als_recommender
26/09/16 16:28:34 WARN WindowExec: No Partition Defined for Window operation! Moving all data to a single partition, this can cause serious performance degradation.
26/09/16 16:28:34 WARN WindowExec: No Partition Defined for Window operation! Moving all data to a single partition, this can cause serious performance degradation.
26/09/16 16:28:34 WARN WindowExec: No Partition Defined for Window operation! Moving all data to a single partition, this can cause serious performance degradation.
26/09/16 16:28:34 WARN WindowExec: No Partition Defined for Window operation! Moving all data to a single partition, this can cause serious performance degradation.
26/09/16 16:28:34 WARN WindowExec: No Partition Defined for Window operation! Moving all data to a single partition, this can cause serious performance degradation.
26/09/16 16:28:34 WARN WindowExec: No Partition Defined for Window operation! Moving all data to a single partition, this can cause serious performance degradation.
26/09/16 16:28:34 WARN WindowExec: No Partition Defined for Window operation! Moving all data to a single partition, this can cause serious performance degradation.
26/09/16 16:28:34 WARN WindowExec: No Partition Defined for Window operation! Moving all data to a single partition, this can cause serious performance degradation.
26/09/16 16:28:34 WARN WindowExec: No Partition Defined for Window operation! Moving all data to a single partition, this can cause serious performance degradation.
26/09/16 16:28:34 WARN WindowExec: No Partition Defined for Window operation! Moving all data to a single partition, this can cause serious performance degradation.
26/09/16 16:28:34 WARN WindowExec: No Partition Defined for Window operation! Moving all data to a single partition, this can cause serious performance degradation.
26/09/16 16:28:34 WARN WindowExec: No Partition Defined for Window operation! Moving all data to a single partition, this can cause serious performance degradation.
26/09/16 16:28:34 WARN WindowExec: No Partition Defined for Window operation! Moving all data to a single partition, this can cause serious performance degradation.
26/09/16 16:28:34 WARN WindowExec: No Partition Defined for Window operation! Moving all data to a single partition, this can cause serious performance degradation.
26/09/16 16:28:34 WARN WindowExec: No Partition Defined for Window operation! Moving all data to a single partition, this can cause serious performance degradation.
26/09/16 16:28:34 WARN WindowExec: No Partition Defined for Window operation! Moving all data to a single partition, this can cause serious performance degradation.
26/09/16 16:28:34 WARN WindowExec: No Partition Defined for Window operation! Moving all data to a single partition, this can cause serious performance degradation.
26/09/16 16:28:34 WARN WindowExec: No Partition Defined for Window operation! Moving all data to a single partition, this can cause serious performance degradation.
26/09/16 16:28:34 WARN WindowExec: No Partition Defined for Window operation! Moving all data to a single partition, this can cause serious performance degradation.
26/09/16 16:28:34 WARN WindowExec: No Partition Defined for Window operation! Moving all data to a single partition, this can cause serious performance degradation.
26/09/16 16:28:34 WARN WindowExec: No Partition Defined for Window operation! Moving all data to a single partition, this can cause serious performance degradation.
26/09/16 16:28:34 WARN WindowExec: No Partition Defined for Window operation! Moving all data to a single partition, this can cause serious performance degradation.
26/09/16 16:28:34 WARN WindowExec: No Partition Defined for Window operation! Moving all data to a single partition, this can cause serious performance degradation.
26/09/16 16:28:34 WARN WindowExec: No Partition Defined for Window operation! Moving all data to a single partition, this can cause serious performance degradation.
26/09/16 16:28:34 WARN WindowExec: No Partition Defined for Window operation! Moving all data to a single partition, this can cause serious performance degradation.
26/09/16 16:28:34 WARN WindowExec: No Partition Defined for Window operation! Moving all data to a single partition, this can cause serious performance degradation.
26/09/16 16:28:34 WARN WindowExec: No Partition Defined for Window operation! Moving all data to a single partition, this can cause serious performance degradation.
26/09/16 16:28:34 WARN WindowExec: No Partition Defined for Window operation! Moving all data to a single partition, this can cause serious performance degradation.
26/09/16 16:28:34 WARN WindowExec: No Partition Defined for Window operation! Moving all data to a single partition, this can cause serious performance degradation.
26/09/16 16:28:34 WARN WindowExec: No Partition Defined for Window operation! Moving all data to a single partition, this can cause serious performance degradation.
26/09/16 16:28:34 WARN WindowExec: No Partition Defined for Window operation! Moving all data to a single partition, this can cause serious performance degradation.
26/09/16 16:28:34 WARN WindowExec: No Partition Defined for Window operation! Moving all data to a single partition, this can cause serious performance degradation.
26/09/16 16:28:34 WARN WindowExec: No Partition Defined for Window operation! Moving all data to a single partition, this can cause serious performance degradation.
26/09/16 16:28:34 WARN WindowExec: No Partition Defined for Window operation! Moving all data to a single partition, this can cause serious performance degradation.
26/09/16 16:28:34 WARN WindowExec: No Partition Defined for Window operation! Moving all data to a single partition, this can cause serious performance degradation.
26/09/16 16:28:34 WARN WindowExec: No Partition Defined for Window operation! Moving all data to a single partition, this can cause serious performance degradation.
26/09/16 16:28:34 WARN WindowExec: No Partition Defined for Window operation! Moving all data to a single partition, this can cause serious performance degradation.
26/09/16 16:28:34 WARN WindowExec: No Partition Defined for Window operation! Moving all data to a single partition, this can cause serious performance degradation.
26/09/16 16:28:34 WARN WindowExec: No Partition Defined for Window operation! Moving all data to a single partition, this can cause serious performance degradation.
26/09/16 16:28:34 WARN WindowExec: No Partition Defined for Window operation! Moving all data to a single partition, this can cause serious performance degradation.
26/09/16 16:28:34 WARN WindowExec: No Partition Defined for Window operation! Moving all data to a single partition, this can cause serious performance degradation.
26/09/16 16:28:34 WARN WindowExec: No Partition Defined for Window operation! Moving all data to a single partition, this can cause serious performance degradation.
26/09/16 16:28:34 WARN WindowExec: No Partition Defined for Window operation! Moving all data to a single partition, this can cause serious performance degradation.
26/09/16 16:28:34 WARN WindowExec: No Partition Defined for Window operation! Moving all data to a single partition, this can cause serious performance degradation.
26/09/16 16:28:34 WARN WindowExec: No Partition Defined for Window operation! Moving all data to a single partition, this can cause serious performance degradation.
26/09/16 16:28:34 WARN WindowExec: No Partition Defined for Window operation! Moving all data to a single partition, this can cause serious performance degradation.
26/09/16 16:28:34 WARN WindowExec: No Partition Defined for Window operation! Moving all data to a single partition, this can cause serious performance degradation.
26/09/16 16:28:34 WARN WindowExec: No Partition Defined for Window operation! Moving all data to a single partition, this can cause serious performance degradation.
26/09/16 16:28:34 WARN WindowExec: No Partition Defined for Window operation! Moving all data to a single partition, this can cause serious performance degradation.
26/09/16 16:28:34 WARN WindowExec: No Partition Defined for Window operation! Moving all data to a single partition, this can cause serious performance degradation.
26/09/16 16:28:35 WARN WindowExec: No Partition Defined for Window operation! Moving all data to a single partition, this can cause serious performance degradation.
26/09/16 16:28:35 WARN WindowExec: No Partition Defined for Window operation! Moving all data to a single partition, this can cause serious performance degradation.
26/09/16 16:28:35 WARN WindowExec: No Partition Defined for Window operation! Moving all data to a single partition, this can cause serious performance degradation.
26/09/16 16:28:35 WARN WindowExec: No Partition Defined for Window operation! Moving all data to a single partition, this can cause serious performance degradation.
26/09/16 16:28:35 WARN WindowExec: No Partition Defined for Window operation! Moving all data to a single partition, this can cause serious performance degradation.
26/09/16 16:28:35 WARN WindowExec: No Partition Defined for Window operation! Moving all data to a single partition, this can cause serious performance degradation.
26/09/16 16:28:35 WARN WindowExec: No Partition Defined for Window operation! Moving all data to a single partition, this can cause serious performance degradation.
26/09/16 16:28:35 WARN WindowExec: No Partition Defined for Window operation! Moving all data to a single partition, this can cause serious performance degradation.
26/09/16 16:28:35 WARN WindowExec: No Partition Defined for Window operation! Moving all data to a single partition, this can cause serious performance degradation.
26/09/16 16:28:35 WARN WindowExec: No Partition Defined for Window operation! Moving all data to a single partition, this can cause serious performance degradation.
26/09/16 16:28:35 WARN WindowExec: No Partition Defined for Window operation! Moving all data to a single partition, this can cause serious performance degradation.
26/09/16 16:28:35 WARN WindowExec: No Partition Defined for Window operation! Moving all data to a single partition, this can cause serious performance degradation.
26/09/16 16:28:35 WARN WindowExec: No Partition Defined for Window operation! Moving all data to a single partition, this can cause serious performance degradation.
26/09/16 16:28:35 WARN WindowExec: No Partition Defined for Window operation! Moving all data to a single partition, this can cause serious performance degradation.
26/09/16 16:28:35 WARN WindowExec: No Partition Defined for Window operation! Moving all data to a single partition, this can cause serious performance degradation.
26/09/16 16:28:35 WARN WindowExec: No Partition Defined for Window operation! Moving all data to a single partition, this can cause serious performance degradation.
26/09/16 16:28:35 WARN WindowExec: No Partition Defined for Window operation! Moving all data to a single partition, this can cause serious performance degradation.
26/09/16 16:28:35 WARN WindowExec: No Partition Defined for Window operation! Moving all data to a single partition, this can cause serious performance degradation.
26/09/16 16:28:35 WARN WindowExec: No Partition Defined for Window operation! Moving all data to a single partition, this can cause serious performance degradation.
26/09/16 16:28:35 WARN WindowExec: No Partition Defined for Window operation! Moving all data to a single partition, this can cause serious performance degradation.
26/09/16 16:28:35 WARN WindowExec: No Partition Defined for Window operation! Moving all data to a single partition, this can cause serious performance degradation.
26/09/16 16:28:35 WARN WindowExec: No Partition Defined for Window operation! Moving all data to a single partition, this can cause serious performance degradation.
26/09/16 16:28:35 WARN WindowExec: No Partition Defined for Window operation! Moving all data to a single partition, this can cause serious performance degradation.
26/09/16 16:28:35 WARN WindowExec: No Partition Defined for Window operation! Moving all data to a single partition, this can cause serious performance degradation.
26/09/16 16:28:35 WARN WindowExec: No Partition Defined for Window operation! Moving all data to a single partition, this can cause serious performance degradation.
26/09/16 16:28:35 WARN WindowExec: No Partition Defined for Window operation! Moving all data to a single partition, this can cause serious performance degradation.
26/09/16 16:28:35 WARN WindowExec: No Partition Defined for Window operation! Moving all data to a single partition, this can cause serious performance degradation.
26/09/16 16:28:35 WARN WindowExec: No Partition Defined for Window operation! Moving all data to a single partition, this can cause serious performance degradation.
26/09/16 16:28:35 WARN WindowExec: No Partition Defined for Window operation! Moving all data to a single partition, this can cause serious performance degradation.
26/09/16 16:28:35 WARN WindowExec: No Partition Defined for Window operation! Moving all data to a single partition, this can cause serious performance degradation.
26/09/16 16:28:35 WARN WindowExec: No Partition Defined for Window operation! Moving all data to a single partition, this can cause serious performance degradation.
26/09/16 16:28:35 WARN WindowExec: No Partition Defined for Window operation! Moving all data to a single partition, this can cause serious performance degradation.
26/09/16 16:28:35 WARN WindowExec: No Partition Defined for Window operation! Moving all data to a single partition, this can cause serious performance degradation.
26/09/16 16:28:35 WARN WindowExec: No Partition Defined for Window operation! Moving all data to a single partition, this can cause serious performance degradation.
26/09/16 16:28:35 WARN WindowExec: No Partition Defined for Window operation! Moving all data to a single partition, this can cause serious performance degradation.
26/09/16 16:28:35 WARN WindowExec: No Partition Defined for Window operation! Moving all data to a single partition, this can cause serious performance degradation.
26/09/16 16:28:35 WARN WindowExec: No Partition Defined for Window operation! Moving all data to a single partition, this can cause serious performance degradation.
26/09/16 16:28:35 WARN WindowExec: No Partition Defined for Window operation! Moving all data to a single partition, this can cause serious performance degradation.
26/09/16 16:28:35 WARN WindowExec: No Partition Defined for Window operation! Moving all data to a single partition, this can cause serious performance degradation.
26/09/16 16:28:35 WARN WindowExec: No Partition Defined for Window operation! Moving all data to a single partition, this can cause serious performance degradation.
26/09/16 16:28:35 WARN WindowExec: No Partition Defined for Window operation! Moving all data to a single partition, this can cause serious performance degradation.
26/09/16 16:28:35 WARN WindowExec: No Partition Defined for Window operation! Moving all data to a single partition, this can cause serious performance degradation.

=== ARTEFACTS ===
total 792
drwxr-xr-x@ 8 abhishek  staff     256 Sep 16 16:27 .
drwxr-xr-x@ 9 abhishek  staff     288 Sep 16 14:36 ..
-rw-r--r--@ 1 abhishek  staff     254 Sep 16 16:28 als_metrics.txt
drwxr-xr-x@ 3 abhishek  staff      96 Sep 16 14:32 orders_by_month
drwxr-xr-x@ 3 abhishek  staff      96 Sep 16 14:32 payment_distribution
-rw-r--r--@ 1 abhishek  staff  364457 Sep 16 16:28 recommendations.csv
drwxr-xr-x@ 3 abhishek  staff      96 Sep 16 14:32 revenue_by_product
-rw-r--r--@ 1 abhishek  staff    2649 Sep 16 16:28 top_categories.csv

=== ETL PARQUET OUTPUT IN HDFS ===
Found 25 items
-rw-r--r--   1 abhishek supergroup          0 2026-09-16 16:28 /olist/warehouse/olist_curated/_SUCCESS
drwxr-xr-x   - abhishek supergroup          0 2026-09-16 16:28 /olist/warehouse/olist_curated/purchase_month=2016-09
drwxr-xr-x   - abhishek supergroup          0 2026-09-16 16:28 /olist/warehouse/olist_curated/purchase_month=2016-10
drwxr-xr-x   - abhishek supergroup          0 2026-09-16 16:27 /olist/warehouse/olist_curated/purchase_month=2016-12
drwxr-xr-x   - abhishek supergroup          0 2026-09-16 16:28 /olist/warehouse/olist_curated/purchase_month=2017-01
drwxr-xr-x   - abhishek supergroup          0 2026-09-16 16:28 /olist/warehouse/olist_curated/purchase_month=2017-02
drwxr-xr-x   - abhishek supergroup          0 2026-09-16 16:28 /olist/warehouse/olist_curated/purchase_month=2017-03
drwxr-xr-x   - abhishek supergroup          0 2026-09-16 16:28 /olist/warehouse/olist_curated/purchase_month=2017-04
drwxr-xr-x   - abhishek supergroup          0 2026-09-16 16:28 /olist/warehouse/olist_curated/purchase_month=2017-05
drwxr-xr-x   - abhishek supergroup          0 2026-09-16 16:28 /olist/warehouse/olist_curated/purchase_month=2017-06
drwxr-xr-x   - abhishek supergroup          0 2026-09-16 16:28 /olist/warehouse/olist_curated/purchase_month=2017-07

=== TRAINED MODEL IN HDFS ===
Found 3 items
drwxr-xr-x   - abhishek supergroup          0 2026-09-16 16:28 /olist/models/als_recommender/itemFactors
drwxr-xr-x   - abhishek supergroup          0 2026-09-16 16:28 /olist/models/als_recommender/metadata
drwxr-xr-x   - abhishek supergroup          0 2026-09-16 16:28 /olist/models/als_recommender/userFactors
SPARK_EXIT=0
__DONE__
