customer_unique_id,product_id,score
0097fca0db567f5ca79509b7b4fc1c2d,0de59eddc63167215c972b0d785ffa7b,2.897
0097fca0db567f5ca79509b7b4fc1c2d,fe31b2791161c24e921f90788d443e1c,2.8837
0097fca0db567f5ca79509b7b4fc1c2d,2e511b5741ab14e7f5294df6f1310b03,2.7433
0097fca0db567f5ca79509b7b4fc1c2d,8bb27b1d96be90b36b8d0c7f30931d52,2.727
0097fca0db567f5ca79509b7b4fc1c2d,b8c2cf7e813b0eb7ec62f7459217b22c,2.6629
0097fca0db567f5ca79509b7b4fc1c2d,6b6b162b177d0f36987993aecbe1c65f,2.6502
0097fca0db567f5ca79509b7b4fc1c2d,41da75141264c3bde21ecea85a4cb8b7,2.6154
0097fca0db567f5ca79509b7b4fc1c2d,90b58782fdd04cb829667fcc41fb65f5,2.5811
0097fca0db567f5ca79509b7b4fc1c2d,a03e401d58a45187271718c5d7610422,2.5162
0097fca0db567f5ca79509b7b4fc1c2d,308e4e21ae228a10f6370a243ae59995,2.495
00fd4a627a3b93cff0729f0b3554640d,d35d1fa56f3c5a2777f5542a84a085dd,4.0461
00fd4a627a3b93cff0729f0b3554640d,3bb3e5caf47c7e92ed97227247e942a8,3.858
00fd4a627a3b93cff0729f0b3554640d,90b58782fdd04cb829667fcc41fb65f5,3.6547
00fd4a627a3b93cff0729f0b3554640d,308e4e21ae228a10f6370a243ae59995,3.5328
00fd4a627a3b93cff0729f0b3554640d,61937887eb6ee0b405a5759756426486,3.3851
00fd4a627a3b93cff0729f0b3554640d,20531b0644a0719b8d506c4db3c56609,3.225
00fd4a627a3b93cff0729f0b3554640d,57c9362442482cd2451f2eabf468e532,2.9675
00fd4a627a3b93cff0729f0b3554640d,62b07aff118f62756ee579afeedc3eb0,2.9012
00fd4a627a3b93cff0729f0b3554640d,3de0f67a3747dbf94f485e9f5843b02d,2.8836
00fd4a627a3b93cff0729f0b3554640d,12f749c76f15e9bf5743bebda92da24a,2.5521
0178b244a5c281fb2ade54038dd4b161,8bb27b1d96be90b36b8d0c7f30931d52,4.6814
0178b244a5c281fb2ade54038dd4b161,a03e401d58a45187271718c5d7610422,4.3196
0178b244a5c281fb2ade54038dd4b161,b68cf84ede4fd1e14b1740de5b727d55,3.8776
0178b244a5c281fb2ade54038dd4b161,90b58782fdd04cb829667fcc41fb65f5,3.7148
0178b244a5c281fb2ade54038dd4b161,308e4e21ae228a10f6370a243ae59995,3.5909
0178b244a5c281fb2ade54038dd4b161,51f3e4065d72846204cb4f46d8d241cf,3.3506
0178b244a5c281fb2ade54038dd4b161,b8c2cf7e813b0eb7ec62f7459217b22c,3.1436
0178b244a5c281fb2ade54038dd4b161,0fd55f5dee013f990c929cd3ad6bfee0,3.0463
0178b244a5c281fb2ade54038dd4b161,fe59a1e006df3ac42bf0ceb876d70969,3.0169
0178b244a5c281fb2ade54038dd4b161,ad1280b6c5b1af7cfd97372249be66c9,2.8409
01a22e2079ea71e17313b88e5811e54a,8bb27b1d96be90b36b8d0c7f30931d52,2.853
01a22e2079ea71e17313b88e5811e54a,0de59eddc63167215c972b0d785ffa7b,2.692
01a22e2079ea71e17313b88e5811e54a,55aefe286a63b5e07f42a63c10371020,2.6602
01a22e2079ea71e17313b88e5811e54a,a03e401d58a45187271718c5d7610422,2.6325
01a22e2079ea71e17313b88e5811e54a,48640118918b5bd6454e3fee20ad637b,2.5784
01a22e2079ea71e17313b88e5811e54a,cc7e60cc41c667212b37102362120438,2.536
01a22e2079ea71e17313b88e5811e54a,fe31b2791161c24e921f90788d443e1c,2.5251
01a22e2079ea71e17313b88e5811e54a,6e2a68aa94eb2a3b5b3499bf2314d544,2.4592
01a22e2079ea71e17313b88e5811e54a,0fd55f5dee013f990c929cd3ad6bfee0,2.4128
01a22e2079ea71e17313b88e5811e54a,90b58782fdd04cb829667fcc41fb65f5,2.325
01c289bb06354cdc7e6549570f20ada4,8bb27b1d96be90b36b8d0c7f30931d52,2.912
01c289bb06354cdc7e6549570f20ada4,a03e401d58a45187271718c5d7610422,2.687
01c289bb06354cdc7e6549570f20ada4,cb03e4f0503f45854e87afe535e0681d,2.576
01c289bb06354cdc7e6549570f20ada4,b68cf84ede4fd1e14b1740de5b727d55,2.3496
01c289bb06354cdc7e6549570f20ada4,ee918a5c4e95f273708c2582a5314325,2.3403
01c289bb06354cdc7e6549570f20ada4,f6eda47c88d786adf6f3e3f016833927,2.208
01c289bb06354cdc7e6549570f20ada4,657247f6f60543b93e3cc708a8e6329c,2.1099
01c289bb06354cdc7e6549570f20ada4,7893c68e0a8b6e58a70390551e8a84d9,2.0948
01c289bb06354cdc7e6549570f20ada4,cfe6e9c01d0bbb5df9a75f0e3286baa9,2.0948
01c289bb06354cdc7e6549570f20ada4,8e3e3059aabb0c13679db43619590ad5,1.9178
0209f290b5451d357308bc0e90521026,65f037a133d9ffc71164a5d69dee187e,4.5127
0209f290b5451d357308bc0e90521026,51f3e4065d72846204cb4f46d8d241cf,3.4536
0209f290b5451d357308bc0e90521026,b8c2cf7e813b0eb7ec62f7459217b22c,3.2361
0209f290b5451d357308bc0e90521026,fe59a1e006df3ac42bf0ceb876d70969,2.4098
0209f290b5451d357308bc0e90521026,33e503f68fb60fe165ed992965f2c737,2.3728
0209f290b5451d357308bc0e90521026,399f54c06661d06ca45c6e24ed238e0e,2.2962
0209f290b5451d357308bc0e90521026,773a9c97b7435492ec93014cd43ecf77,2.2953
0209f290b5451d357308bc0e90521026,b09cd20111b8c27705b617c3b5af7608,2.2575
0209f290b5451d357308bc0e90521026,9eacfe990da87a66d7fc95e4f97bad14,2.2575
0209f290b5451d357308bc0e90521026,66f1a8d90992af09e58ab4e0496054ea,2.1221
0241fa2e9adf0576cb0f845377d05c03,a14aea6067b93158e956612c50b74cfa,2.8909
0241fa2e9adf0576cb0f845377d05c03,b68cf84ede4fd1e14b1740de5b727d55,2.8667
0241fa2e9adf0576cb0f845377d05c03,ebc714d9f070a89f4d411982ea9670fb,2.7077
0241fa2e9adf0576cb0f845377d05c03,730d34d191892dd7c4fb157daade465e,2.5027
0241fa2e9adf0576cb0f845377d05c03,30d1842be9c62546d3fb853119602ac2,2.4131
0241fa2e9adf0576cb0f845377d05c03,4638e41e1c53018897e12edbb2815807,2.3309
0241fa2e9adf0576cb0f845377d05c03,61a4100ccd6d9c4c808a1fd954ddb8ad,2.2397
0241fa2e9adf0576cb0f845377d05c03,3ed43e8f95f9801cd8099b6f73e07335,2.203
0241fa2e9adf0576cb0f845377d05c03,596dd8bfc1289b4336ef857ffb960d47,2.203
0241fa2e9adf0576cb0f845377d05c03,dbb67791e405873b259e4656bf971246,2.1113
02e9109b7e0a985108b43e573b6afb23,6cdd53843498f92890544667809f1595,4.1002
02e9109b7e0a985108b43e573b6afb23,90b58782fdd04cb829667fcc41fb65f5,4.0855
02e9109b7e0a985108b43e573b6afb23,308e4e21ae228a10f6370a243ae59995,3.9493
02e9109b7e0a985108b43e573b6afb23,ad1280b6c5b1af7cfd97372249be66c9,3.7114
02e9109b7e0a985108b43e573b6afb23,0fd55f5dee013f990c929cd3ad6bfee0,3.6961
02e9109b7e0a985108b43e573b6afb23,cc88837a83ef7b7ea2bf724434a53ef3,3.2023
02e9109b7e0a985108b43e573b6afb23,8bb27b1d96be90b36b8d0c7f30931d52,3.0776
02e9109b7e0a985108b43e573b6afb23,304104a478e3a605db6072a22e4ee228,2.8407
02e9109b7e0a985108b43e573b6afb23,a03e401d58a45187271718c5d7610422,2.8397
02e9109b7e0a985108b43e573b6afb23,e4b0f340d2552f744b4c2d48dffbc0e2,2.764
032c36a3e0e337f241a5910aa6ef3077,90b58782fdd04cb829667fcc41fb65f5,4.2067
032c36a3e0e337f241a5910aa6ef3077,308e4e21ae228a10f6370a243ae59995,4.0664
032c36a3e0e337f241a5910aa6ef3077,8bb27b1d96be90b36b8d0c7f30931d52,3.2668
032c36a3e0e337f241a5910aa6ef3077,a03e401d58a45187271718c5d7610422,3.0143
032c36a3e0e337f241a5910aa6ef3077,3bb3e5caf47c7e92ed97227247e942a8,2.9363
032c36a3e0e337f241a5910aa6ef3077,d35d1fa56f3c5a2777f5542a84a085dd,2.8424
032c36a3e0e337f241a5910aa6ef3077,57c9362442482cd2451f2eabf468e532,2.8287
032c36a3e0e337f241a5910aa6ef3077,61937887eb6ee0b405a5759756426486,2.8047
032c36a3e0e337f241a5910aa6ef3077,ad1280b6c5b1af7cfd97372249be66c9,2.8037
032c36a3e0e337f241a5910aa6ef3077,0fd55f5dee013f990c929cd3ad6bfee0,2.7821
037ebbb3507dc1717f22ee973771c9d8,00faa46f36261af8bbf3a4d37fa4841b,3.8534
037ebbb3507dc1717f22ee973771c9d8,6d8096ca93caea3416a6b24bf411bc86,2.985
037ebbb3507dc1717f22ee973771c9d8,ee918a5c4e95f273708c2582a5314325,2.8336
037ebbb3507dc1717f22ee973771c9d8,90b58782fdd04cb829667fcc41fb65f5,2.7767
037ebbb3507dc1717f22ee973771c9d8,308e4e21ae228a10f6370a243ae59995,2.6841
037ebbb3507dc1717f22ee973771c9d8,61937887eb6ee0b405a5759756426486,2.5819
037ebbb3507dc1717f22ee973771c9d8,f110a8fd4a8052d5717ce2adc2bb71d0,2.5449
037ebbb3507dc1717f22ee973771c9d8,ebc714d9f070a89f4d411982ea9670fb,2.3848
037ebbb3507dc1717f22ee973771c9d8,05805f52cdeb93d7684f871e599f0078,2.3681
037ebbb3507dc1717f22ee973771c9d8,ad1280b6c5b1af7cfd97372249be66c9,2.3362
03bd7c8563706d3a512250498f0706c0,ee918a5c4e95f273708c2582a5314325,4.0592
03bd7c8563706d3a512250498f0706c0,6e2a68aa94eb2a3b5b3499bf2314d544,4.0004
03bd7c8563706d3a512250498f0706c0,cc7e60cc41c667212b37102362120438,3.6477
03bd7c8563706d3a512250498f0706c0,55aefe286a63b5e07f42a63c10371020,3.5673
03bd7c8563706d3a512250498f0706c0,05431e0dd637e910dd67d7ad823e8437,3.5398
03bd7c8563706d3a512250498f0706c0,0b00b16606aeb46da3543bbabff4d6b3,3.2375
03bd7c8563706d3a512250498f0706c0,4606f0b0bceceb75e7a887e6b57cae3e,3.0484
03bd7c8563706d3a512250498f0706c0,c2a9f8aeb7a51580fccc2d1c4f8bceaf,3.0315
03bd7c8563706d3a512250498f0706c0,57c9362442482cd2451f2eabf468e532,2.92
03bd7c8563706d3a512250498f0706c0,0a56efd5f050d3f861a04c6f005d1128,2.9059
041caba6a63ace5818387698ea85cdb2,57c9362442482cd2451f2eabf468e532,3.0593
041caba6a63ace5818387698ea85cdb2,61a4100ccd6d9c4c808a1fd954ddb8ad,2.8103
041caba6a63ace5818387698ea85cdb2,0b00b16606aeb46da3543bbabff4d6b3,2.7332
041caba6a63ace5818387698ea85cdb2,61937887eb6ee0b405a5759756426486,2.7118
041caba6a63ace5818387698ea85cdb2,ee918a5c4e95f273708c2582a5314325,2.6842
041caba6a63ace5818387698ea85cdb2,00faa46f36261af8bbf3a4d37fa4841b,2.498
041caba6a63ace5818387698ea85cdb2,3bb3e5caf47c7e92ed97227247e942a8,2.4683
041caba6a63ace5818387698ea85cdb2,2e511b5741ab14e7f5294df6f1310b03,2.376
041caba6a63ace5818387698ea85cdb2,958cd4fc82ce0223c757f47bc9d67e23,2.3201
041caba6a63ace5818387698ea85cdb2,d35d1fa56f3c5a2777f5542a84a085dd,2.207
04821927835e6a040f8a83ba4d54d998,c2a9f8aeb7a51580fccc2d1c4f8bceaf,3.3103
04821927835e6a040f8a83ba4d54d998,cc7e60cc41c667212b37102362120438,3.0316
04821927835e6a040f8a83ba4d54d998,05431e0dd637e910dd67d7ad823e8437,2.9811
04821927835e6a040f8a83ba4d54d998,4606f0b0bceceb75e7a887e6b57cae3e,2.5862
04821927835e6a040f8a83ba4d54d998,6e2a68aa94eb2a3b5b3499bf2314d544,2.4793
04821927835e6a040f8a83ba4d54d998,730d34d191892dd7c4fb157daade465e,2.3515
04821927835e6a040f8a83ba4d54d998,3ed43e8f95f9801cd8099b6f73e07335,2.2865
04821927835e6a040f8a83ba4d54d998,596dd8bfc1289b4336ef857ffb960d47,2.2865
04821927835e6a040f8a83ba4d54d998,30d1842be9c62546d3fb853119602ac2,2.2673
04821927835e6a040f8a83ba4d54d998,a14aea6067b93158e956612c50b74cfa,2.2279
04bf51c8d8b123571c86805d49edd9b1,fe59a1e006df3ac42bf0ceb876d70969,2.9919
04bf51c8d8b123571c86805d49edd9b1,730d34d191892dd7c4fb157daade465e,2.822
04bf51c8d8b123571c86805d49edd9b1,6e741443e7a0707cb99e552dc844439a,2.8044
04bf51c8d8b123571c86805d49edd9b1,65f037a133d9ffc71164a5d69dee187e,2.7762
04bf51c8d8b123571c86805d49edd9b1,30d1842be9c62546d3fb853119602ac2,2.7209
04bf51c8d8b123571c86805d49edd9b1,c2a9f8aeb7a51580fccc2d1c4f8bceaf,2.5297
04bf51c8d8b123571c86805d49edd9b1,cc7e60cc41c667212b37102362120438,2.5145
04bf51c8d8b123571c86805d49edd9b1,ebc714d9f070a89f4d411982ea9670fb,2.2549
04bf51c8d8b123571c86805d49edd9b1,b8c2cf7e813b0eb7ec62f7459217b22c,2.2071
04bf51c8d8b123571c86805d49edd9b1,98a4301b1aacd45984603af55b7a1de4,2.128
053ee39e5fff8053a860892cbd54d1ed,00faa46f36261af8bbf3a4d37fa4841b,3.2991
053ee39e5fff8053a860892cbd54d1ed,ee918a5c4e95f273708c2582a5314325,2.9472
053ee39e5fff8053a860892cbd54d1ed,61937887eb6ee0b405a5759756426486,2.8886
053ee39e5fff8053a860892cbd54d1ed,ebc714d9f070a89f4d411982ea9670fb,2.7889
053ee39e5fff8053a860892cbd54d1ed,f110a8fd4a8052d5717ce2adc2bb71d0,2.5813
053ee39e5fff8053a860892cbd54d1ed,b68cf84ede4fd1e14b1740de5b727d55,2.5671
053ee39e5fff8053a860892cbd54d1ed,61a4100ccd6d9c4c808a1fd954ddb8ad,2.1963
053ee39e5fff8053a860892cbd54d1ed,8bb27b1d96be90b36b8d0c7f30931d52,2.1829
053ee39e5fff8053a860892cbd54d1ed,d35d1fa56f3c5a2777f5542a84a085dd,2.0673
053ee39e5fff8053a860892cbd54d1ed,c71bf92cf123eb294304073fc1751bf3,2.0174
05a021f89882d0c4df802f3c18897a34,8bb27b1d96be90b36b8d0c7f30931d52,3.7058
05a021f89882d0c4df802f3c18897a34,a03e401d58a45187271718c5d7610422,3.4194
05a021f89882d0c4df802f3c18897a34,90b58782fdd04cb829667fcc41fb65f5,3.2129
05a021f89882d0c4df802f3c18897a34,308e4e21ae228a10f6370a243ae59995,3.1058
05a021f89882d0c4df802f3c18897a34,b68cf84ede4fd1e14b1740de5b727d55,3.0509
05a021f89882d0c4df802f3c18897a34,51f3e4065d72846204cb4f46d8d241cf,2.4972
05a021f89882d0c4df802f3c18897a34,cb03e4f0503f45854e87afe535e0681d,2.4648
05a021f89882d0c4df802f3c18897a34,0fd55f5dee013f990c929cd3ad6bfee0,2.4113
05a021f89882d0c4df802f3c18897a34,657247f6f60543b93e3cc708a8e6329c,2.1102
05a021f89882d0c4df802f3c18897a34,4638e41e1c53018897e12edbb2815807,2.0202
05cb25c0b98e8d6f839049d97adfecab,51f3e4065d72846204cb4f46d8d241cf,5.6196
05cb25c0b98e8d6f839049d97adfecab,65f037a133d9ffc71164a5d69dee187e,4.439
05cb25c0b98e8d6f839049d97adfecab,8bb27b1d96be90b36b8d0c7f30931d52,4.2094
05cb25c0b98e8d6f839049d97adfecab,a03e401d58a45187271718c5d7610422,3.8841
05cb25c0b98e8d6f839049d97adfecab,ebc714d9f070a89f4d411982ea9670fb,3.7706
05cb25c0b98e8d6f839049d97adfecab,b68cf84ede4fd1e14b1740de5b727d55,3.5309
05cb25c0b98e8d6f839049d97adfecab,b8c2cf7e813b0eb7ec62f7459217b22c,3.4488
05cb25c0b98e8d6f839049d97adfecab,61a4100ccd6d9c4c808a1fd954ddb8ad,3.3802
05cb25c0b98e8d6f839049d97adfecab,4638e41e1c53018897e12edbb2815807,2.9949
05cb25c0b98e8d6f839049d97adfecab,730d34d191892dd7c4fb157daade465e,2.8663
0621c2a5979d3e887ae519620cbe2926,2e511b5741ab14e7f5294df6f1310b03,4.1112
0621c2a5979d3e887ae519620cbe2926,8bb27b1d96be90b36b8d0c7f30931d52,3.943
0621c2a5979d3e887ae519620cbe2926,3ed43e8f95f9801cd8099b6f73e07335,3.8591
0621c2a5979d3e887ae519620cbe2926,596dd8bfc1289b4336ef857ffb960d47,3.8591
0621c2a5979d3e887ae519620cbe2926,a03e401d58a45187271718c5d7610422,3.6383
0621c2a5979d3e887ae519620cbe2926,70906e04da1eebf3d1b8791bd09ffe85,3.434
0621c2a5979d3e887ae519620cbe2926,61a4100ccd6d9c4c808a1fd954ddb8ad,3.3036
0621c2a5979d3e887ae519620cbe2926,451482edc91f59c001a5a3a0e4d594bf,3.2729
0621c2a5979d3e887ae519620cbe2926,cc7e60cc41c667212b37102362120438,3.2475
0621c2a5979d3e887ae519620cbe2926,51f3e4065d72846204cb4f46d8d241cf,3.2096
066ee6b9c6fc284260ff9a1274a82ca7,cc7e60cc41c667212b37102362120438,3.3028
066ee6b9c6fc284260ff9a1274a82ca7,6e2a68aa94eb2a3b5b3499bf2314d544,3.203
066ee6b9c6fc284260ff9a1274a82ca7,0b00b16606aeb46da3543bbabff4d6b3,2.8687
066ee6b9c6fc284260ff9a1274a82ca7,2e511b5741ab14e7f5294df6f1310b03,2.8658
066ee6b9c6fc284260ff9a1274a82ca7,57c9362442482cd2451f2eabf468e532,2.7089
066ee6b9c6fc284260ff9a1274a82ca7,3ed43e8f95f9801cd8099b6f73e07335,2.6873
066ee6b9c6fc284260ff9a1274a82ca7,596dd8bfc1289b4336ef857ffb960d47,2.6873
066ee6b9c6fc284260ff9a1274a82ca7,05431e0dd637e910dd67d7ad823e8437,2.6629
066ee6b9c6fc284260ff9a1274a82ca7,8bb27b1d96be90b36b8d0c7f30931d52,2.5407
066ee6b9c6fc284260ff9a1274a82ca7,b8c2cf7e813b0eb7ec62f7459217b22c,2.4389
073ce043974e19c4c37d281b7b7d72c1,8bb27b1d96be90b36b8d0c7f30931d52,4.1446
073ce043974e19c4c37d281b7b7d72c1,cc7e60cc41c667212b37102362120438,3.9777
073ce043974e19c4c37d281b7b7d72c1,a03e401d58a45187271718c5d7610422,3.8243
073ce043974e19c4c37d281b7b7d72c1,61a4100ccd6d9c4c808a1fd954ddb8ad,3.5002
073ce043974e19c4c37d281b7b7d72c1,b68cf84ede4fd1e14b1740de5b727d55,3.4832
073ce043974e19c4c37d281b7b7d72c1,3ed43e8f95f9801cd8099b6f73e07335,3.4382
073ce043974e19c4c37d281b7b7d72c1,596dd8bfc1289b4336ef857ffb960d47,3.4382
073ce043974e19c4c37d281b7b7d72c1,2e511b5741ab14e7f5294df6f1310b03,3.2839
073ce043974e19c4c37d281b7b7d72c1,0fd55f5dee013f990c929cd3ad6bfee0,3.2817
073ce043974e19c4c37d281b7b7d72c1,05431e0dd637e910dd67d7ad823e8437,3.2332
07547425c8f7a7086f529f2d3b80d21a,6e2a68aa94eb2a3b5b3499bf2314d544,3.4124
07547425c8f7a7086f529f2d3b80d21a,55aefe286a63b5e07f42a63c10371020,3.3996
07547425c8f7a7086f529f2d3b80d21a,cc7e60cc41c667212b37102362120438,3.3057
07547425c8f7a7086f529f2d3b80d21a,57c9362442482cd2451f2eabf468e532,2.8821
07547425c8f7a7086f529f2d3b80d21a,05431e0dd637e910dd67d7ad823e8437,2.849
07547425c8f7a7086f529f2d3b80d21a,61a4100ccd6d9c4c808a1fd954ddb8ad,2.8468
07547425c8f7a7086f529f2d3b80d21a,0fd55f5dee013f990c929cd3ad6bfee0,2.8031
07547425c8f7a7086f529f2d3b80d21a,00faa46f36261af8bbf3a4d37fa4841b,2.7754
07547425c8f7a7086f529f2d3b80d21a,b07499163c612b591ce1621452672e69,2.7551
07547425c8f7a7086f529f2d3b80d21a,fe31b2791161c24e921f90788d443e1c,2.7547
07b1b60bca2b6326fa2adb259ea4a55f,8bb27b1d96be90b36b8d0c7f30931d52,3.6906
07b1b60bca2b6326fa2adb259ea4a55f,a03e401d58a45187271718c5d7610422,3.4053
07b1b60bca2b6326fa2adb259ea4a55f,0fd55f5dee013f990c929cd3ad6bfee0,3.2671
07b1b60bca2b6326fa2adb259ea4a55f,ad1280b6c5b1af7cfd97372249be66c9,3.1652
07b1b60bca2b6326fa2adb259ea4a55f,90b58782fdd04cb829667fcc41fb65f5,3.1217
07b1b60bca2b6326fa2adb259ea4a55f,6cdd53843498f92890544667809f1595,3.1109
07b1b60bca2b6326fa2adb259ea4a55f,cc88837a83ef7b7ea2bf724434a53ef3,3.0685
07b1b60bca2b6326fa2adb259ea4a55f,308e4e21ae228a10f6370a243ae59995,3.0176
07b1b60bca2b6326fa2adb259ea4a55f,0de59eddc63167215c972b0d785ffa7b,2.734
07b1b60bca2b6326fa2adb259ea4a55f,4638e41e1c53018897e12edbb2815807,2.6412
083ca1aa470c280236380973a48f77c6,90b58782fdd04cb829667fcc41fb65f5,3.9587
083ca1aa470c280236380973a48f77c6,308e4e21ae228a10f6370a243ae59995,3.8267
083ca1aa470c280236380973a48f77c6,8bb27b1d96be90b36b8d0c7f30931d52,3.0474
083ca1aa470c280236380973a48f77c6,a03e401d58a45187271718c5d7610422,2.8119
083ca1aa470c280236380973a48f77c6,ad1280b6c5b1af7cfd97372249be66c9,2.6832
083ca1aa470c280236380973a48f77c6,b8c2cf7e813b0eb7ec62f7459217b22c,2.6041
083ca1aa470c280236380973a48f77c6,fe59a1e006df3ac42bf0ceb876d70969,2.5302
083ca1aa470c280236380973a48f77c6,86f2416d4670e4ea3ca5494d043d9f24,2.3882
083ca1aa470c280236380973a48f77c6,0fd55f5dee013f990c929cd3ad6bfee0,2.3766
083ca1aa470c280236380973a48f77c6,b68cf84ede4fd1e14b1740de5b727d55,2.3335
0880a12c3591cb1e3f6f23567adae7c1,ebc714d9f070a89f4d411982ea9670fb,2.9041
0880a12c3591cb1e3f6f23567adae7c1,8bb27b1d96be90b36b8d0c7f30931d52,2.7127
0880a12c3591cb1e3f6f23567adae7c1,a03e401d58a45187271718c5d7610422,2.5031
0880a12c3591cb1e3f6f23567adae7c1,51f3e4065d72846204cb4f46d8d241cf,2.355
0880a12c3591cb1e3f6f23567adae7c1,b68cf84ede4fd1e14b1740de5b727d55,2.3495
0880a12c3591cb1e3f6f23567adae7c1,61a4100ccd6d9c4c808a1fd954ddb8ad,2.3439
0880a12c3591cb1e3f6f23567adae7c1,4638e41e1c53018897e12edbb2815807,2.3388
0880a12c3591cb1e3f6f23567adae7c1,fe31b2791161c24e921f90788d443e1c,2.3385
0880a12c3591cb1e3f6f23567adae7c1,39342c8e5e512bb1757779a3821a450f,2.143
0880a12c3591cb1e3f6f23567adae7c1,55aefe286a63b5e07f42a63c10371020,2.1418
08a374bca4063116d5530a7b04ecaf3f,a14aea6067b93158e956612c50b74cfa,4.0843
08a374bca4063116d5530a7b04ecaf3f,98a4301b1aacd45984603af55b7a1de4,3.4414
08a374bca4063116d5530a7b04ecaf3f,fe59a1e006df3ac42bf0ceb876d70969,3.4395
08a374bca4063116d5530a7b04ecaf3f,ebc714d9f070a89f4d411982ea9670fb,3.2216
08a374bca4063116d5530a7b04ecaf3f,1dd284c37ca97cbb86c029c65fb9a494,2.9445
08a374bca4063116d5530a7b04ecaf3f,a06766fec51c96d4d0bce282906735eb,2.8987
08a374bca4063116d5530a7b04ecaf3f,f110a8fd4a8052d5717ce2adc2bb71d0,2.796
08a374bca4063116d5530a7b04ecaf3f,b68cf84ede4fd1e14b1740de5b727d55,2.6649
08a374bca4063116d5530a7b04ecaf3f,c2a9f8aeb7a51580fccc2d1c4f8bceaf,2.5245
08a374bca4063116d5530a7b04ecaf3f,d61d270aa0862b38a2eb6cb38c05f60d,2.5137
08e5b38d7948d37fbb2a59fc5e175ab1,00faa46f36261af8bbf3a4d37fa4841b,4.2052
08e5b38d7948d37fbb2a59fc5e175ab1,6d8096ca93caea3416a6b24bf411bc86,3.7916
08e5b38d7948d37fbb2a59fc5e175ab1,ee918a5c4e95f273708c2582a5314325,3.4605
08e5b38d7948d37fbb2a59fc5e175ab1,f110a8fd4a8052d5717ce2adc2bb71d0,3.3906
08e5b38d7948d37fbb2a59fc5e175ab1,ebc714d9f070a89f4d411982ea9670fb,3.2586
08e5b38d7948d37fbb2a59fc5e175ab1,ad1280b6c5b1af7cfd97372249be66c9,3.107
08e5b38d7948d37fbb2a59fc5e175ab1,0fd55f5dee013f990c929cd3ad6bfee0,3.0113
08e5b38d7948d37fbb2a59fc5e175ab1,90b58782fdd04cb829667fcc41fb65f5,2.9914
08e5b38d7948d37fbb2a59fc5e175ab1,308e4e21ae228a10f6370a243ae59995,2.8916
08e5b38d7948d37fbb2a59fc5e175ab1,4606f0b0bceceb75e7a887e6b57cae3e,2.8304
09baec50afccbb414f24bf8e0bc7c020,51f3e4065d72846204cb4f46d8d241cf,3.4389
09baec50afccbb414f24bf8e0bc7c020,ebc714d9f070a89f4d411982ea9670fb,2.6556
09baec50afccbb414f24bf8e0bc7c020,65f037a133d9ffc71164a5d69dee187e,2.5819
09baec50afccbb414f24bf8e0bc7c020,8bb27b1d96be90b36b8d0c7f30931d52,2.3041
09baec50afccbb414f24bf8e0bc7c020,a03e401d58a45187271718c5d7610422,2.126
09baec50afccbb414f24bf8e0bc7c020,b8c2cf7e813b0eb7ec62f7459217b22c,2.0216
09baec50afccbb414f24bf8e0bc7c020,61a4100ccd6d9c4c808a1fd954ddb8ad,1.9591
09baec50afccbb414f24bf8e0bc7c020,00faa46f36261af8bbf3a4d37fa4841b,1.8739
09baec50afccbb414f24bf8e0bc7c020,730d34d191892dd7c4fb157daade465e,1.8693
09baec50afccbb414f24bf8e0bc7c020,30d1842be9c62546d3fb853119602ac2,1.8024
09bc7afc3e8d8dccaffd0b16944a91fe,fe59a1e006df3ac42bf0ceb876d70969,3.8035
09bc7afc3e8d8dccaffd0b16944a91fe,3bb3e5caf47c7e92ed97227247e942a8,3.7118
09bc7afc3e8d8dccaffd0b16944a91fe,57c9362442482cd2451f2eabf468e532,3.6889
09bc7afc3e8d8dccaffd0b16944a91fe,12f749c76f15e9bf5743bebda92da24a,3.6124
09bc7afc3e8d8dccaffd0b16944a91fe,df306b9d83f3a792369ff3360475936a,3.5801
09bc7afc3e8d8dccaffd0b16944a91fe,eb53f94fdc60278efcef123bb275658a,3.5707
09bc7afc3e8d8dccaffd0b16944a91fe,90b58782fdd04cb829667fcc41fb65f5,3.5345
09bc7afc3e8d8dccaffd0b16944a91fe,61937887eb6ee0b405a5759756426486,3.5339
09bc7afc3e8d8dccaffd0b16944a91fe,65f037a133d9ffc71164a5d69dee187e,3.4564
09bc7afc3e8d8dccaffd0b16944a91fe,2e511b5741ab14e7f5294df6f1310b03,3.4211
0a609db8d244100909a15d65eadf8539,61a4100ccd6d9c4c808a1fd954ddb8ad,3.8368
0a609db8d244100909a15d65eadf8539,d35d1fa56f3c5a2777f5542a84a085dd,3.7424
0a609db8d244100909a15d65eadf8539,3bb3e5caf47c7e92ed97227247e942a8,3.6892
0a609db8d244100909a15d65eadf8539,81de659bfde3389fc8614bfba92e585a,3.5665
0a609db8d244100909a15d65eadf8539,dc404a1496a08f9f5540c8b5d4b92925,3.5435
0a609db8d244100909a15d65eadf8539,61937887eb6ee0b405a5759756426486,3.4693
0a609db8d244100909a15d65eadf8539,2e511b5741ab14e7f5294df6f1310b03,3.3812
0a609db8d244100909a15d65eadf8539,dbb67791e405873b259e4656bf971246,3.3374
0a609db8d244100909a15d65eadf8539,8370300e444c4394d3c3f878606a9601,3.2906
0a609db8d244100909a15d65eadf8539,8bb27b1d96be90b36b8d0c7f30931d52,3.2861
0a61b571f594b6919601bcf3380da7f7,20531b0644a0719b8d506c4db3c56609,3.0429
0a61b571f594b6919601bcf3380da7f7,8bb27b1d96be90b36b8d0c7f30931d52,2.9403
0a61b571f594b6919601bcf3380da7f7,a03e401d58a45187271718c5d7610422,2.7131
0a61b571f594b6919601bcf3380da7f7,6e2a68aa94eb2a3b5b3499bf2314d544,2.6515
0a61b571f594b6919601bcf3380da7f7,90b58782fdd04cb829667fcc41fb65f5,2.5739
0a61b571f594b6919601bcf3380da7f7,308e4e21ae228a10f6370a243ae59995,2.4881
0a61b571f594b6919601bcf3380da7f7,57c9362442482cd2451f2eabf468e532,2.3575
0a61b571f594b6919601bcf3380da7f7,bb50f2e236e5eea0100680137654686c,2.3357
0a61b571f594b6919601bcf3380da7f7,b8c2cf7e813b0eb7ec62f7459217b22c,2.2934
0a61b571f594b6919601bcf3380da7f7,0de59eddc63167215c972b0d785ffa7b,2.1963
0a767212322d4dfce26644bdd620d2ae,ebc714d9f070a89f4d411982ea9670fb,2.8005
0a767212322d4dfce26644bdd620d2ae,8bb27b1d96be90b36b8d0c7f30931d52,2.5212
0a767212322d4dfce26644bdd620d2ae,61a4100ccd6d9c4c808a1fd954ddb8ad,2.4579
0a767212322d4dfce26644bdd620d2ae,55aefe286a63b5e07f42a63c10371020,2.3931
0a767212322d4dfce26644bdd620d2ae,3ed43e8f95f9801cd8099b6f73e07335,2.3508
0a767212322d4dfce26644bdd620d2ae,596dd8bfc1289b4336ef857ffb960d47,2.3508
0a767212322d4dfce26644bdd620d2ae,4638e41e1c53018897e12edbb2815807,2.3505
0a767212322d4dfce26644bdd620d2ae,a03e401d58a45187271718c5d7610422,2.3263
0a767212322d4dfce26644bdd620d2ae,fe31b2791161c24e921f90788d443e1c,2.2912
0a767212322d4dfce26644bdd620d2ae,51f3e4065d72846204cb4f46d8d241cf,2.2359
0aa1ab39ff2b837c05d7c9ff85b6d983,00faa46f36261af8bbf3a4d37fa4841b,4.0436
0aa1ab39ff2b837c05d7c9ff85b6d983,61937887eb6ee0b405a5759756426486,3.6371
0aa1ab39ff2b837c05d7c9ff85b6d983,ee918a5c4e95f273708c2582a5314325,3.1413
0aa1ab39ff2b837c05d7c9ff85b6d983,3bb3e5caf47c7e92ed97227247e942a8,2.6093
0aa1ab39ff2b837c05d7c9ff85b6d983,f110a8fd4a8052d5717ce2adc2bb71d0,2.5263
0aa1ab39ff2b837c05d7c9ff85b6d983,d787ebe896a3557db778d1fadf16ad85,2.3483
0aa1ab39ff2b837c05d7c9ff85b6d983,ebc714d9f070a89f4d411982ea9670fb,2.345
0aa1ab39ff2b837c05d7c9ff85b6d983,d35d1fa56f3c5a2777f5542a84a085dd,2.2597
0aa1ab39ff2b837c05d7c9ff85b6d983,3de0f67a3747dbf94f485e9f5843b02d,2.1702
0aa1ab39ff2b837c05d7c9ff85b6d983,61a4100ccd6d9c4c808a1fd954ddb8ad,2.1491
0abee71cd257861a0944e2a81cea4a50,8bb27b1d96be90b36b8d0c7f30931d52,4.5394
0abee71cd257861a0944e2a81cea4a50,a03e401d58a45187271718c5d7610422,4.1886
0abee71cd257861a0944e2a81cea4a50,51f3e4065d72846204cb4f46d8d241cf,3.7013
0abee71cd257861a0944e2a81cea4a50,b68cf84ede4fd1e14b1740de5b727d55,3.4585
0abee71cd257861a0944e2a81cea4a50,b8c2cf7e813b0eb7ec62f7459217b22c,3.4096
0abee71cd257861a0944e2a81cea4a50,90b58782fdd04cb829667fcc41fb65f5,3.0854
0abee71cd257861a0944e2a81cea4a50,ad1280b6c5b1af7cfd97372249be66c9,3.014
0abee71cd257861a0944e2a81cea4a50,308e4e21ae228a10f6370a243ae59995,2.9825
0abee71cd257861a0944e2a81cea4a50,fe59a1e006df3ac42bf0ceb876d70969,2.9612
0abee71cd257861a0944e2a81cea4a50,cc88837a83ef7b7ea2bf724434a53ef3,2.8186
0aef107040099c08391f73e81821bbac,00faa46f36261af8bbf3a4d37fa4841b,4.0704
0aef107040099c08391f73e81821bbac,90b58782fdd04cb829667fcc41fb65f5,3.3029
0aef107040099c08391f73e81821bbac,ad1280b6c5b1af7cfd97372249be66c9,3.2733
0aef107040099c08391f73e81821bbac,308e4e21ae228a10f6370a243ae59995,3.1927
0aef107040099c08391f73e81821bbac,6d8096ca93caea3416a6b24bf411bc86,3.1926
0aef107040099c08391f73e81821bbac,61937887eb6ee0b405a5759756426486,2.9314
0aef107040099c08391f73e81821bbac,6cdd53843498f92890544667809f1595,2.9214
0aef107040099c08391f73e81821bbac,51f3e4065d72846204cb4f46d8d241cf,2.8659
0aef107040099c08391f73e81821bbac,b8c2cf7e813b0eb7ec62f7459217b22c,2.8176
0aef107040099c08391f73e81821bbac,8bb27b1d96be90b36b8d0c7f30931d52,2.7562
0b18593e033697810a62a987e77f4b8c,57c9362442482cd2451f2eabf468e532,3.4765
0b18593e033697810a62a987e77f4b8c,3bb3e5caf47c7e92ed97227247e942a8,3.0646
0b18593e033697810a62a987e77f4b8c,0b00b16606aeb46da3543bbabff4d6b3,2.9972
0b18593e033697810a62a987e77f4b8c,2e511b5741ab14e7f5294df6f1310b03,2.7737
0b18593e033697810a62a987e77f4b8c,958cd4fc82ce0223c757f47bc9d67e23,2.6365
0b18593e033697810a62a987e77f4b8c,61937887eb6ee0b405a5759756426486,2.5219
0b18593e033697810a62a987e77f4b8c,d35d1fa56f3c5a2777f5542a84a085dd,2.5131
0b18593e033697810a62a987e77f4b8c,61a4100ccd6d9c4c808a1fd954ddb8ad,2.4793
0b18593e033697810a62a987e77f4b8c,eb53f94fdc60278efcef123bb275658a,2.4151
0b18593e033697810a62a987e77f4b8c,90b58782fdd04cb829667fcc41fb65f5,2.3808
0b6d4f036c07e10854affe43fc4e718c,39342c8e5e512bb1757779a3821a450f,3.3267
0b6d4f036c07e10854affe43fc4e718c,4638e41e1c53018897e12edbb2815807,3.2217
0b6d4f036c07e10854affe43fc4e718c,8bb27b1d96be90b36b8d0c7f30931d52,3.067
0b6d4f036c07e10854affe43fc4e718c,a03e401d58a45187271718c5d7610422,2.8299
0b6d4f036c07e10854affe43fc4e718c,55aefe286a63b5e07f42a63c10371020,2.5738
0b6d4f036c07e10854affe43fc4e718c,cc88837a83ef7b7ea2bf724434a53ef3,2.431
0b6d4f036c07e10854affe43fc4e718c,51f3e4065d72846204cb4f46d8d241cf,2.3747
0b6d4f036c07e10854affe43fc4e718c,fe31b2791161c24e921f90788d443e1c,2.3595
0b6d4f036c07e10854affe43fc4e718c,82cff05560eae73466f8778690b037fa,2.3449
0b6d4f036c07e10854affe43fc4e718c,0de59eddc63167215c972b0d785ffa7b,2.3313
0d153268371aa25450d4117ff070277e,00faa46f36261af8bbf3a4d37fa4841b,5.0118
0d153268371aa25450d4117ff070277e,ee918a5c4e95f273708c2582a5314325,3.7925
0d153268371aa25450d4117ff070277e,61937887eb6ee0b405a5759756426486,3.6525
0d153268371aa25450d4117ff070277e,ebc714d9f070a89f4d411982ea9670fb,3.2982
0d153268371aa25450d4117ff070277e,f110a8fd4a8052d5717ce2adc2bb71d0,3.114
0d153268371aa25450d4117ff070277e,51f3e4065d72846204cb4f46d8d241cf,2.9396
0d153268371aa25450d4117ff070277e,0a56efd5f050d3f861a04c6f005d1128,2.6896
0d153268371aa25450d4117ff070277e,d787ebe896a3557db778d1fadf16ad85,2.594
0d153268371aa25450d4117ff070277e,63094ac128b54dd72d511043411df079,2.5058
0d153268371aa25450d4117ff070277e,65f037a133d9ffc71164a5d69dee187e,2.491
0d7241c7fb49c1be6e75c9fe99e0822c,3bb3e5caf47c7e92ed97227247e942a8,4.7534
0d7241c7fb49c1be6e75c9fe99e0822c,d35d1fa56f3c5a2777f5542a84a085dd,4.1165
0d7241c7fb49c1be6e75c9fe99e0822c,61937887eb6ee0b405a5759756426486,3.9823
0d7241c7fb49c1be6e75c9fe99e0822c,57c9362442482cd2451f2eabf468e532,3.1455
0d7241c7fb49c1be6e75c9fe99e0822c,3de0f67a3747dbf94f485e9f5843b02d,3.0559
0d7241c7fb49c1be6e75c9fe99e0822c,62b07aff118f62756ee579afeedc3eb0,2.9517
0d7241c7fb49c1be6e75c9fe99e0822c,b01cedfa96d891427058852f0625e9ee,2.9424
0d7241c7fb49c1be6e75c9fe99e0822c,00faa46f36261af8bbf3a4d37fa4841b,2.9356
0d7241c7fb49c1be6e75c9fe99e0822c,12f749c76f15e9bf5743bebda92da24a,2.9287
0d7241c7fb49c1be6e75c9fe99e0822c,20531b0644a0719b8d506c4db3c56609,2.8941
0e4cb268bd62da7db135af6349b4fc2a,b68cf84ede4fd1e14b1740de5b727d55,3.0689
0e4cb268bd62da7db135af6349b4fc2a,a7329b3e52d13627c92b24a745e70873,2.7125
0e4cb268bd62da7db135af6349b4fc2a,fe59a1e006df3ac42bf0ceb876d70969,2.6178
0e4cb268bd62da7db135af6349b4fc2a,ebc714d9f070a89f4d411982ea9670fb,2.4793
0e4cb268bd62da7db135af6349b4fc2a,a14aea6067b93158e956612c50b74cfa,2.364
0e4cb268bd62da7db135af6349b4fc2a,8bb27b1d96be90b36b8d0c7f30931d52,2.3471
0e4cb268bd62da7db135af6349b4fc2a,20531b0644a0719b8d506c4db3c56609,2.3381
0e4cb268bd62da7db135af6349b4fc2a,99e365fea0b15ee63272ff391fdde785,2.1795
0e4cb268bd62da7db135af6349b4fc2a,a03e401d58a45187271718c5d7610422,2.1657
0e4cb268bd62da7db135af6349b4fc2a,c2a9f8aeb7a51580fccc2d1c4f8bceaf,2.0718
0e4d012fac3d20c033e0284fb6d2ea6a,6e2a68aa94eb2a3b5b3499bf2314d544,5.899
0e4d012fac3d20c033e0284fb6d2ea6a,05431e0dd637e910dd67d7ad823e8437,5.092
0e4d012fac3d20c033e0284fb6d2ea6a,cc7e60cc41c667212b37102362120438,5.0826
0e4d012fac3d20c033e0284fb6d2ea6a,55aefe286a63b5e07f42a63c10371020,4.4595
0e4d012fac3d20c033e0284fb6d2ea6a,0b00b16606aeb46da3543bbabff4d6b3,4.1208
0e4d012fac3d20c033e0284fb6d2ea6a,c2a9f8aeb7a51580fccc2d1c4f8bceaf,4.1069
0e4d012fac3d20c033e0284fb6d2ea6a,3ed43e8f95f9801cd8099b6f73e07335,4.0639
0e4d012fac3d20c033e0284fb6d2ea6a,596dd8bfc1289b4336ef857ffb960d47,4.0639
0e4d012fac3d20c033e0284fb6d2ea6a,108dfaacffadeceb87032609d340722c,3.9989
0e4d012fac3d20c033e0284fb6d2ea6a,4606f0b0bceceb75e7a887e6b57cae3e,3.6914
0ec7a2de907687639ba7708527850b78,6e2a68aa94eb2a3b5b3499bf2314d544,2.6387
0ec7a2de907687639ba7708527850b78,0573b564a90d2d9f9c460eb963da8c33,2.332
0ec7a2de907687639ba7708527850b78,39342c8e5e512bb1757779a3821a450f,2.1478
0ec7a2de907687639ba7708527850b78,6e741443e7a0707cb99e552dc844439a,2.1196
0ec7a2de907687639ba7708527850b78,48640118918b5bd6454e3fee20ad637b,2.053
0ec7a2de907687639ba7708527850b78,e76a885142c73e17342e450b79b46d40,2.0522
0ec7a2de907687639ba7708527850b78,d04e48982547095af81c231c3d581cb6,2.0203
0ec7a2de907687639ba7708527850b78,bb50f2e236e5eea0100680137654686c,1.9402
0ec7a2de907687639ba7708527850b78,fe31b2791161c24e921f90788d443e1c,1.8797
0ec7a2de907687639ba7708527850b78,55aefe286a63b5e07f42a63c10371020,1.8562
0f8758e5b1c6c6b2156a9dddce128558,90b58782fdd04cb829667fcc41fb65f5,3.4042
0f8758e5b1c6c6b2156a9dddce128558,308e4e21ae228a10f6370a243ae59995,3.2907
0f8758e5b1c6c6b2156a9dddce128558,8bb27b1d96be90b36b8d0c7f30931d52,2.8566
0f8758e5b1c6c6b2156a9dddce128558,a03e401d58a45187271718c5d7610422,2.6358
0f8758e5b1c6c6b2156a9dddce128558,0fd55f5dee013f990c929cd3ad6bfee0,2.465
0f8758e5b1c6c6b2156a9dddce128558,ee918a5c4e95f273708c2582a5314325,2.344
0f8758e5b1c6c6b2156a9dddce128558,0de59eddc63167215c972b0d785ffa7b,2.0999
0f8758e5b1c6c6b2156a9dddce128558,86f2416d4670e4ea3ca5494d043d9f24,2.0537
0f8758e5b1c6c6b2156a9dddce128558,bc596794d92f7b9959fe0e7430354b52,2.0079
0f8758e5b1c6c6b2156a9dddce128558,b68cf84ede4fd1e14b1740de5b727d55,1.9782
0fd39b61ec94864f92e18e5d7144bc6c,3bb3e5caf47c7e92ed97227247e942a8,3.8838
0fd39b61ec94864f92e18e5d7144bc6c,61a4100ccd6d9c4c808a1fd954ddb8ad,3.8757
0fd39b61ec94864f92e18e5d7144bc6c,d35d1fa56f3c5a2777f5542a84a085dd,3.2948
0fd39b61ec94864f92e18e5d7144bc6c,61937887eb6ee0b405a5759756426486,3.279
0fd39b61ec94864f92e18e5d7144bc6c,dbb67791e405873b259e4656bf971246,3.1374
0fd39b61ec94864f92e18e5d7144bc6c,81de659bfde3389fc8614bfba92e585a,2.9984
0fd39b61ec94864f92e18e5d7144bc6c,57c9362442482cd2451f2eabf468e532,2.9926
0fd39b61ec94864f92e18e5d7144bc6c,8370300e444c4394d3c3f878606a9601,2.9103
0fd39b61ec94864f92e18e5d7144bc6c,dc404a1496a08f9f5540c8b5d4b92925,2.8215
0fd39b61ec94864f92e18e5d7144bc6c,597d26435e8ef77bb0fcd26f6c07d486,2.6843
1048bfc5f32f7cd7ac2b4f4e3cbc3e26,2e511b5741ab14e7f5294df6f1310b03,4.3041
1048bfc5f32f7cd7ac2b4f4e3cbc3e26,70906e04da1eebf3d1b8791bd09ffe85,3.5951
1048bfc5f32f7cd7ac2b4f4e3cbc3e26,8bb27b1d96be90b36b8d0c7f30931d52,3.4501
1048bfc5f32f7cd7ac2b4f4e3cbc3e26,fe31b2791161c24e921f90788d443e1c,3.3985
1048bfc5f32f7cd7ac2b4f4e3cbc3e26,a03e401d58a45187271718c5d7610422,3.1834
1048bfc5f32f7cd7ac2b4f4e3cbc3e26,41da75141264c3bde21ecea85a4cb8b7,2.9952
1048bfc5f32f7cd7ac2b4f4e3cbc3e26,57c9362442482cd2451f2eabf468e532,2.9494
1048bfc5f32f7cd7ac2b4f4e3cbc3e26,0b00b16606aeb46da3543bbabff4d6b3,2.8193
1048bfc5f32f7cd7ac2b4f4e3cbc3e26,a04cf12934a318be6550b1aeab938bf2,2.8052
1048bfc5f32f7cd7ac2b4f4e3cbc3e26,451482edc91f59c001a5a3a0e4d594bf,2.6598
113b3f090cc1df6f405ec326a1765522,8bb27b1d96be90b36b8d0c7f30931d52,3.6547
113b3f090cc1df6f405ec326a1765522,cc7e60cc41c667212b37102362120438,3.5076
113b3f090cc1df6f405ec326a1765522,a03e401d58a45187271718c5d7610422,3.3723
113b3f090cc1df6f405ec326a1765522,61a4100ccd6d9c4c808a1fd954ddb8ad,3.0865
113b3f090cc1df6f405ec326a1765522,b68cf84ede4fd1e14b1740de5b727d55,3.0715
113b3f090cc1df6f405ec326a1765522,3ed43e8f95f9801cd8099b6f73e07335,3.0319
113b3f090cc1df6f405ec326a1765522,596dd8bfc1289b4336ef857ffb960d47,3.0319
113b3f090cc1df6f405ec326a1765522,2e511b5741ab14e7f5294df6f1310b03,2.8957
113b3f090cc1df6f405ec326a1765522,0fd55f5dee013f990c929cd3ad6bfee0,2.8938
113b3f090cc1df6f405ec326a1765522,05431e0dd637e910dd67d7ad823e8437,2.8511
11b47516f8f6a42105b9807903ede333,ebc714d9f070a89f4d411982ea9670fb,3.103
11b47516f8f6a42105b9807903ede333,ee918a5c4e95f273708c2582a5314325,3.0145
11b47516f8f6a42105b9807903ede333,00faa46f36261af8bbf3a4d37fa4841b,2.8304
11b47516f8f6a42105b9807903ede333,8bb27b1d96be90b36b8d0c7f30931d52,2.8032
11b47516f8f6a42105b9807903ede333,b8c2cf7e813b0eb7ec62f7459217b22c,2.78
11b47516f8f6a42105b9807903ede333,51f3e4065d72846204cb4f46d8d241cf,2.7587
11b47516f8f6a42105b9807903ede333,fe31b2791161c24e921f90788d443e1c,2.6056
11b47516f8f6a42105b9807903ede333,a03e401d58a45187271718c5d7610422,2.5866
11b47516f8f6a42105b9807903ede333,79ccb1aca8fcf379a6ed2412fba0480e,2.5481
11b47516f8f6a42105b9807903ede333,bf44071ef18f5c9ded039681c68b1996,2.2752
12d8b5ed661190a3a08183644dfc504d,90b58782fdd04cb829667fcc41fb65f5,3.4606
12d8b5ed661190a3a08183644dfc504d,308e4e21ae228a10f6370a243ae59995,3.3452
12d8b5ed661190a3a08183644dfc504d,8bb27b1d96be90b36b8d0c7f30931d52,3.2703
12d8b5ed661190a3a08183644dfc504d,0fd55f5dee013f990c929cd3ad6bfee0,3.2363
12d8b5ed661190a3a08183644dfc504d,bc596794d92f7b9959fe0e7430354b52,3.1533
12d8b5ed661190a3a08183644dfc504d,b68cf84ede4fd1e14b1740de5b727d55,3.0644
12d8b5ed661190a3a08183644dfc504d,a03e401d58a45187271718c5d7610422,3.0176
12d8b5ed661190a3a08183644dfc504d,cc7e60cc41c667212b37102362120438,2.9952
12d8b5ed661190a3a08183644dfc504d,c2a9f8aeb7a51580fccc2d1c4f8bceaf,2.8134
12d8b5ed661190a3a08183644dfc504d,6e2a68aa94eb2a3b5b3499bf2314d544,2.7632
12f5d6e1cbf93dafd9dcc19095df0b3d,8bb27b1d96be90b36b8d0c7f30931d52,3.4938
12f5d6e1cbf93dafd9dcc19095df0b3d,a03e401d58a45187271718c5d7610422,3.2238
12f5d6e1cbf93dafd9dcc19095df0b3d,b68cf84ede4fd1e14b1740de5b727d55,3.1441
12f5d6e1cbf93dafd9dcc19095df0b3d,90b58782fdd04cb829667fcc41fb65f5,2.7626
12f5d6e1cbf93dafd9dcc19095df0b3d,fe59a1e006df3ac42bf0ceb876d70969,2.7518
12f5d6e1cbf93dafd9dcc19095df0b3d,308e4e21ae228a10f6370a243ae59995,2.6705
12f5d6e1cbf93dafd9dcc19095df0b3d,b8c2cf7e813b0eb7ec62f7459217b22c,2.5812
12f5d6e1cbf93dafd9dcc19095df0b3d,ebc714d9f070a89f4d411982ea9670fb,2.5324
12f5d6e1cbf93dafd9dcc19095df0b3d,fe31b2791161c24e921f90788d443e1c,2.4951
12f5d6e1cbf93dafd9dcc19095df0b3d,2e511b5741ab14e7f5294df6f1310b03,2.4576
1373e04979cfa0fb2092909abbd57f25,fe59a1e006df3ac42bf0ceb876d70969,4.2319
1373e04979cfa0fb2092909abbd57f25,b68cf84ede4fd1e14b1740de5b727d55,3.798
1373e04979cfa0fb2092909abbd57f25,c2a9f8aeb7a51580fccc2d1c4f8bceaf,3.6359
1373e04979cfa0fb2092909abbd57f25,a14aea6067b93158e956612c50b74cfa,3.4941
1373e04979cfa0fb2092909abbd57f25,730d34d191892dd7c4fb157daade465e,3.4118
1373e04979cfa0fb2092909abbd57f25,ebc714d9f070a89f4d411982ea9670fb,3.3152
1373e04979cfa0fb2092909abbd57f25,30d1842be9c62546d3fb853119602ac2,3.2896
1373e04979cfa0fb2092909abbd57f25,cc7e60cc41c667212b37102362120438,3.2639
1373e04979cfa0fb2092909abbd57f25,98a4301b1aacd45984603af55b7a1de4,3.2346
1373e04979cfa0fb2092909abbd57f25,f110a8fd4a8052d5717ce2adc2bb71d0,3.1397
13cee990a85633da28745ac856b76704,57c9362442482cd2451f2eabf468e532,3.5249
13cee990a85633da28745ac856b76704,3bb3e5caf47c7e92ed97227247e942a8,3.4758
13cee990a85633da28745ac856b76704,d35d1fa56f3c5a2777f5542a84a085dd,3.0761
13cee990a85633da28745ac856b76704,65f037a133d9ffc71164a5d69dee187e,3.0086
13cee990a85633da28745ac856b76704,61937887eb6ee0b405a5759756426486,2.766
13cee990a85633da28745ac856b76704,20531b0644a0719b8d506c4db3c56609,2.7356
13cee990a85633da28745ac856b76704,958cd4fc82ce0223c757f47bc9d67e23,2.6732
13cee990a85633da28745ac856b76704,0b00b16606aeb46da3543bbabff4d6b3,2.6511
13cee990a85633da28745ac856b76704,eb53f94fdc60278efcef123bb275658a,2.6296
13cee990a85633da28745ac856b76704,2e511b5741ab14e7f5294df6f1310b03,2.6094
1412a71cfa4f44a7e5473220f820b4d9,8bb27b1d96be90b36b8d0c7f30931d52,2.8438
1412a71cfa4f44a7e5473220f820b4d9,cc7e60cc41c667212b37102362120438,2.7865
1412a71cfa4f44a7e5473220f820b4d9,55aefe286a63b5e07f42a63c10371020,2.734
1412a71cfa4f44a7e5473220f820b4d9,6e2a68aa94eb2a3b5b3499bf2314d544,2.6985
1412a71cfa4f44a7e5473220f820b4d9,0de59eddc63167215c972b0d785ffa7b,2.6358
1412a71cfa4f44a7e5473220f820b4d9,a03e401d58a45187271718c5d7610422,2.624
1412a71cfa4f44a7e5473220f820b4d9,fe31b2791161c24e921f90788d443e1c,2.5622
1412a71cfa4f44a7e5473220f820b4d9,48640118918b5bd6454e3fee20ad637b,2.5463
1412a71cfa4f44a7e5473220f820b4d9,0fd55f5dee013f990c929cd3ad6bfee0,2.4452
1412a71cfa4f44a7e5473220f820b4d9,90b58782fdd04cb829667fcc41fb65f5,2.2139
14584c89f9dfa851a955eaef68ebbf43,05431e0dd637e910dd67d7ad823e8437,3.7359
14584c89f9dfa851a955eaef68ebbf43,6e2a68aa94eb2a3b5b3499bf2314d544,3.131
14584c89f9dfa851a955eaef68ebbf43,0b00b16606aeb46da3543bbabff4d6b3,2.916
14584c89f9dfa851a955eaef68ebbf43,108dfaacffadeceb87032609d340722c,2.7578
14584c89f9dfa851a955eaef68ebbf43,cc7e60cc41c667212b37102362120438,2.6113
14584c89f9dfa851a955eaef68ebbf43,4606f0b0bceceb75e7a887e6b57cae3e,2.547
14584c89f9dfa851a955eaef68ebbf43,4cda9d93b0a846dfdca597f1b1d19c08,2.4352
14584c89f9dfa851a955eaef68ebbf43,c2a9f8aeb7a51580fccc2d1c4f8bceaf,2.3448
14584c89f9dfa851a955eaef68ebbf43,3ed43e8f95f9801cd8099b6f73e07335,2.2322
14584c89f9dfa851a955eaef68ebbf43,596dd8bfc1289b4336ef857ffb960d47,2.2322
149c19901ddcd1057deaabc003004a12,fe59a1e006df3ac42bf0ceb876d70969,3.5259
149c19901ddcd1057deaabc003004a12,98a4301b1aacd45984603af55b7a1de4,3.3987
149c19901ddcd1057deaabc003004a12,a14aea6067b93158e956612c50b74cfa,3.2887
149c19901ddcd1057deaabc003004a12,a06766fec51c96d4d0bce282906735eb,2.8627
149c19901ddcd1057deaabc003004a12,b68cf84ede4fd1e14b1740de5b727d55,2.8128
149c19901ddcd1057deaabc003004a12,c2a9f8aeb7a51580fccc2d1c4f8bceaf,2.6378
149c19901ddcd1057deaabc003004a12,0fd55f5dee013f990c929cd3ad6bfee0,2.5321
149c19901ddcd1057deaabc003004a12,730d34d191892dd7c4fb157daade465e,2.471
149c19901ddcd1057deaabc003004a12,ad1280b6c5b1af7cfd97372249be66c9,2.4582
149c19901ddcd1057deaabc003004a12,30d1842be9c62546d3fb853119602ac2,2.3825
14ff354fb345f1801c04a61e7a357675,8bb27b1d96be90b36b8d0c7f30931d52,3.241
14ff354fb345f1801c04a61e7a357675,b68cf84ede4fd1e14b1740de5b727d55,3.0666
14ff354fb345f1801c04a61e7a357675,a03e401d58a45187271718c5d7610422,2.9905
14ff354fb345f1801c04a61e7a357675,51f3e4065d72846204cb4f46d8d241cf,2.6511
14ff354fb345f1801c04a61e7a357675,ebc714d9f070a89f4d411982ea9670fb,2.5848
14ff354fb345f1801c04a61e7a357675,61a4100ccd6d9c4c808a1fd954ddb8ad,2.5742
14ff354fb345f1801c04a61e7a357675,fe31b2791161c24e921f90788d443e1c,2.5538
14ff354fb345f1801c04a61e7a357675,2e511b5741ab14e7f5294df6f1310b03,2.3472
14ff354fb345f1801c04a61e7a357675,fe59a1e006df3ac42bf0ceb876d70969,2.2587
14ff354fb345f1801c04a61e7a357675,0de59eddc63167215c972b0d785ffa7b,2.2218
1501fb94311512e6b98462d159e05a23,6b6b162b177d0f36987993aecbe1c65f,4.5683
1501fb94311512e6b98462d159e05a23,fe31b2791161c24e921f90788d443e1c,4.2576
1501fb94311512e6b98462d159e05a23,2e511b5741ab14e7f5294df6f1310b03,4.0024
1501fb94311512e6b98462d159e05a23,b8c2cf7e813b0eb7ec62f7459217b22c,3.8546
1501fb94311512e6b98462d159e05a23,8bb27b1d96be90b36b8d0c7f30931d52,3.8171
1501fb94311512e6b98462d159e05a23,a03e401d58a45187271718c5d7610422,3.5221
1501fb94311512e6b98462d159e05a23,41da75141264c3bde21ecea85a4cb8b7,3.4679
1501fb94311512e6b98462d159e05a23,70906e04da1eebf3d1b8791bd09ffe85,3.3431
1501fb94311512e6b98462d159e05a23,a04cf12934a318be6550b1aeab938bf2,3.3144
1501fb94311512e6b98462d159e05a23,0de59eddc63167215c972b0d785ffa7b,3.1684
1603fe1e712d0e17f148f6b8b106c737,2e511b5741ab14e7f5294df6f1310b03,4.4027
1603fe1e712d0e17f148f6b8b106c737,57c9362442482cd2451f2eabf468e532,4.1567
1603fe1e712d0e17f148f6b8b106c737,fe31b2791161c24e921f90788d443e1c,3.7831
1603fe1e712d0e17f148f6b8b106c737,70906e04da1eebf3d1b8791bd09ffe85,3.6775
1603fe1e712d0e17f148f6b8b106c737,0b00b16606aeb46da3543bbabff4d6b3,3.6763
1603fe1e712d0e17f148f6b8b106c737,8bb27b1d96be90b36b8d0c7f30931d52,3.6313
1603fe1e712d0e17f148f6b8b106c737,a03e401d58a45187271718c5d7610422,3.3507
1603fe1e712d0e17f148f6b8b106c737,958cd4fc82ce0223c757f47bc9d67e23,3.1524
1603fe1e712d0e17f148f6b8b106c737,ee918a5c4e95f273708c2582a5314325,3.1016
1603fe1e712d0e17f148f6b8b106c737,a04cf12934a318be6550b1aeab938bf2,2.9854
172e5ceb39fc662dc3cd66286385e91c,ebc714d9f070a89f4d411982ea9670fb,3.2513
172e5ceb39fc662dc3cd66286385e91c,a14aea6067b93158e956612c50b74cfa,3.2402
172e5ceb39fc662dc3cd66286385e91c,730d34d191892dd7c4fb157daade465e,3.1632
172e5ceb39fc662dc3cd66286385e91c,30d1842be9c62546d3fb853119602ac2,3.0499
172e5ceb39fc662dc3cd66286385e91c,fe59a1e006df3ac42bf0ceb876d70969,2.9974
172e5ceb39fc662dc3cd66286385e91c,6e741443e7a0707cb99e552dc844439a,2.9849
172e5ceb39fc662dc3cd66286385e91c,b68cf84ede4fd1e14b1740de5b727d55,2.945
172e5ceb39fc662dc3cd66286385e91c,cc7e60cc41c667212b37102362120438,2.8313
172e5ceb39fc662dc3cd66286385e91c,c2a9f8aeb7a51580fccc2d1c4f8bceaf,2.803
172e5ceb39fc662dc3cd66286385e91c,a7329b3e52d13627c92b24a745e70873,2.7543
173377321e73c7f0406a59deade342bf,00faa46f36261af8bbf3a4d37fa4841b,3.8698
173377321e73c7f0406a59deade342bf,61937887eb6ee0b405a5759756426486,3.5714
173377321e73c7f0406a59deade342bf,ee918a5c4e95f273708c2582a5314325,3.0099
173377321e73c7f0406a59deade342bf,d35d1fa56f3c5a2777f5542a84a085dd,2.5603
173377321e73c7f0406a59deade342bf,3bb3e5caf47c7e92ed97227247e942a8,2.4643
173377321e73c7f0406a59deade342bf,3de0f67a3747dbf94f485e9f5843b02d,2.3156
173377321e73c7f0406a59deade342bf,d787ebe896a3557db778d1fadf16ad85,2.1518
173377321e73c7f0406a59deade342bf,f110a8fd4a8052d5717ce2adc2bb71d0,2.1354
173377321e73c7f0406a59deade342bf,c71bf92cf123eb294304073fc1751bf3,2.1172
173377321e73c7f0406a59deade342bf,20531b0644a0719b8d506c4db3c56609,1.944
178aa3ff5ef686b49041d63944951729,6b6b162b177d0f36987993aecbe1c65f,2.9157
178aa3ff5ef686b49041d63944951729,8bb27b1d96be90b36b8d0c7f30931d52,2.6687
178aa3ff5ef686b49041d63944951729,bb50f2e236e5eea0100680137654686c,2.5093
178aa3ff5ef686b49041d63944951729,a03e401d58a45187271718c5d7610422,2.4624
178aa3ff5ef686b49041d63944951729,fe31b2791161c24e921f90788d443e1c,2.4335
178aa3ff5ef686b49041d63944951729,b8c2cf7e813b0eb7ec62f7459217b22c,2.3926
178aa3ff5ef686b49041d63944951729,20531b0644a0719b8d506c4db3c56609,2.3891
178aa3ff5ef686b49041d63944951729,6e741443e7a0707cb99e552dc844439a,2.3007
178aa3ff5ef686b49041d63944951729,0de59eddc63167215c972b0d785ffa7b,2.2442
178aa3ff5ef686b49041d63944951729,a7329b3e52d13627c92b24a745e70873,2.231
17b02657b33d70c10696d941d13080ad,fe59a1e006df3ac42bf0ceb876d70969,3.1791
17b02657b33d70c10696d941d13080ad,730d34d191892dd7c4fb157daade465e,2.6521
17b02657b33d70c10696d941d13080ad,b68cf84ede4fd1e14b1740de5b727d55,2.6485
17b02657b33d70c10696d941d13080ad,30d1842be9c62546d3fb853119602ac2,2.5571
17b02657b33d70c10696d941d13080ad,a14aea6067b93158e956612c50b74cfa,2.5434
17b02657b33d70c10696d941d13080ad,65f037a133d9ffc71164a5d69dee187e,2.2354
17b02657b33d70c10696d941d13080ad,98a4301b1aacd45984603af55b7a1de4,2.2202
17b02657b33d70c10696d941d13080ad,6e741443e7a0707cb99e552dc844439a,2.2097
17b02657b33d70c10696d941d13080ad,c2a9f8aeb7a51580fccc2d1c4f8bceaf,2.1449
17b02657b33d70c10696d941d13080ad,ebc714d9f070a89f4d411982ea9670fb,2.1209
17e5182d5817ab03fa16ee8e960e1b87,fe31b2791161c24e921f90788d443e1c,3.9921
17e5182d5817ab03fa16ee8e960e1b87,ebc714d9f070a89f4d411982ea9670fb,3.6918
17e5182d5817ab03fa16ee8e960e1b87,b8c2cf7e813b0eb7ec62f7459217b22c,3.5482
17e5182d5817ab03fa16ee8e960e1b87,8bb27b1d96be90b36b8d0c7f30931d52,3.4928
17e5182d5817ab03fa16ee8e960e1b87,6b6b162b177d0f36987993aecbe1c65f,3.429
17e5182d5817ab03fa16ee8e960e1b87,51f3e4065d72846204cb4f46d8d241cf,3.2448
17e5182d5817ab03fa16ee8e960e1b87,a03e401d58a45187271718c5d7610422,3.2229
17e5182d5817ab03fa16ee8e960e1b87,ee918a5c4e95f273708c2582a5314325,3.1961
17e5182d5817ab03fa16ee8e960e1b87,b6ada73818651fe7e64be10653062ea2,3.1856
17e5182d5817ab03fa16ee8e960e1b87,bf44071ef18f5c9ded039681c68b1996,3.1856
186638bdb0f600c9bf2bd60e4b14537c,6e2a68aa94eb2a3b5b3499bf2314d544,3.3056
186638bdb0f600c9bf2bd60e4b14537c,cc7e60cc41c667212b37102362120438,2.8588
186638bdb0f600c9bf2bd60e4b14537c,05431e0dd637e910dd67d7ad823e8437,2.6342
186638bdb0f600c9bf2bd60e4b14537c,55aefe286a63b5e07f42a63c10371020,2.2905
186638bdb0f600c9bf2bd60e4b14537c,c2a9f8aeb7a51580fccc2d1c4f8bceaf,2.2457
186638bdb0f600c9bf2bd60e4b14537c,57c9362442482cd2451f2eabf468e532,2.1621
186638bdb0f600c9bf2bd60e4b14537c,0b00b16606aeb46da3543bbabff4d6b3,2.1604
186638bdb0f600c9bf2bd60e4b14537c,b8c2cf7e813b0eb7ec62f7459217b22c,2.1523
186638bdb0f600c9bf2bd60e4b14537c,4606f0b0bceceb75e7a887e6b57cae3e,2.0631
186638bdb0f600c9bf2bd60e4b14537c,0573b564a90d2d9f9c460eb963da8c33,2.0205
188b4725e34369a393ae43a6f7703876,2e511b5741ab14e7f5294df6f1310b03,4.8893
188b4725e34369a393ae43a6f7703876,70906e04da1eebf3d1b8791bd09ffe85,4.0839
188b4725e34369a393ae43a6f7703876,3ed43e8f95f9801cd8099b6f73e07335,3.9198
188b4725e34369a393ae43a6f7703876,596dd8bfc1289b4336ef857ffb960d47,3.9198
188b4725e34369a393ae43a6f7703876,61a4100ccd6d9c4c808a1fd954ddb8ad,3.8763
188b4725e34369a393ae43a6f7703876,451482edc91f59c001a5a3a0e4d594bf,3.799
188b4725e34369a393ae43a6f7703876,8bb27b1d96be90b36b8d0c7f30931d52,3.591
188b4725e34369a393ae43a6f7703876,fe31b2791161c24e921f90788d443e1c,3.5347
188b4725e34369a393ae43a6f7703876,0b00b16606aeb46da3543bbabff4d6b3,3.5301
188b4725e34369a393ae43a6f7703876,57c9362442482cd2451f2eabf468e532,3.4371
18a65d67bb184e736656cc017f09f7b8,8bb27b1d96be90b36b8d0c7f30931d52,4.1404
18a65d67bb184e736656cc017f09f7b8,a03e401d58a45187271718c5d7610422,3.8204
18a65d67bb184e736656cc017f09f7b8,90b58782fdd04cb829667fcc41fb65f5,3.7691
18a65d67bb184e736656cc017f09f7b8,b68cf84ede4fd1e14b1740de5b727d55,3.6491
18a65d67bb184e736656cc017f09f7b8,308e4e21ae228a10f6370a243ae59995,3.6434
18a65d67bb184e736656cc017f09f7b8,fe59a1e006df3ac42bf0ceb876d70969,2.8743
18a65d67bb184e736656cc017f09f7b8,b8c2cf7e813b0eb7ec62f7459217b22c,2.8072
18a65d67bb184e736656cc017f09f7b8,20531b0644a0719b8d506c4db3c56609,2.7853
18a65d67bb184e736656cc017f09f7b8,51f3e4065d72846204cb4f46d8d241cf,2.6758
18a65d67bb184e736656cc017f09f7b8,0fd55f5dee013f990c929cd3ad6bfee0,2.6733
18ac369326ec0aafe3ae0e397b14102b,90b58782fdd04cb829667fcc41fb65f5,5.3099
18ac369326ec0aafe3ae0e397b14102b,308e4e21ae228a10f6370a243ae59995,5.1328
18ac369326ec0aafe3ae0e397b14102b,8bb27b1d96be90b36b8d0c7f30931d52,4.0483
18ac369326ec0aafe3ae0e397b14102b,a03e401d58a45187271718c5d7610422,3.7354
18ac369326ec0aafe3ae0e397b14102b,0fd55f5dee013f990c929cd3ad6bfee0,3.3762
18ac369326ec0aafe3ae0e397b14102b,05805f52cdeb93d7684f871e599f0078,3.2687
18ac369326ec0aafe3ae0e397b14102b,ad1280b6c5b1af7cfd97372249be66c9,3.2214
18ac369326ec0aafe3ae0e397b14102b,86f2416d4670e4ea3ca5494d043d9f24,3.2034
18ac369326ec0aafe3ae0e397b14102b,b8c2cf7e813b0eb7ec62f7459217b22c,3.1382
18ac369326ec0aafe3ae0e397b14102b,0de59eddc63167215c972b0d785ffa7b,3.0647
18e3d276253780b44b5b7bf83f6785ec,fe59a1e006df3ac42bf0ceb876d70969,2.8444
18e3d276253780b44b5b7bf83f6785ec,98a4301b1aacd45984603af55b7a1de4,2.7752
18e3d276253780b44b5b7bf83f6785ec,90b58782fdd04cb829667fcc41fb65f5,2.7098
18e3d276253780b44b5b7bf83f6785ec,308e4e21ae228a10f6370a243ae59995,2.6194
18e3d276253780b44b5b7bf83f6785ec,dcfe76be1e1036cb99e5d8bdc2a1b1c9,2.5503
18e3d276253780b44b5b7bf83f6785ec,ad1280b6c5b1af7cfd97372249be66c9,2.3505
18e3d276253780b44b5b7bf83f6785ec,a06766fec51c96d4d0bce282906735eb,2.3376
18e3d276253780b44b5b7bf83f6785ec,05805f52cdeb93d7684f871e599f0078,2.3132
18e3d276253780b44b5b7bf83f6785ec,a14aea6067b93158e956612c50b74cfa,2.2894
18e3d276253780b44b5b7bf83f6785ec,8bb27b1d96be90b36b8d0c7f30931d52,2.241
194be31520cde5c527bad17720119e85,ad1280b6c5b1af7cfd97372249be66c9,3.6467
194be31520cde5c527bad17720119e85,b8c2cf7e813b0eb7ec62f7459217b22c,2.9282
194be31520cde5c527bad17720119e85,fe59a1e006df3ac42bf0ceb876d70969,2.9255
194be31520cde5c527bad17720119e85,90b58782fdd04cb829667fcc41fb65f5,2.7975
194be31520cde5c527bad17720119e85,0fd55f5dee013f990c929cd3ad6bfee0,2.7762
194be31520cde5c527bad17720119e85,308e4e21ae228a10f6370a243ae59995,2.7042
194be31520cde5c527bad17720119e85,05431e0dd637e910dd67d7ad823e8437,2.5916
194be31520cde5c527bad17720119e85,8bb27b1d96be90b36b8d0c7f30931d52,2.5062
194be31520cde5c527bad17720119e85,51f3e4065d72846204cb4f46d8d241cf,2.4574
194be31520cde5c527bad17720119e85,6cdd53843498f92890544667809f1595,2.4512
19913c41a2d6a9192020f85be51811e5,2e511b5741ab14e7f5294df6f1310b03,2.8573
19913c41a2d6a9192020f85be51811e5,fe31b2791161c24e921f90788d443e1c,2.5774
19913c41a2d6a9192020f85be51811e5,70906e04da1eebf3d1b8791bd09ffe85,2.3866
19913c41a2d6a9192020f85be51811e5,8bb27b1d96be90b36b8d0c7f30931d52,2.2941
19913c41a2d6a9192020f85be51811e5,a03e401d58a45187271718c5d7610422,2.1168
19913c41a2d6a9192020f85be51811e5,61a4100ccd6d9c4c808a1fd954ddb8ad,2.073
19913c41a2d6a9192020f85be51811e5,dc404a1496a08f9f5540c8b5d4b92925,2.0351
19913c41a2d6a9192020f85be51811e5,a04cf12934a318be6550b1aeab938bf2,2.0079
19913c41a2d6a9192020f85be51811e5,451482edc91f59c001a5a3a0e4d594bf,1.9691
19913c41a2d6a9192020f85be51811e5,7a5b821fca01c5a75fa33c06f249e0f5,1.943
19ec0b29446735170b035f6d2abcd667,ad1280b6c5b1af7cfd97372249be66c9,3.0047
19ec0b29446735170b035f6d2abcd667,90b58782fdd04cb829667fcc41fb65f5,2.739
19ec0b29446735170b035f6d2abcd667,308e4e21ae228a10f6370a243ae59995,2.6477
19ec0b29446735170b035f6d2abcd667,b8c2cf7e813b0eb7ec62f7459217b22c,2.5712
19ec0b29446735170b035f6d2abcd667,fe59a1e006df3ac42bf0ceb876d70969,2.3352
19ec0b29446735170b035f6d2abcd667,51f3e4065d72846204cb4f46d8d241cf,2.2121
19ec0b29446735170b035f6d2abcd667,6cdd53843498f92890544667809f1595,2.1849
19ec0b29446735170b035f6d2abcd667,8bb27b1d96be90b36b8d0c7f30931d52,2.1732
19ec0b29446735170b035f6d2abcd667,0fd55f5dee013f990c929cd3ad6bfee0,2.0999
19ec0b29446735170b035f6d2abcd667,a03e401d58a45187271718c5d7610422,2.0053
19f8fcd23ed70e29220a6a2f13ecd911,8bb27b1d96be90b36b8d0c7f30931d52,4.3045
19f8fcd23ed70e29220a6a2f13ecd911,a03e401d58a45187271718c5d7610422,3.9718
19f8fcd23ed70e29220a6a2f13ecd911,b68cf84ede4fd1e14b1740de5b727d55,3.5642
19f8fcd23ed70e29220a6a2f13ecd911,90b58782fdd04cb829667fcc41fb65f5,3.4283
19f8fcd23ed70e29220a6a2f13ecd911,308e4e21ae228a10f6370a243ae59995,3.3139
19f8fcd23ed70e29220a6a2f13ecd911,51f3e4065d72846204cb4f46d8d241cf,3.0787
19f8fcd23ed70e29220a6a2f13ecd911,b8c2cf7e813b0eb7ec62f7459217b22c,2.9044
19f8fcd23ed70e29220a6a2f13ecd911,0fd55f5dee013f990c929cd3ad6bfee0,2.8227
19f8fcd23ed70e29220a6a2f13ecd911,fe59a1e006df3ac42bf0ceb876d70969,2.8226
19f8fcd23ed70e29220a6a2f13ecd911,ad1280b6c5b1af7cfd97372249be66c9,2.6743
1ae30e98d81bdf991fa25b52b8142308,3bb3e5caf47c7e92ed97227247e942a8,3.5506
1ae30e98d81bdf991fa25b52b8142308,57c9362442482cd2451f2eabf468e532,3.2246
1ae30e98d81bdf991fa25b52b8142308,d35d1fa56f3c5a2777f5542a84a085dd,3.0749
1ae30e98d81bdf991fa25b52b8142308,20531b0644a0719b8d506c4db3c56609,2.8059
1ae30e98d81bdf991fa25b52b8142308,61937887eb6ee0b405a5759756426486,2.7849
1ae30e98d81bdf991fa25b52b8142308,958cd4fc82ce0223c757f47bc9d67e23,2.4455
1ae30e98d81bdf991fa25b52b8142308,d04e48982547095af81c231c3d581cb6,2.4228
1ae30e98d81bdf991fa25b52b8142308,61a4100ccd6d9c4c808a1fd954ddb8ad,2.2903
1ae30e98d81bdf991fa25b52b8142308,b01cedfa96d891427058852f0625e9ee,2.2723
1ae30e98d81bdf991fa25b52b8142308,fe31b2791161c24e921f90788d443e1c,2.2556
1b277f8bf9377e4d88b9022df406e9a6,dcfe76be1e1036cb99e5d8bdc2a1b1c9,2.953
1b277f8bf9377e4d88b9022df406e9a6,90b58782fdd04cb829667fcc41fb65f5,2.9113
1b277f8bf9377e4d88b9022df406e9a6,05805f52cdeb93d7684f871e599f0078,2.9046
1b277f8bf9377e4d88b9022df406e9a6,308e4e21ae228a10f6370a243ae59995,2.8142
1b277f8bf9377e4d88b9022df406e9a6,8bb27b1d96be90b36b8d0c7f30931d52,2.8114
1b277f8bf9377e4d88b9022df406e9a6,b8c2cf7e813b0eb7ec62f7459217b22c,2.8063
1b277f8bf9377e4d88b9022df406e9a6,0de59eddc63167215c972b0d785ffa7b,2.7514
1b277f8bf9377e4d88b9022df406e9a6,ee918a5c4e95f273708c2582a5314325,2.6134
1b277f8bf9377e4d88b9022df406e9a6,a03e401d58a45187271718c5d7610422,2.5941
1b277f8bf9377e4d88b9022df406e9a6,00faa46f36261af8bbf3a4d37fa4841b,2.5471
1b6c7548a2a1f9037c1fd3ddfed95f33,90b58782fdd04cb829667fcc41fb65f5,3.9687
1b6c7548a2a1f9037c1fd3ddfed95f33,308e4e21ae228a10f6370a243ae59995,3.8364
1b6c7548a2a1f9037c1fd3ddfed95f33,8bb27b1d96be90b36b8d0c7f30931d52,3.5225
1b6c7548a2a1f9037c1fd3ddfed95f33,a03e401d58a45187271718c5d7610422,3.2503
1b6c7548a2a1f9037c1fd3ddfed95f33,ad1280b6c5b1af7cfd97372249be66c9,3.1746
1b6c7548a2a1f9037c1fd3ddfed95f33,6cdd53843498f92890544667809f1595,3.1245
1b6c7548a2a1f9037c1fd3ddfed95f33,0fd55f5dee013f990c929cd3ad6bfee0,3.0337
1b6c7548a2a1f9037c1fd3ddfed95f33,b68cf84ede4fd1e14b1740de5b727d55,2.9912
1b6c7548a2a1f9037c1fd3ddfed95f33,0de59eddc63167215c972b0d785ffa7b,2.739
1b6c7548a2a1f9037c1fd3ddfed95f33,fe59a1e006df3ac42bf0ceb876d70969,2.7242
1b6e96ed99cb8d135efe220d761bbd67,8bb27b1d96be90b36b8d0c7f30931d52,2.8998
1b6e96ed99cb8d135efe220d761bbd67,b68cf84ede4fd1e14b1740de5b727d55,2.6911
1b6e96ed99cb8d135efe220d761bbd67,a03e401d58a45187271718c5d7610422,2.6757
1b6e96ed99cb8d135efe220d761bbd67,61937887eb6ee0b405a5759756426486,2.6374
1b6e96ed99cb8d135efe220d761bbd67,90b58782fdd04cb829667fcc41fb65f5,2.5227
1b6e96ed99cb8d135efe220d761bbd67,308e4e21ae228a10f6370a243ae59995,2.4386
1b6e96ed99cb8d135efe220d761bbd67,00faa46f36261af8bbf3a4d37fa4841b,2.436
1b6e96ed99cb8d135efe220d761bbd67,d35d1fa56f3c5a2777f5542a84a085dd,2.2905
1b6e96ed99cb8d135efe220d761bbd67,61a4100ccd6d9c4c808a1fd954ddb8ad,2.2123
1b6e96ed99cb8d135efe220d761bbd67,20531b0644a0719b8d506c4db3c56609,2.1492
1b76903617af13189607a36b0469f6f3,65f037a133d9ffc71164a5d69dee187e,4.3115
1b76903617af13189607a36b0469f6f3,b8c2cf7e813b0eb7ec62f7459217b22c,3.6365
1b76903617af13189607a36b0469f6f3,0b00b16606aeb46da3543bbabff4d6b3,3.5049
1b76903617af13189607a36b0469f6f3,33e503f68fb60fe165ed992965f2c737,3.3867
1b76903617af13189607a36b0469f6f3,730d34d191892dd7c4fb157daade465e,3.1087
1b76903617af13189607a36b0469f6f3,51f3e4065d72846204cb4f46d8d241cf,3.1
1b76903617af13189607a36b0469f6f3,cc7e60cc41c667212b37102362120438,3.0209
1b76903617af13189607a36b0469f6f3,fe59a1e006df3ac42bf0ceb876d70969,3.0118
1b76903617af13189607a36b0469f6f3,30d1842be9c62546d3fb853119602ac2,2.9974
1b76903617af13189607a36b0469f6f3,e5897f494af72d083f3899808f341659,2.924
1c628081cb579ed6035b9aa8614e69f4,ee918a5c4e95f273708c2582a5314325,3.6527
1c628081cb579ed6035b9aa8614e69f4,00faa46f36261af8bbf3a4d37fa4841b,3.5797
1c628081cb579ed6035b9aa8614e69f4,8bb27b1d96be90b36b8d0c7f30931d52,3.3751
1c628081cb579ed6035b9aa8614e69f4,61937887eb6ee0b405a5759756426486,3.3108
1c628081cb579ed6035b9aa8614e69f4,a03e401d58a45187271718c5d7610422,3.1143
1c628081cb579ed6035b9aa8614e69f4,61a4100ccd6d9c4c808a1fd954ddb8ad,3.1099
1c628081cb579ed6035b9aa8614e69f4,ebc714d9f070a89f4d411982ea9670fb,2.9505
1c628081cb579ed6035b9aa8614e69f4,51f3e4065d72846204cb4f46d8d241cf,2.888
1c628081cb579ed6035b9aa8614e69f4,fe31b2791161c24e921f90788d443e1c,2.8682
1c628081cb579ed6035b9aa8614e69f4,57c9362442482cd2451f2eabf468e532,2.7982
1c98969880c8c7c522bc4677dfce9384,57c9362442482cd2451f2eabf468e532,3.6709
1c98969880c8c7c522bc4677dfce9384,0b00b16606aeb46da3543bbabff4d6b3,3.5219
1c98969880c8c7c522bc4677dfce9384,20531b0644a0719b8d506c4db3c56609,3.3378
1c98969880c8c7c522bc4677dfce9384,958cd4fc82ce0223c757f47bc9d67e23,2.784
1c98969880c8c7c522bc4677dfce9384,6e2a68aa94eb2a3b5b3499bf2314d544,2.6834
1c98969880c8c7c522bc4677dfce9384,cc7e60cc41c667212b37102362120438,2.5982
1c98969880c8c7c522bc4677dfce9384,d35d1fa56f3c5a2777f5542a84a085dd,2.5782
1c98969880c8c7c522bc4677dfce9384,61a4100ccd6d9c4c808a1fd954ddb8ad,2.5445
1c98969880c8c7c522bc4677dfce9384,05431e0dd637e910dd67d7ad823e8437,2.5432
1c98969880c8c7c522bc4677dfce9384,bbf76ccd9b620fb13136c95bc5adb5da,2.4942
1cc48564488184883cc7923b82c7b3f9,ebc714d9f070a89f4d411982ea9670fb,3.3542
1cc48564488184883cc7923b82c7b3f9,a14aea6067b93158e956612c50b74cfa,3.1098
1cc48564488184883cc7923b82c7b3f9,b68cf84ede4fd1e14b1740de5b727d55,2.9991
1cc48564488184883cc7923b82c7b3f9,f110a8fd4a8052d5717ce2adc2bb71d0,2.5426
1cc48564488184883cc7923b82c7b3f9,61a4100ccd6d9c4c808a1fd954ddb8ad,2.4269
1cc48564488184883cc7923b82c7b3f9,730d34d191892dd7c4fb157daade465e,2.4162
1cc48564488184883cc7923b82c7b3f9,30d1842be9c62546d3fb853119602ac2,2.3297
1cc48564488184883cc7923b82c7b3f9,1dd284c37ca97cbb86c029c65fb9a494,2.326
1cc48564488184883cc7923b82c7b3f9,dbb67791e405873b259e4656bf971246,2.2758
1cc48564488184883cc7923b82c7b3f9,98a4301b1aacd45984603af55b7a1de4,2.1277
1ce1097b476f97ea37d805251c5c74ba,2e511b5741ab14e7f5294df6f1310b03,3.863
1ce1097b476f97ea37d805251c5c74ba,41da75141264c3bde21ecea85a4cb8b7,3.5429
1ce1097b476f97ea37d805251c5c74ba,a04cf12934a318be6550b1aeab938bf2,3.4721
1ce1097b476f97ea37d805251c5c74ba,fe31b2791161c24e921f90788d443e1c,3.3827
1ce1097b476f97ea37d805251c5c74ba,70906e04da1eebf3d1b8791bd09ffe85,3.2267
1ce1097b476f97ea37d805251c5c74ba,57c9362442482cd2451f2eabf468e532,2.9268
1ce1097b476f97ea37d805251c5c74ba,429e7401fafb76436f15e86498bd7364,2.9122
1ce1097b476f97ea37d805251c5c74ba,2ff17002562478fb03cd44f09e7ca51a,2.8227
1ce1097b476f97ea37d805251c5c74ba,dcfe76be1e1036cb99e5d8bdc2a1b1c9,2.7603
1ce1097b476f97ea37d805251c5c74ba,8bb27b1d96be90b36b8d0c7f30931d52,2.7463
1dcb953ae69a83984839d5293191915b,6e2a68aa94eb2a3b5b3499bf2314d544,5.1616
1dcb953ae69a83984839d5293191915b,cc7e60cc41c667212b37102362120438,4.032
1dcb953ae69a83984839d5293191915b,2e511b5741ab14e7f5294df6f1310b03,3.6691
1dcb953ae69a83984839d5293191915b,55aefe286a63b5e07f42a63c10371020,3.5515
1dcb953ae69a83984839d5293191915b,57c9362442482cd2451f2eabf468e532,3.4581
1dcb953ae69a83984839d5293191915b,0573b564a90d2d9f9c460eb963da8c33,3.3552
1dcb953ae69a83984839d5293191915b,05431e0dd637e910dd67d7ad823e8437,3.322
1dcb953ae69a83984839d5293191915b,0b00b16606aeb46da3543bbabff4d6b3,3.2746
1dcb953ae69a83984839d5293191915b,202d7062d09aa564dfd5aaa1aac775b6,3.1998
1dcb953ae69a83984839d5293191915b,fe31b2791161c24e921f90788d443e1c,3.0971
1dedbe50138a3540d30fe355776d2d6a,b68cf84ede4fd1e14b1740de5b727d55,2.5816
1dedbe50138a3540d30fe355776d2d6a,0fd55f5dee013f990c929cd3ad6bfee0,2.5047
1dedbe50138a3540d30fe355776d2d6a,98a4301b1aacd45984603af55b7a1de4,2.3911
1dedbe50138a3540d30fe355776d2d6a,fe59a1e006df3ac42bf0ceb876d70969,2.3749
1dedbe50138a3540d30fe355776d2d6a,ebc714d9f070a89f4d411982ea9670fb,2.2327
1dedbe50138a3540d30fe355776d2d6a,a14aea6067b93158e956612c50b74cfa,2.1793
1dedbe50138a3540d30fe355776d2d6a,0de59eddc63167215c972b0d785ffa7b,2.1188
1dedbe50138a3540d30fe355776d2d6a,90b58782fdd04cb829667fcc41fb65f5,2.0922
1dedbe50138a3540d30fe355776d2d6a,cc7e60cc41c667212b37102362120438,2.0868
1dedbe50138a3540d30fe355776d2d6a,6cdd53843498f92890544667809f1595,2.0596
1dfbdc636de09adbcdbc3d34e15084f3,8bb27b1d96be90b36b8d0c7f30931d52,3.825
1dfbdc636de09adbcdbc3d34e15084f3,0fd55f5dee013f990c929cd3ad6bfee0,3.6393
1dfbdc636de09adbcdbc3d34e15084f3,6cdd53843498f92890544667809f1595,3.587
1dfbdc636de09adbcdbc3d34e15084f3,90b58782fdd04cb829667fcc41fb65f5,3.5516
1dfbdc636de09adbcdbc3d34e15084f3,a03e401d58a45187271718c5d7610422,3.5294
1dfbdc636de09adbcdbc3d34e15084f3,308e4e21ae228a10f6370a243ae59995,3.4332
1dfbdc636de09adbcdbc3d34e15084f3,4638e41e1c53018897e12edbb2815807,3.3017
1dfbdc636de09adbcdbc3d34e15084f3,cc88837a83ef7b7ea2bf724434a53ef3,3.166
1dfbdc636de09adbcdbc3d34e15084f3,0de59eddc63167215c972b0d785ffa7b,2.9796
1dfbdc636de09adbcdbc3d34e15084f3,ad1280b6c5b1af7cfd97372249be66c9,2.9221
1e247c81fc2d6e54fddb0c5b1232bbf7,00faa46f36261af8bbf3a4d37fa4841b,2.9002
1e247c81fc2d6e54fddb0c5b1232bbf7,ee918a5c4e95f273708c2582a5314325,2.4728
1e247c81fc2d6e54fddb0c5b1232bbf7,ebc714d9f070a89f4d411982ea9670fb,2.1356
1e247c81fc2d6e54fddb0c5b1232bbf7,f110a8fd4a8052d5717ce2adc2bb71d0,2.102
1e247c81fc2d6e54fddb0c5b1232bbf7,773a9c97b7435492ec93014cd43ecf77,1.946
1e247c81fc2d6e54fddb0c5b1232bbf7,51f3e4065d72846204cb4f46d8d241cf,1.9231
1e247c81fc2d6e54fddb0c5b1232bbf7,61937887eb6ee0b405a5759756426486,1.8141
1e247c81fc2d6e54fddb0c5b1232bbf7,0a56efd5f050d3f861a04c6f005d1128,1.7784
1e247c81fc2d6e54fddb0c5b1232bbf7,b8c2cf7e813b0eb7ec62f7459217b22c,1.7629
1e247c81fc2d6e54fddb0c5b1232bbf7,6d8096ca93caea3416a6b24bf411bc86,1.7479
1f642a984771461accb55dcfe92e5546,cc7e60cc41c667212b37102362120438,3.5911
1f642a984771461accb55dcfe92e5546,6e2a68aa94eb2a3b5b3499bf2314d544,3.4836
1f642a984771461accb55dcfe92e5546,c2a9f8aeb7a51580fccc2d1c4f8bceaf,3.3787
1f642a984771461accb55dcfe92e5546,05431e0dd637e910dd67d7ad823e8437,3.1305
1f642a984771461accb55dcfe92e5546,2e511b5741ab14e7f5294df6f1310b03,2.8156
1f642a984771461accb55dcfe92e5546,0b00b16606aeb46da3543bbabff4d6b3,2.7576
1f642a984771461accb55dcfe92e5546,57c9362442482cd2451f2eabf468e532,2.5559
1f642a984771461accb55dcfe92e5546,4606f0b0bceceb75e7a887e6b57cae3e,2.5391
1f642a984771461accb55dcfe92e5546,3ed43e8f95f9801cd8099b6f73e07335,2.502
1f642a984771461accb55dcfe92e5546,596dd8bfc1289b4336ef857ffb960d47,2.502
1fb5645611bf27d5e69925e1d4f5b6cf,90b58782fdd04cb829667fcc41fb65f5,3.1378
1fb5645611bf27d5e69925e1d4f5b6cf,308e4e21ae228a10f6370a243ae59995,3.0332
1fb5645611bf27d5e69925e1d4f5b6cf,8bb27b1d96be90b36b8d0c7f30931d52,2.9824
1fb5645611bf27d5e69925e1d4f5b6cf,fe59a1e006df3ac42bf0ceb876d70969,2.753
1fb5645611bf27d5e69925e1d4f5b6cf,a03e401d58a45187271718c5d7610422,2.7519
1fb5645611bf27d5e69925e1d4f5b6cf,b68cf84ede4fd1e14b1740de5b727d55,2.6991
1fb5645611bf27d5e69925e1d4f5b6cf,2e511b5741ab14e7f5294df6f1310b03,2.6903
1fb5645611bf27d5e69925e1d4f5b6cf,fe31b2791161c24e921f90788d443e1c,2.4325
1fb5645611bf27d5e69925e1d4f5b6cf,a04cf12934a318be6550b1aeab938bf2,2.3891
1fb5645611bf27d5e69925e1d4f5b6cf,41da75141264c3bde21ecea85a4cb8b7,2.3859
1fbd81e4d0a0cf9125ca038b43533b7f,39342c8e5e512bb1757779a3821a450f,3.0012
1fbd81e4d0a0cf9125ca038b43533b7f,6e2a68aa94eb2a3b5b3499bf2314d544,2.9
1fbd81e4d0a0cf9125ca038b43533b7f,55aefe286a63b5e07f42a63c10371020,2.6735
1fbd81e4d0a0cf9125ca038b43533b7f,fe31b2791161c24e921f90788d443e1c,2.4433
1fbd81e4d0a0cf9125ca038b43533b7f,0573b564a90d2d9f9c460eb963da8c33,2.3191
1fbd81e4d0a0cf9125ca038b43533b7f,cc7e60cc41c667212b37102362120438,2.316
1fbd81e4d0a0cf9125ca038b43533b7f,48640118918b5bd6454e3fee20ad637b,2.1283
1fbd81e4d0a0cf9125ca038b43533b7f,e76a885142c73e17342e450b79b46d40,2.0409
1fbd81e4d0a0cf9125ca038b43533b7f,202d7062d09aa564dfd5aaa1aac775b6,2.0199
1fbd81e4d0a0cf9125ca038b43533b7f,bb50f2e236e5eea0100680137654686c,2.0136
1fc8630d25cd738b571a0acc08c2eff7,05431e0dd637e910dd67d7ad823e8437,3.7899
1fc8630d25cd738b571a0acc08c2eff7,6e2a68aa94eb2a3b5b3499bf2314d544,3.7615
1fc8630d25cd738b571a0acc08c2eff7,cc7e60cc41c667212b37102362120438,3.0192
1fc8630d25cd738b571a0acc08c2eff7,0b00b16606aeb46da3543bbabff4d6b3,3.0062
1fc8630d25cd738b571a0acc08c2eff7,108dfaacffadeceb87032609d340722c,2.8749
1fc8630d25cd738b571a0acc08c2eff7,ee918a5c4e95f273708c2582a5314325,2.8087
1fc8630d25cd738b571a0acc08c2eff7,4606f0b0bceceb75e7a887e6b57cae3e,2.779
1fc8630d25cd738b571a0acc08c2eff7,55aefe286a63b5e07f42a63c10371020,2.7171
1fc8630d25cd738b571a0acc08c2eff7,c2a9f8aeb7a51580fccc2d1c4f8bceaf,2.6139
1fc8630d25cd738b571a0acc08c2eff7,4cda9d93b0a846dfdca597f1b1d19c08,2.4956
210fc539d8ffc9dc2c366249e9e5193e,fe59a1e006df3ac42bf0ceb876d70969,2.7737
210fc539d8ffc9dc2c366249e9e5193e,8bb27b1d96be90b36b8d0c7f30931d52,2.701
210fc539d8ffc9dc2c366249e9e5193e,ebc714d9f070a89f4d411982ea9670fb,2.6621
210fc539d8ffc9dc2c366249e9e5193e,b68cf84ede4fd1e14b1740de5b727d55,2.6012
210fc539d8ffc9dc2c366249e9e5193e,cc7e60cc41c667212b37102362120438,2.5663
210fc539d8ffc9dc2c366249e9e5193e,51f3e4065d72846204cb4f46d8d241cf,2.5284
210fc539d8ffc9dc2c366249e9e5193e,a03e401d58a45187271718c5d7610422,2.4922
210fc539d8ffc9dc2c366249e9e5193e,b8c2cf7e813b0eb7ec62f7459217b22c,2.4894
210fc539d8ffc9dc2c366249e9e5193e,730d34d191892dd7c4fb157daade465e,2.4805
210fc539d8ffc9dc2c366249e9e5193e,30d1842be9c62546d3fb853119602ac2,2.3917
214ac744aa4cf8ad16062cc58aac3d03,ee918a5c4e95f273708c2582a5314325,2.0777
214ac744aa4cf8ad16062cc58aac3d03,90b58782fdd04cb829667fcc41fb65f5,1.9491
214ac744aa4cf8ad16062cc58aac3d03,b68cf84ede4fd1e14b1740de5b727d55,1.9389
214ac744aa4cf8ad16062cc58aac3d03,8bb27b1d96be90b36b8d0c7f30931d52,1.9381
214ac744aa4cf8ad16062cc58aac3d03,657247f6f60543b93e3cc708a8e6329c,1.9216
214ac744aa4cf8ad16062cc58aac3d03,308e4e21ae228a10f6370a243ae59995,1.8841
214ac744aa4cf8ad16062cc58aac3d03,20531b0644a0719b8d506c4db3c56609,1.8026
214ac744aa4cf8ad16062cc58aac3d03,a03e401d58a45187271718c5d7610422,1.7883
214ac744aa4cf8ad16062cc58aac3d03,8e3e3059aabb0c13679db43619590ad5,1.7542
214ac744aa4cf8ad16062cc58aac3d03,f6eda47c88d786adf6f3e3f016833927,1.7236
21560f93adbd9ada040a40909ac8619d,fe31b2791161c24e921f90788d443e1c,3.8903
21560f93adbd9ada040a40909ac8619d,ebc714d9f070a89f4d411982ea9670fb,3.6665
21560f93adbd9ada040a40909ac8619d,8bb27b1d96be90b36b8d0c7f30931d52,3.5559
21560f93adbd9ada040a40909ac8619d,b68cf84ede4fd1e14b1740de5b727d55,3.518
21560f93adbd9ada040a40909ac8619d,0de59eddc63167215c972b0d785ffa7b,3.4746
21560f93adbd9ada040a40909ac8619d,a03e401d58a45187271718c5d7610422,3.2811
21560f93adbd9ada040a40909ac8619d,fe59a1e006df3ac42bf0ceb876d70969,3.2411
21560f93adbd9ada040a40909ac8619d,2e511b5741ab14e7f5294df6f1310b03,3.0761
21560f93adbd9ada040a40909ac8619d,61937887eb6ee0b405a5759756426486,3.0329
21560f93adbd9ada040a40909ac8619d,cc7e60cc41c667212b37102362120438,3.0068
221234182f828fb9f2a4ba9c89874ede,8bb27b1d96be90b36b8d0c7f30931d52,3.6702
221234182f828fb9f2a4ba9c89874ede,65f037a133d9ffc71164a5d69dee187e,3.6369
221234182f828fb9f2a4ba9c89874ede,a03e401d58a45187271718c5d7610422,3.3866
221234182f828fb9f2a4ba9c89874ede,51f3e4065d72846204cb4f46d8d241cf,3.2066
221234182f828fb9f2a4ba9c89874ede,20531b0644a0719b8d506c4db3c56609,3.1258
221234182f828fb9f2a4ba9c89874ede,b8c2cf7e813b0eb7ec62f7459217b22c,3.0981
221234182f828fb9f2a4ba9c89874ede,b68cf84ede4fd1e14b1740de5b727d55,2.8056
221234182f828fb9f2a4ba9c89874ede,57c9362442482cd2451f2eabf468e532,2.4864
221234182f828fb9f2a4ba9c89874ede,fe59a1e006df3ac42bf0ceb876d70969,2.4192
221234182f828fb9f2a4ba9c89874ede,d35d1fa56f3c5a2777f5542a84a085dd,2.3713
2271b98c96ef2dbe4241cbbde7c8c12b,b68cf84ede4fd1e14b1740de5b727d55,2.7693
2271b98c96ef2dbe4241cbbde7c8c12b,61937887eb6ee0b405a5759756426486,2.7332
2271b98c96ef2dbe4241cbbde7c8c12b,ebc714d9f070a89f4d411982ea9670fb,2.6094
2271b98c96ef2dbe4241cbbde7c8c12b,a14aea6067b93158e956612c50b74cfa,2.5425
2271b98c96ef2dbe4241cbbde7c8c12b,fe59a1e006df3ac42bf0ceb876d70969,2.502
2271b98c96ef2dbe4241cbbde7c8c12b,00faa46f36261af8bbf3a4d37fa4841b,2.4747
2271b98c96ef2dbe4241cbbde7c8c12b,f110a8fd4a8052d5717ce2adc2bb71d0,2.3669
2271b98c96ef2dbe4241cbbde7c8c12b,dbb67791e405873b259e4656bf971246,2.3001
2271b98c96ef2dbe4241cbbde7c8c12b,a7329b3e52d13627c92b24a745e70873,2.2959
2271b98c96ef2dbe4241cbbde7c8c12b,98a4301b1aacd45984603af55b7a1de4,2.285
22b3144c1dd01b7f1175da4d81332b54,fe59a1e006df3ac42bf0ceb876d70969,3.0739
22b3144c1dd01b7f1175da4d81332b54,a14aea6067b93158e956612c50b74cfa,2.6881
22b3144c1dd01b7f1175da4d81332b54,98a4301b1aacd45984603af55b7a1de4,2.6542
22b3144c1dd01b7f1175da4d81332b54,b68cf84ede4fd1e14b1740de5b727d55,2.5357
22b3144c1dd01b7f1175da4d81332b54,a06766fec51c96d4d0bce282906735eb,2.2356
22b3144c1dd01b7f1175da4d81332b54,730d34d191892dd7c4fb157daade465e,2.1955
22b3144c1dd01b7f1175da4d81332b54,30d1842be9c62546d3fb853119602ac2,2.1169
22b3144c1dd01b7f1175da4d81332b54,c2a9f8aeb7a51580fccc2d1c4f8bceaf,2.0304
22b3144c1dd01b7f1175da4d81332b54,ebc714d9f070a89f4d411982ea9670fb,1.9596
22b3144c1dd01b7f1175da4d81332b54,1dd284c37ca97cbb86c029c65fb9a494,1.7388
22c3483b1bb4c5986da4537ba5b43906,6e741443e7a0707cb99e552dc844439a,3.59
22c3483b1bb4c5986da4537ba5b43906,6e2a68aa94eb2a3b5b3499bf2314d544,3.3409
22c3483b1bb4c5986da4537ba5b43906,bb50f2e236e5eea0100680137654686c,3.0769
22c3483b1bb4c5986da4537ba5b43906,6b6b162b177d0f36987993aecbe1c65f,2.9098
22c3483b1bb4c5986da4537ba5b43906,0573b564a90d2d9f9c460eb963da8c33,2.875
22c3483b1bb4c5986da4537ba5b43906,48640118918b5bd6454e3fee20ad637b,2.7907
22c3483b1bb4c5986da4537ba5b43906,8ed3ae310714d18ee990923aeb411508,2.7266
22c3483b1bb4c5986da4537ba5b43906,b8c2cf7e813b0eb7ec62f7459217b22c,2.6413
22c3483b1bb4c5986da4537ba5b43906,a7329b3e52d13627c92b24a745e70873,2.6073
22c3483b1bb4c5986da4537ba5b43906,55aefe286a63b5e07f42a63c10371020,2.5969
22e2a6909c8debb64e8560df49a25260,c2a9f8aeb7a51580fccc2d1c4f8bceaf,3.1522
22e2a6909c8debb64e8560df49a25260,cc7e60cc41c667212b37102362120438,3.0902
22e2a6909c8debb64e8560df49a25260,57c9362442482cd2451f2eabf468e532,2.9961
22e2a6909c8debb64e8560df49a25260,61a4100ccd6d9c4c808a1fd954ddb8ad,2.9603
22e2a6909c8debb64e8560df49a25260,6e2a68aa94eb2a3b5b3499bf2314d544,2.9089
22e2a6909c8debb64e8560df49a25260,ee918a5c4e95f273708c2582a5314325,2.7989
22e2a6909c8debb64e8560df49a25260,0b00b16606aeb46da3543bbabff4d6b3,2.6768
22e2a6909c8debb64e8560df49a25260,05431e0dd637e910dd67d7ad823e8437,2.5306
22e2a6909c8debb64e8560df49a25260,4f4524396824b581a27a7dcebb2938b5,2.5167
22e2a6909c8debb64e8560df49a25260,00faa46f36261af8bbf3a4d37fa4841b,2.468
232007f7d8c26eb8d7daaacb46501783,a7329b3e52d13627c92b24a745e70873,2.7552
232007f7d8c26eb8d7daaacb46501783,fe31b2791161c24e921f90788d443e1c,2.595
232007f7d8c26eb8d7daaacb46501783,b68cf84ede4fd1e14b1740de5b727d55,2.4436
232007f7d8c26eb8d7daaacb46501783,20531b0644a0719b8d506c4db3c56609,2.3951
232007f7d8c26eb8d7daaacb46501783,bb50f2e236e5eea0100680137654686c,2.3694
232007f7d8c26eb8d7daaacb46501783,57c9362442482cd2451f2eabf468e532,2.3224
232007f7d8c26eb8d7daaacb46501783,a14aea6067b93158e956612c50b74cfa,2.241
232007f7d8c26eb8d7daaacb46501783,99e365fea0b15ee63272ff391fdde785,2.2393
232007f7d8c26eb8d7daaacb46501783,fe59a1e006df3ac42bf0ceb876d70969,2.2193
232007f7d8c26eb8d7daaacb46501783,cc7e60cc41c667212b37102362120438,2.1494
23339103d82a054f9729b0554ce22e8c,8bb27b1d96be90b36b8d0c7f30931d52,3.2189
23339103d82a054f9729b0554ce22e8c,4638e41e1c53018897e12edbb2815807,3.1508
23339103d82a054f9729b0554ce22e8c,cb03e4f0503f45854e87afe535e0681d,3.1021
23339103d82a054f9729b0554ce22e8c,a03e401d58a45187271718c5d7610422,2.9701
23339103d82a054f9729b0554ce22e8c,82cff05560eae73466f8778690b037fa,2.8633
23339103d82a054f9729b0554ce22e8c,b68cf84ede4fd1e14b1740de5b727d55,2.7936
23339103d82a054f9729b0554ce22e8c,51f3e4065d72846204cb4f46d8d241cf,2.5998
23339103d82a054f9729b0554ce22e8c,81de659bfde3389fc8614bfba92e585a,2.5782
23339103d82a054f9729b0554ce22e8c,ebc714d9f070a89f4d411982ea9670fb,2.468
23339103d82a054f9729b0554ce22e8c,39342c8e5e512bb1757779a3821a450f,2.4541
23df7c519d15201c2c60f0ab1ae41814,ee918a5c4e95f273708c2582a5314325,3.9668
23df7c519d15201c2c60f0ab1ae41814,cc7e60cc41c667212b37102362120438,3.9386
23df7c519d15201c2c60f0ab1ae41814,0b00b16606aeb46da3543bbabff4d6b3,3.814
23df7c519d15201c2c60f0ab1ae41814,2e511b5741ab14e7f5294df6f1310b03,3.7877
23df7c519d15201c2c60f0ab1ae41814,57c9362442482cd2451f2eabf468e532,3.7772
23df7c519d15201c2c60f0ab1ae41814,8bb27b1d96be90b36b8d0c7f30931d52,3.703
23df7c519d15201c2c60f0ab1ae41814,61a4100ccd6d9c4c808a1fd954ddb8ad,3.5192
23df7c519d15201c2c60f0ab1ae41814,b8c2cf7e813b0eb7ec62f7459217b22c,3.4666
23df7c519d15201c2c60f0ab1ae41814,ebc714d9f070a89f4d411982ea9670fb,3.4468
23df7c519d15201c2c60f0ab1ae41814,a03e401d58a45187271718c5d7610422,3.4168
24391449252cf6db04ce271b2a208d83,41da75141264c3bde21ecea85a4cb8b7,3.2237
24391449252cf6db04ce271b2a208d83,2e511b5741ab14e7f5294df6f1310b03,3.0689
24391449252cf6db04ce271b2a208d83,429e7401fafb76436f15e86498bd7364,2.6489
24391449252cf6db04ce271b2a208d83,a04cf12934a318be6550b1aeab938bf2,2.5847
24391449252cf6db04ce271b2a208d83,70906e04da1eebf3d1b8791bd09ffe85,2.5634
24391449252cf6db04ce271b2a208d83,fe31b2791161c24e921f90788d443e1c,2.5418
24391449252cf6db04ce271b2a208d83,6b6b162b177d0f36987993aecbe1c65f,2.4058
24391449252cf6db04ce271b2a208d83,7a5b821fca01c5a75fa33c06f249e0f5,2.1965
24391449252cf6db04ce271b2a208d83,b5661cf46c147805adc83695fb04f487,2.1893
24391449252cf6db04ce271b2a208d83,dcfe76be1e1036cb99e5d8bdc2a1b1c9,2.1552
246ef4748f64c4e716b4356d570967a1,00faa46f36261af8bbf3a4d37fa4841b,3.6396
246ef4748f64c4e716b4356d570967a1,ee918a5c4e95f273708c2582a5314325,3.0818
246ef4748f64c4e716b4356d570967a1,61937887eb6ee0b405a5759756426486,2.7921
246ef4748f64c4e716b4356d570967a1,f110a8fd4a8052d5717ce2adc2bb71d0,2.3257
246ef4748f64c4e716b4356d570967a1,ebc714d9f070a89f4d411982ea9670fb,2.2461
246ef4748f64c4e716b4356d570967a1,0a56efd5f050d3f861a04c6f005d1128,2.0768
246ef4748f64c4e716b4356d570967a1,d787ebe896a3557db778d1fadf16ad85,1.9135
246ef4748f64c4e716b4356d570967a1,6d8096ca93caea3416a6b24bf411bc86,1.8964
246ef4748f64c4e716b4356d570967a1,63094ac128b54dd72d511043411df079,1.8197
246ef4748f64c4e716b4356d570967a1,55aefe286a63b5e07f42a63c10371020,1.8049
24b7e460db28210f33d13d8ce5918fc4,fe31b2791161c24e921f90788d443e1c,3.7579
24b7e460db28210f33d13d8ce5918fc4,39342c8e5e512bb1757779a3821a450f,3.317
24b7e460db28210f33d13d8ce5918fc4,61a4100ccd6d9c4c808a1fd954ddb8ad,3.0888
24b7e460db28210f33d13d8ce5918fc4,2e511b5741ab14e7f5294df6f1310b03,2.9841
24b7e460db28210f33d13d8ce5918fc4,57c9362442482cd2451f2eabf468e532,2.8982
24b7e460db28210f33d13d8ce5918fc4,bb50f2e236e5eea0100680137654686c,2.7636
24b7e460db28210f33d13d8ce5918fc4,597d26435e8ef77bb0fcd26f6c07d486,2.7593
24b7e460db28210f33d13d8ce5918fc4,3bb3e5caf47c7e92ed97227247e942a8,2.7388
24b7e460db28210f33d13d8ce5918fc4,d04e48982547095af81c231c3d581cb6,2.7319
24b7e460db28210f33d13d8ce5918fc4,81de659bfde3389fc8614bfba92e585a,2.6319
24bc45b93041e78e892e0f0fd92104d4,8bb27b1d96be90b36b8d0c7f30931d52,3.1615
24bc45b93041e78e892e0f0fd92104d4,a03e401d58a45187271718c5d7610422,2.9172
24bc45b93041e78e892e0f0fd92104d4,90b58782fdd04cb829667fcc41fb65f5,2.8759
24bc45b93041e78e892e0f0fd92104d4,b68cf84ede4fd1e14b1740de5b727d55,2.8223
24bc45b93041e78e892e0f0fd92104d4,308e4e21ae228a10f6370a243ae59995,2.78
24bc45b93041e78e892e0f0fd92104d4,fe31b2791161c24e921f90788d443e1c,2.6567
24bc45b93041e78e892e0f0fd92104d4,0de59eddc63167215c972b0d785ffa7b,2.5458
24bc45b93041e78e892e0f0fd92104d4,2e511b5741ab14e7f5294df6f1310b03,2.3743
24bc45b93041e78e892e0f0fd92104d4,0fd55f5dee013f990c929cd3ad6bfee0,2.2763
24bc45b93041e78e892e0f0fd92104d4,fe59a1e006df3ac42bf0ceb876d70969,2.2235
256a818e4a419ff827a36a52252fb8f1,b68cf84ede4fd1e14b1740de5b727d55,2.9942
256a818e4a419ff827a36a52252fb8f1,90b58782fdd04cb829667fcc41fb65f5,2.9115
256a818e4a419ff827a36a52252fb8f1,8bb27b1d96be90b36b8d0c7f30931d52,2.8492
256a818e4a419ff827a36a52252fb8f1,308e4e21ae228a10f6370a243ae59995,2.8144
256a818e4a419ff827a36a52252fb8f1,a03e401d58a45187271718c5d7610422,2.629
256a818e4a419ff827a36a52252fb8f1,fe59a1e006df3ac42bf0ceb876d70969,2.582
256a818e4a419ff827a36a52252fb8f1,bc596794d92f7b9959fe0e7430354b52,2.3504
256a818e4a419ff827a36a52252fb8f1,6d0a373c460a041c86167a92a5d3383e,2.2444
256a818e4a419ff827a36a52252fb8f1,fd471a043ee8b8dd27f4086495e0724c,2.2444
256a818e4a419ff827a36a52252fb8f1,20531b0644a0719b8d506c4db3c56609,2.2151
25a560b9a6006157838aab1bdbd68624,8bb27b1d96be90b36b8d0c7f30931d52,3.6577
25a560b9a6006157838aab1bdbd68624,b68cf84ede4fd1e14b1740de5b727d55,3.4473
25a560b9a6006157838aab1bdbd68624,61937887eb6ee0b405a5759756426486,3.3829
25a560b9a6006157838aab1bdbd68624,a03e401d58a45187271718c5d7610422,3.375
25a560b9a6006157838aab1bdbd68624,d35d1fa56f3c5a2777f5542a84a085dd,3.2297
25a560b9a6006157838aab1bdbd68624,61a4100ccd6d9c4c808a1fd954ddb8ad,3.1069
25a560b9a6006157838aab1bdbd68624,00faa46f36261af8bbf3a4d37fa4841b,3.0318
25a560b9a6006157838aab1bdbd68624,20531b0644a0719b8d506c4db3c56609,3.0009
25a560b9a6006157838aab1bdbd68624,ee918a5c4e95f273708c2582a5314325,2.8002
25a560b9a6006157838aab1bdbd68624,90b58782fdd04cb829667fcc41fb65f5,2.7908
25bd804c580bc1ee0c93d073fae09a84,00faa46f36261af8bbf3a4d37fa4841b,2.9246
25bd804c580bc1ee0c93d073fae09a84,8bb27b1d96be90b36b8d0c7f30931d52,2.8388
25bd804c580bc1ee0c93d073fae09a84,a03e401d58a45187271718c5d7610422,2.6194
25bd804c580bc1ee0c93d073fae09a84,51f3e4065d72846204cb4f46d8d241cf,2.6051
25bd804c580bc1ee0c93d073fae09a84,61937887eb6ee0b405a5759756426486,2.5995
25bd804c580bc1ee0c93d073fae09a84,90b58782fdd04cb829667fcc41fb65f5,2.4024
25bd804c580bc1ee0c93d073fae09a84,ebc714d9f070a89f4d411982ea9670fb,2.3367
25bd804c580bc1ee0c93d073fae09a84,308e4e21ae228a10f6370a243ae59995,2.3222
25bd804c580bc1ee0c93d073fae09a84,b68cf84ede4fd1e14b1740de5b727d55,2.312
25bd804c580bc1ee0c93d073fae09a84,0de59eddc63167215c972b0d785ffa7b,2.1829
25e9454dd5930eccaa4f0e01ea3a7f49,00faa46f36261af8bbf3a4d37fa4841b,3.5205
25e9454dd5930eccaa4f0e01ea3a7f49,f110a8fd4a8052d5717ce2adc2bb71d0,3.0103
25e9454dd5930eccaa4f0e01ea3a7f49,ebc714d9f070a89f4d411982ea9670fb,3.0032
25e9454dd5930eccaa4f0e01ea3a7f49,6d8096ca93caea3416a6b24bf411bc86,2.8514
25e9454dd5930eccaa4f0e01ea3a7f49,ee918a5c4e95f273708c2582a5314325,2.5458
25e9454dd5930eccaa4f0e01ea3a7f49,61937887eb6ee0b405a5759756426486,2.2457
25e9454dd5930eccaa4f0e01ea3a7f49,0de59eddc63167215c972b0d785ffa7b,2.1877
25e9454dd5930eccaa4f0e01ea3a7f49,fc831da5307b1a3e23ed0259a2b6b2a1,2.1768
25e9454dd5930eccaa4f0e01ea3a7f49,90b58782fdd04cb829667fcc41fb65f5,2.0566
25e9454dd5930eccaa4f0e01ea3a7f49,0fd55f5dee013f990c929cd3ad6bfee0,2.0149
25edb84d9a9d4d35a86c381770c4c75f,8bb27b1d96be90b36b8d0c7f30931d52,3.7871
25edb84d9a9d4d35a86c381770c4c75f,90b58782fdd04cb829667fcc41fb65f5,3.7733
25edb84d9a9d4d35a86c381770c4c75f,b68cf84ede4fd1e14b1740de5b727d55,3.6549
25edb84d9a9d4d35a86c381770c4c75f,308e4e21ae228a10f6370a243ae59995,3.6475
25edb84d9a9d4d35a86c381770c4c75f,a03e401d58a45187271718c5d7610422,3.4944
25edb84d9a9d4d35a86c381770c4c75f,fe59a1e006df3ac42bf0ceb876d70969,3.3585
25edb84d9a9d4d35a86c381770c4c75f,0fd55f5dee013f990c929cd3ad6bfee0,2.9701
25edb84d9a9d4d35a86c381770c4c75f,20531b0644a0719b8d506c4db3c56609,2.8821
25edb84d9a9d4d35a86c381770c4c75f,b8c2cf7e813b0eb7ec62f7459217b22c,2.8151
25edb84d9a9d4d35a86c381770c4c75f,bc596794d92f7b9959fe0e7430354b52,2.7759
260e30615bfb298f951a7acacfd7b668,3bb3e5caf47c7e92ed97227247e942a8,2.9487
260e30615bfb298f951a7acacfd7b668,61937887eb6ee0b405a5759756426486,2.6902
260e30615bfb298f951a7acacfd7b668,d35d1fa56f3c5a2777f5542a84a085dd,2.5536
260e30615bfb298f951a7acacfd7b668,dbb67791e405873b259e4656bf971246,2.4881
260e30615bfb298f951a7acacfd7b668,61a4100ccd6d9c4c808a1fd954ddb8ad,2.3737
260e30615bfb298f951a7acacfd7b668,12f749c76f15e9bf5743bebda92da24a,2.3185
260e30615bfb298f951a7acacfd7b668,00faa46f36261af8bbf3a4d37fa4841b,2.2164
260e30615bfb298f951a7acacfd7b668,57c9362442482cd2451f2eabf468e532,2.0513
260e30615bfb298f951a7acacfd7b668,3de0f67a3747dbf94f485e9f5843b02d,1.9758
260e30615bfb298f951a7acacfd7b668,a14aea6067b93158e956612c50b74cfa,1.842
26a6e3e036636ef1d5636f98b66094cc,a14aea6067b93158e956612c50b74cfa,4.5492
26a6e3e036636ef1d5636f98b66094cc,fe59a1e006df3ac42bf0ceb876d70969,3.667
26a6e3e036636ef1d5636f98b66094cc,98a4301b1aacd45984603af55b7a1de4,3.4244
26a6e3e036636ef1d5636f98b66094cc,b68cf84ede4fd1e14b1740de5b727d55,3.0611
26a6e3e036636ef1d5636f98b66094cc,1dd284c37ca97cbb86c029c65fb9a494,2.9245
26a6e3e036636ef1d5636f98b66094cc,f4f67ccaece962d013a4e1d7dc3a61f7,2.8913
26a6e3e036636ef1d5636f98b66094cc,a06766fec51c96d4d0bce282906735eb,2.8843
26a6e3e036636ef1d5636f98b66094cc,d61d270aa0862b38a2eb6cb38c05f60d,2.7859
26a6e3e036636ef1d5636f98b66094cc,c2a9f8aeb7a51580fccc2d1c4f8bceaf,2.7498
26a6e3e036636ef1d5636f98b66094cc,730d34d191892dd7c4fb157daade465e,2.5406
26d1b63e9b8478f84f87188c4877049e,00faa46f36261af8bbf3a4d37fa4841b,5.34
26d1b63e9b8478f84f87188c4877049e,61937887eb6ee0b405a5759756426486,4.8148
26d1b63e9b8478f84f87188c4877049e,ee918a5c4e95f273708c2582a5314325,3.7173
26d1b63e9b8478f84f87188c4877049e,3bb3e5caf47c7e92ed97227247e942a8,3.6709
26d1b63e9b8478f84f87188c4877049e,61a4100ccd6d9c4c808a1fd954ddb8ad,3.3156
26d1b63e9b8478f84f87188c4877049e,d787ebe896a3557db778d1fadf16ad85,3.2396
26d1b63e9b8478f84f87188c4877049e,d35d1fa56f3c5a2777f5542a84a085dd,3.1959
26d1b63e9b8478f84f87188c4877049e,ebc714d9f070a89f4d411982ea9670fb,3.1742
26d1b63e9b8478f84f87188c4877049e,fe31b2791161c24e921f90788d443e1c,3.1219
26d1b63e9b8478f84f87188c4877049e,3de0f67a3747dbf94f485e9f5843b02d,3.0039
26f06401a5374fd3d26b6eed06af675f,4638e41e1c53018897e12edbb2815807,2.9764
26f06401a5374fd3d26b6eed06af675f,b68cf84ede4fd1e14b1740de5b727d55,2.9641
26f06401a5374fd3d26b6eed06af675f,8bb27b1d96be90b36b8d0c7f30931d52,2.9154
26f06401a5374fd3d26b6eed06af675f,ebc714d9f070a89f4d411982ea9670fb,2.8208
26f06401a5374fd3d26b6eed06af675f,a03e401d58a45187271718c5d7610422,2.6901
26f06401a5374fd3d26b6eed06af675f,51f3e4065d72846204cb4f46d8d241cf,2.5227
26f06401a5374fd3d26b6eed06af675f,61a4100ccd6d9c4c808a1fd954ddb8ad,2.496
26f06401a5374fd3d26b6eed06af675f,cc88837a83ef7b7ea2bf724434a53ef3,2.3316
26f06401a5374fd3d26b6eed06af675f,0fd55f5dee013f990c929cd3ad6bfee0,2.2677
26f06401a5374fd3d26b6eed06af675f,82cff05560eae73466f8778690b037fa,2.2461
26f17bce4c85dfa04d493059fe609cd5,61a4100ccd6d9c4c808a1fd954ddb8ad,3.2937
26f17bce4c85dfa04d493059fe609cd5,dbb67791e405873b259e4656bf971246,3.2747
26f17bce4c85dfa04d493059fe609cd5,b68cf84ede4fd1e14b1740de5b727d55,3.1759
26f17bce4c85dfa04d493059fe609cd5,81de659bfde3389fc8614bfba92e585a,2.5914
26f17bce4c85dfa04d493059fe609cd5,3bb3e5caf47c7e92ed97227247e942a8,2.5336
26f17bce4c85dfa04d493059fe609cd5,a14aea6067b93158e956612c50b74cfa,2.4828
26f17bce4c85dfa04d493059fe609cd5,ebc714d9f070a89f4d411982ea9670fb,2.3964
26f17bce4c85dfa04d493059fe609cd5,12f749c76f15e9bf5743bebda92da24a,2.2624
26f17bce4c85dfa04d493059fe609cd5,18486698933fbb64af6c0a255f7dd64c,2.2256
26f17bce4c85dfa04d493059fe609cd5,fe31b2791161c24e921f90788d443e1c,2.2138
26f97eaf9f9daed27155eb87109df5b9,8bb27b1d96be90b36b8d0c7f30931d52,4.8734
26f97eaf9f9daed27155eb87109df5b9,a03e401d58a45187271718c5d7610422,4.4967
26f97eaf9f9daed27155eb87109df5b9,b68cf84ede4fd1e14b1740de5b727d55,4.3294
26f97eaf9f9daed27155eb87109df5b9,90b58782fdd04cb829667fcc41fb65f5,4.1594
26f97eaf9f9daed27155eb87109df5b9,61937887eb6ee0b405a5759756426486,4.0219
26f97eaf9f9daed27155eb87109df5b9,308e4e21ae228a10f6370a243ae59995,4.0207
26f97eaf9f9daed27155eb87109df5b9,fe31b2791161c24e921f90788d443e1c,3.8503
26f97eaf9f9daed27155eb87109df5b9,00faa46f36261af8bbf3a4d37fa4841b,3.7237
26f97eaf9f9daed27155eb87109df5b9,2e511b5741ab14e7f5294df6f1310b03,3.7121
26f97eaf9f9daed27155eb87109df5b9,ebc714d9f070a89f4d411982ea9670fb,3.6491
271d3cdd872021b1b6669ad93e8b856b,61937887eb6ee0b405a5759756426486,4.5043
271d3cdd872021b1b6669ad93e8b856b,3bb3e5caf47c7e92ed97227247e942a8,4.2776
271d3cdd872021b1b6669ad93e8b856b,00faa46f36261af8bbf3a4d37fa4841b,4.0998
271d3cdd872021b1b6669ad93e8b856b,d35d1fa56f3c5a2777f5542a84a085dd,3.7547
271d3cdd872021b1b6669ad93e8b856b,3de0f67a3747dbf94f485e9f5843b02d,3.1628
271d3cdd872021b1b6669ad93e8b856b,57c9362442482cd2451f2eabf468e532,3.0463
271d3cdd872021b1b6669ad93e8b856b,90b58782fdd04cb829667fcc41fb65f5,2.8755
271d3cdd872021b1b6669ad93e8b856b,20531b0644a0719b8d506c4db3c56609,2.8135
271d3cdd872021b1b6669ad93e8b856b,61a4100ccd6d9c4c808a1fd954ddb8ad,2.7837
271d3cdd872021b1b6669ad93e8b856b,ee918a5c4e95f273708c2582a5314325,2.7808
2734e0cdd8354610f50b29876b01fc97,65f037a133d9ffc71164a5d69dee187e,2.9392
2734e0cdd8354610f50b29876b01fc97,33e503f68fb60fe165ed992965f2c737,2.1525
2734e0cdd8354610f50b29876b01fc97,51f3e4065d72846204cb4f46d8d241cf,2.0946
2734e0cdd8354610f50b29876b01fc97,b8c2cf7e813b0eb7ec62f7459217b22c,2.0381
2734e0cdd8354610f50b29876b01fc97,730d34d191892dd7c4fb157daade465e,1.9983
2734e0cdd8354610f50b29876b01fc97,0b00b16606aeb46da3543bbabff4d6b3,1.9514
2734e0cdd8354610f50b29876b01fc97,30d1842be9c62546d3fb853119602ac2,1.9268
2734e0cdd8354610f50b29876b01fc97,e5897f494af72d083f3899808f341659,1.9072
2734e0cdd8354610f50b29876b01fc97,cc7e60cc41c667212b37102362120438,1.8569
2734e0cdd8354610f50b29876b01fc97,399f54c06661d06ca45c6e24ed238e0e,1.791
280c34dc057ff9f3cd17360673d4b87c,6e2a68aa94eb2a3b5b3499bf2314d544,3.0033
280c34dc057ff9f3cd17360673d4b87c,cc7e60cc41c667212b37102362120438,2.984
280c34dc057ff9f3cd17360673d4b87c,39342c8e5e512bb1757779a3821a450f,2.7584
280c34dc057ff9f3cd17360673d4b87c,55aefe286a63b5e07f42a63c10371020,2.6172
280c34dc057ff9f3cd17360673d4b87c,fe31b2791161c24e921f90788d443e1c,2.4656
280c34dc057ff9f3cd17360673d4b87c,0573b564a90d2d9f9c460eb963da8c33,2.3891
280c34dc057ff9f3cd17360673d4b87c,c2a9f8aeb7a51580fccc2d1c4f8bceaf,2.3466
280c34dc057ff9f3cd17360673d4b87c,a7329b3e52d13627c92b24a745e70873,2.2014
280c34dc057ff9f3cd17360673d4b87c,6e741443e7a0707cb99e552dc844439a,2.1783
280c34dc057ff9f3cd17360673d4b87c,ebc714d9f070a89f4d411982ea9670fb,2.152
28989ef45087c96e5a4346e88216c2ba,00faa46f36261af8bbf3a4d37fa4841b,5.1248
28989ef45087c96e5a4346e88216c2ba,61937887eb6ee0b405a5759756426486,4.439
28989ef45087c96e5a4346e88216c2ba,ee918a5c4e95f273708c2582a5314325,4.3089
28989ef45087c96e5a4346e88216c2ba,ebc714d9f070a89f4d411982ea9670fb,3.4228
28989ef45087c96e5a4346e88216c2ba,f110a8fd4a8052d5717ce2adc2bb71d0,3.1824
28989ef45087c96e5a4346e88216c2ba,fe31b2791161c24e921f90788d443e1c,3.1476
28989ef45087c96e5a4346e88216c2ba,79ccb1aca8fcf379a6ed2412fba0480e,3.0958
28989ef45087c96e5a4346e88216c2ba,6cc859e89d080218ff4416539ffa030c,3.0119
28989ef45087c96e5a4346e88216c2ba,82a61259a621866c4ba63743da29a342,2.955
28989ef45087c96e5a4346e88216c2ba,b8c2cf7e813b0eb7ec62f7459217b22c,2.8879
28c7e3fb75d7ce1e496dc539443b71da,05431e0dd637e910dd67d7ad823e8437,3.5602
28c7e3fb75d7ce1e496dc539443b71da,ad1280b6c5b1af7cfd97372249be66c9,3.3042
28c7e3fb75d7ce1e496dc539443b71da,90b58782fdd04cb829667fcc41fb65f5,3.2838
28c7e3fb75d7ce1e496dc539443b71da,0fd55f5dee013f990c929cd3ad6bfee0,3.2692
28c7e3fb75d7ce1e496dc539443b71da,308e4e21ae228a10f6370a243ae59995,3.1743
28c7e3fb75d7ce1e496dc539443b71da,6cdd53843498f92890544667809f1595,2.9649
28c7e3fb75d7ce1e496dc539443b71da,cc88837a83ef7b7ea2bf724434a53ef3,2.7453
28c7e3fb75d7ce1e496dc539443b71da,4606f0b0bceceb75e7a887e6b57cae3e,2.6301
28c7e3fb75d7ce1e496dc539443b71da,d6fe3b4ddecd4a8393c6a1385de3bfb6,2.5571
28c7e3fb75d7ce1e496dc539443b71da,304104a478e3a605db6072a22e4ee228,2.5126
295fc568d9911ee55c2eef79be1af99c,90b58782fdd04cb829667fcc41fb65f5,2.3217
295fc568d9911ee55c2eef79be1af99c,308e4e21ae228a10f6370a243ae59995,2.2442
295fc568d9911ee55c2eef79be1af99c,20531b0644a0719b8d506c4db3c56609,2.2177
295fc568d9911ee55c2eef79be1af99c,d48bb8824fcf4720229d970fff608fda,2.1701
295fc568d9911ee55c2eef79be1af99c,8bb27b1d96be90b36b8d0c7f30931d52,2.1199
295fc568d9911ee55c2eef79be1af99c,d35d1fa56f3c5a2777f5542a84a085dd,2.0008
295fc568d9911ee55c2eef79be1af99c,7ad1818fa5f8a28faf8844aec3b3f540,1.9609
295fc568d9911ee55c2eef79be1af99c,a03e401d58a45187271718c5d7610422,1.956
295fc568d9911ee55c2eef79be1af99c,657247f6f60543b93e3cc708a8e6329c,1.9459
295fc568d9911ee55c2eef79be1af99c,cb03e4f0503f45854e87afe535e0681d,1.8505
297ec5afd18366f5ba27520cc4954151,57c9362442482cd2451f2eabf468e532,5.6226
297ec5afd18366f5ba27520cc4954151,0b00b16606aeb46da3543bbabff4d6b3,4.7382
297ec5afd18366f5ba27520cc4954151,2e511b5741ab14e7f5294df6f1310b03,4.5058
297ec5afd18366f5ba27520cc4954151,20531b0644a0719b8d506c4db3c56609,4.3039
297ec5afd18366f5ba27520cc4954151,958cd4fc82ce0223c757f47bc9d67e23,4.2641
297ec5afd18366f5ba27520cc4954151,d35d1fa56f3c5a2777f5542a84a085dd,3.8487
297ec5afd18366f5ba27520cc4954151,70906e04da1eebf3d1b8791bd09ffe85,3.7636
297ec5afd18366f5ba27520cc4954151,3bb3e5caf47c7e92ed97227247e942a8,3.7439
297ec5afd18366f5ba27520cc4954151,fe31b2791161c24e921f90788d443e1c,3.6134
297ec5afd18366f5ba27520cc4954151,61a4100ccd6d9c4c808a1fd954ddb8ad,3.5298
29f8e372b3b1d42ad2e00a0b976bfc34,65f037a133d9ffc71164a5d69dee187e,4.4262
29f8e372b3b1d42ad2e00a0b976bfc34,fe59a1e006df3ac42bf0ceb876d70969,3.3528
29f8e372b3b1d42ad2e00a0b976bfc34,730d34d191892dd7c4fb157daade465e,3.0542
29f8e372b3b1d42ad2e00a0b976bfc34,30d1842be9c62546d3fb853119602ac2,2.9448
29f8e372b3b1d42ad2e00a0b976bfc34,6e741443e7a0707cb99e552dc844439a,2.8823
29f8e372b3b1d42ad2e00a0b976bfc34,20531b0644a0719b8d506c4db3c56609,2.7217
29f8e372b3b1d42ad2e00a0b976bfc34,51f3e4065d72846204cb4f46d8d241cf,2.7137
29f8e372b3b1d42ad2e00a0b976bfc34,b68cf84ede4fd1e14b1740de5b727d55,2.6424
29f8e372b3b1d42ad2e00a0b976bfc34,ebc714d9f070a89f4d411982ea9670fb,2.4348
29f8e372b3b1d42ad2e00a0b976bfc34,a14aea6067b93158e956612c50b74cfa,2.3349
2a9c9698ae8fb45eee69ca8808382671,b68cf84ede4fd1e14b1740de5b727d55,5.7903
2a9c9698ae8fb45eee69ca8808382671,8bb27b1d96be90b36b8d0c7f30931d52,5.3392
2a9c9698ae8fb45eee69ca8808382671,a03e401d58a45187271718c5d7610422,4.9266
2a9c9698ae8fb45eee69ca8808382671,fe59a1e006df3ac42bf0ceb876d70969,4.6021
2a9c9698ae8fb45eee69ca8808382671,ebc714d9f070a89f4d411982ea9670fb,4.5078
2a9c9698ae8fb45eee69ca8808382671,90b58782fdd04cb829667fcc41fb65f5,4.4622
2a9c9698ae8fb45eee69ca8808382671,308e4e21ae228a10f6370a243ae59995,4.3134
2a9c9698ae8fb45eee69ca8808382671,ee918a5c4e95f273708c2582a5314325,4.0584
2a9c9698ae8fb45eee69ca8808382671,20531b0644a0719b8d506c4db3c56609,3.99
2a9c9698ae8fb45eee69ca8808382671,f110a8fd4a8052d5717ce2adc2bb71d0,3.699
2aa8fc021c68c7c1e1698d29faf24820,8bb27b1d96be90b36b8d0c7f30931d52,5.1447
2aa8fc021c68c7c1e1698d29faf24820,ebc714d9f070a89f4d411982ea9670fb,5.1351
2aa8fc021c68c7c1e1698d29faf24820,a03e401d58a45187271718c5d7610422,4.7471
2aa8fc021c68c7c1e1698d29faf24820,b68cf84ede4fd1e14b1740de5b727d55,4.4468
2aa8fc021c68c7c1e1698d29faf24820,4638e41e1c53018897e12edbb2815807,4.3966
2aa8fc021c68c7c1e1698d29faf24820,51f3e4065d72846204cb4f46d8d241cf,4.3856
2aa8fc021c68c7c1e1698d29faf24820,61a4100ccd6d9c4c808a1fd954ddb8ad,4.2361
2aa8fc021c68c7c1e1698d29faf24820,fe31b2791161c24e921f90788d443e1c,4.1853
2aa8fc021c68c7c1e1698d29faf24820,39342c8e5e512bb1757779a3821a450f,3.9872
2aa8fc021c68c7c1e1698d29faf24820,55aefe286a63b5e07f42a63c10371020,3.9179
2ac4312997e09e6770fd4c3d52adf77a,90b58782fdd04cb829667fcc41fb65f5,3.8064
2ac4312997e09e6770fd4c3d52adf77a,308e4e21ae228a10f6370a243ae59995,3.6795
2ac4312997e09e6770fd4c3d52adf77a,8bb27b1d96be90b36b8d0c7f30931d52,3.0763
2ac4312997e09e6770fd4c3d52adf77a,a03e401d58a45187271718c5d7610422,2.8386
2ac4312997e09e6770fd4c3d52adf77a,57c9362442482cd2451f2eabf468e532,2.6815
2ac4312997e09e6770fd4c3d52adf77a,3bb3e5caf47c7e92ed97227247e942a8,2.6343
2ac4312997e09e6770fd4c3d52adf77a,0fd55f5dee013f990c929cd3ad6bfee0,2.5707
2ac4312997e09e6770fd4c3d52adf77a,ad1280b6c5b1af7cfd97372249be66c9,2.5672
2ac4312997e09e6770fd4c3d52adf77a,d35d1fa56f3c5a2777f5542a84a085dd,2.5396
2ac4312997e09e6770fd4c3d52adf77a,61937887eb6ee0b405a5759756426486,2.5351
2b161eaf4956b131691842e87b3c39c7,b8c2cf7e813b0eb7ec62f7459217b22c,3.5335
2b161eaf4956b131691842e87b3c39c7,8bb27b1d96be90b36b8d0c7f30931d52,3.2935
2b161eaf4956b131691842e87b3c39c7,a03e401d58a45187271718c5d7610422,3.039
2b161eaf4956b131691842e87b3c39c7,ee918a5c4e95f273708c2582a5314325,2.9596
2b161eaf4956b131691842e87b3c39c7,51f3e4065d72846204cb4f46d8d241cf,2.8986
2b161eaf4956b131691842e87b3c39c7,00faa46f36261af8bbf3a4d37fa4841b,2.8521
2b161eaf4956b131691842e87b3c39c7,773a9c97b7435492ec93014cd43ecf77,2.812
2b161eaf4956b131691842e87b3c39c7,90b58782fdd04cb829667fcc41fb65f5,2.7199
2b161eaf4956b131691842e87b3c39c7,308e4e21ae228a10f6370a243ae59995,2.6292
2b161eaf4956b131691842e87b3c39c7,ad1280b6c5b1af7cfd97372249be66c9,2.5826
2c9d53f20e3055c7729299150d40a5ec,00faa46f36261af8bbf3a4d37fa4841b,2.5413
2c9d53f20e3055c7729299150d40a5ec,90b58782fdd04cb829667fcc41fb65f5,2.5327
2c9d53f20e3055c7729299150d40a5ec,8bb27b1d96be90b36b8d0c7f30931d52,2.4918
2c9d53f20e3055c7729299150d40a5ec,ee918a5c4e95f273708c2582a5314325,2.4818
2c9d53f20e3055c7729299150d40a5ec,308e4e21ae228a10f6370a243ae59995,2.4482
2c9d53f20e3055c7729299150d40a5ec,a03e401d58a45187271718c5d7610422,2.2993
2c9d53f20e3055c7729299150d40a5ec,b68cf84ede4fd1e14b1740de5b727d55,2.2871
2c9d53f20e3055c7729299150d40a5ec,ebc714d9f070a89f4d411982ea9670fb,2.1437
2c9d53f20e3055c7729299150d40a5ec,f110a8fd4a8052d5717ce2adc2bb71d0,2.0983
2c9d53f20e3055c7729299150d40a5ec,61937887eb6ee0b405a5759756426486,2.0524
2ca27ef6f20adeabb3c9c3e43e7ad17b,51f3e4065d72846204cb4f46d8d241cf,3.3568
2ca27ef6f20adeabb3c9c3e43e7ad17b,ebc714d9f070a89f4d411982ea9670fb,3.0921
2ca27ef6f20adeabb3c9c3e43e7ad17b,65f037a133d9ffc71164a5d69dee187e,2.8017
2ca27ef6f20adeabb3c9c3e43e7ad17b,8bb27b1d96be90b36b8d0c7f30931d52,2.5978
2ca27ef6f20adeabb3c9c3e43e7ad17b,b8c2cf7e813b0eb7ec62f7459217b22c,2.5348
2ca27ef6f20adeabb3c9c3e43e7ad17b,6e741443e7a0707cb99e552dc844439a,2.4208
2ca27ef6f20adeabb3c9c3e43e7ad17b,a03e401d58a45187271718c5d7610422,2.3971
2ca27ef6f20adeabb3c9c3e43e7ad17b,82254d93b897fde054504b15f8fe923c,2.1855
2ca27ef6f20adeabb3c9c3e43e7ad17b,bb50f2e236e5eea0100680137654686c,2.1135
2ca27ef6f20adeabb3c9c3e43e7ad17b,730d34d191892dd7c4fb157daade465e,2.085
2ccbfecb5f5c6b8d616e79abec45c0e0,3bb3e5caf47c7e92ed97227247e942a8,3.7987
2ccbfecb5f5c6b8d616e79abec45c0e0,61937887eb6ee0b405a5759756426486,3.7181
2ccbfecb5f5c6b8d616e79abec45c0e0,57c9362442482cd2451f2eabf468e532,3.4848
2ccbfecb5f5c6b8d616e79abec45c0e0,d35d1fa56f3c5a2777f5542a84a085dd,3.3299
2ccbfecb5f5c6b8d616e79abec45c0e0,20531b0644a0719b8d506c4db3c56609,3.1272
2ccbfecb5f5c6b8d616e79abec45c0e0,00faa46f36261af8bbf3a4d37fa4841b,3.1049
2ccbfecb5f5c6b8d616e79abec45c0e0,90b58782fdd04cb829667fcc41fb65f5,2.8264
2ccbfecb5f5c6b8d616e79abec45c0e0,308e4e21ae228a10f6370a243ae59995,2.7322
2ccbfecb5f5c6b8d616e79abec45c0e0,3de0f67a3747dbf94f485e9f5843b02d,2.716
2ccbfecb5f5c6b8d616e79abec45c0e0,958cd4fc82ce0223c757f47bc9d67e23,2.6429
2d8ff00aeb57429cf50b428d7a4ac3ec,90b58782fdd04cb829667fcc41fb65f5,3.0042
2d8ff00aeb57429cf50b428d7a4ac3ec,8bb27b1d96be90b36b8d0c7f30931d52,2.9892
2d8ff00aeb57429cf50b428d7a4ac3ec,308e4e21ae228a10f6370a243ae59995,2.904
2d8ff00aeb57429cf50b428d7a4ac3ec,a03e401d58a45187271718c5d7610422,2.7582
2d8ff00aeb57429cf50b428d7a4ac3ec,0fd55f5dee013f990c929cd3ad6bfee0,2.5273
2d8ff00aeb57429cf50b428d7a4ac3ec,0b00b16606aeb46da3543bbabff4d6b3,2.5014
2d8ff00aeb57429cf50b428d7a4ac3ec,05431e0dd637e910dd67d7ad823e8437,2.4887
2d8ff00aeb57429cf50b428d7a4ac3ec,20531b0644a0719b8d506c4db3c56609,2.4101
2d8ff00aeb57429cf50b428d7a4ac3ec,d48bb8824fcf4720229d970fff608fda,2.4014
2d8ff00aeb57429cf50b428d7a4ac3ec,b68cf84ede4fd1e14b1740de5b727d55,2.2528
2dcbfb99d95c7ba6eb992a98627f45b8,90b58782fdd04cb829667fcc41fb65f5,3.5609
2dcbfb99d95c7ba6eb992a98627f45b8,308e4e21ae228a10f6370a243ae59995,3.4421
2dcbfb99d95c7ba6eb992a98627f45b8,8bb27b1d96be90b36b8d0c7f30931d52,3.4111
2dcbfb99d95c7ba6eb992a98627f45b8,0fd55f5dee013f990c929cd3ad6bfee0,3.2091
2dcbfb99d95c7ba6eb992a98627f45b8,a03e401d58a45187271718c5d7610422,3.1474
2dcbfb99d95c7ba6eb992a98627f45b8,6cdd53843498f92890544667809f1595,2.8601
2dcbfb99d95c7ba6eb992a98627f45b8,0de59eddc63167215c972b0d785ffa7b,2.6582
2dcbfb99d95c7ba6eb992a98627f45b8,b68cf84ede4fd1e14b1740de5b727d55,2.5519
2dcbfb99d95c7ba6eb992a98627f45b8,ad1280b6c5b1af7cfd97372249be66c9,2.4986
2dcbfb99d95c7ba6eb992a98627f45b8,304104a478e3a605db6072a22e4ee228,2.4664
2ddc001b620bd90d0f4378cfde1db887,b68cf84ede4fd1e14b1740de5b727d55,4.5733
2ddc001b620bd90d0f4378cfde1db887,8bb27b1d96be90b36b8d0c7f30931d52,3.8652
2ddc001b620bd90d0f4378cfde1db887,a03e401d58a45187271718c5d7610422,3.5665
2ddc001b620bd90d0f4378cfde1db887,90b58782fdd04cb829667fcc41fb65f5,3.4401
2ddc001b620bd90d0f4378cfde1db887,308e4e21ae228a10f6370a243ae59995,3.3254
2ddc001b620bd90d0f4378cfde1db887,0fd55f5dee013f990c929cd3ad6bfee0,3.3109
2ddc001b620bd90d0f4378cfde1db887,fe59a1e006df3ac42bf0ceb876d70969,3.2833
2ddc001b620bd90d0f4378cfde1db887,4638e41e1c53018897e12edbb2815807,3.0321
2ddc001b620bd90d0f4378cfde1db887,76bc323604f948b202f4b159ac3ef4ee,2.9704
2ddc001b620bd90d0f4378cfde1db887,ebc714d9f070a89f4d411982ea9670fb,2.9031
2e43e031f10de28e557c35ef668f9396,a14aea6067b93158e956612c50b74cfa,3.5103
2e43e031f10de28e557c35ef668f9396,fe59a1e006df3ac42bf0ceb876d70969,2.9739
2e43e031f10de28e557c35ef668f9396,98a4301b1aacd45984603af55b7a1de4,2.9019
2e43e031f10de28e557c35ef668f9396,c2a9f8aeb7a51580fccc2d1c4f8bceaf,2.6578
2e43e031f10de28e557c35ef668f9396,a06766fec51c96d4d0bce282906735eb,2.4443
2e43e031f10de28e557c35ef668f9396,ebc714d9f070a89f4d411982ea9670fb,2.355
2e43e031f10de28e557c35ef668f9396,1dd284c37ca97cbb86c029c65fb9a494,2.3526
2e43e031f10de28e557c35ef668f9396,a7329b3e52d13627c92b24a745e70873,2.3484
2e43e031f10de28e557c35ef668f9396,b68cf84ede4fd1e14b1740de5b727d55,2.3432
2e43e031f10de28e557c35ef668f9396,730d34d191892dd7c4fb157daade465e,2.3279
2ee123fe846467308b514a15717df930,65f037a133d9ffc71164a5d69dee187e,3.9721
2ee123fe846467308b514a15717df930,51f3e4065d72846204cb4f46d8d241cf,3.7916
2ee123fe846467308b514a15717df930,730d34d191892dd7c4fb157daade465e,2.702
2ee123fe846467308b514a15717df930,30d1842be9c62546d3fb853119602ac2,2.6053
2ee123fe846467308b514a15717df930,b8c2cf7e813b0eb7ec62f7459217b22c,2.5279
2ee123fe846467308b514a15717df930,fe59a1e006df3ac42bf0ceb876d70969,2.348
2ee123fe846467308b514a15717df930,8bb27b1d96be90b36b8d0c7f30931d52,2.2777
2ee123fe846467308b514a15717df930,ebc714d9f070a89f4d411982ea9670fb,2.2366
2ee123fe846467308b514a15717df930,b68cf84ede4fd1e14b1740de5b727d55,2.2105
2ee123fe846467308b514a15717df930,e5897f494af72d083f3899808f341659,2.2065
2ee7ec1f76d53708b7665e5b28a80ff1,51f3e4065d72846204cb4f46d8d241cf,3.2778
2ee7ec1f76d53708b7665e5b28a80ff1,ebc714d9f070a89f4d411982ea9670fb,3.1177
2ee7ec1f76d53708b7665e5b28a80ff1,65f037a133d9ffc71164a5d69dee187e,2.7015
2ee7ec1f76d53708b7665e5b28a80ff1,8bb27b1d96be90b36b8d0c7f30931d52,2.5347
2ee7ec1f76d53708b7665e5b28a80ff1,b8c2cf7e813b0eb7ec62f7459217b22c,2.5229
2ee7ec1f76d53708b7665e5b28a80ff1,6e741443e7a0707cb99e552dc844439a,2.422
2ee7ec1f76d53708b7665e5b28a80ff1,a03e401d58a45187271718c5d7610422,2.3388
2ee7ec1f76d53708b7665e5b28a80ff1,82254d93b897fde054504b15f8fe923c,2.1537
2ee7ec1f76d53708b7665e5b28a80ff1,bb50f2e236e5eea0100680137654686c,2.0912
2ee7ec1f76d53708b7665e5b28a80ff1,fe31b2791161c24e921f90788d443e1c,2.0302
2f3f6dccce404d1c38be34db1fe4c34e,90b58782fdd04cb829667fcc41fb65f5,4.8591
2f3f6dccce404d1c38be34db1fe4c34e,0fd55f5dee013f990c929cd3ad6bfee0,4.7216
2f3f6dccce404d1c38be34db1fe4c34e,308e4e21ae228a10f6370a243ae59995,4.6971
2f3f6dccce404d1c38be34db1fe4c34e,8bb27b1d96be90b36b8d0c7f30931d52,4.2541
2f3f6dccce404d1c38be34db1fe4c34e,a03e401d58a45187271718c5d7610422,3.9254
2f3f6dccce404d1c38be34db1fe4c34e,6cdd53843498f92890544667809f1595,3.8453
2f3f6dccce404d1c38be34db1fe4c34e,ad1280b6c5b1af7cfd97372249be66c9,3.7589
2f3f6dccce404d1c38be34db1fe4c34e,b68cf84ede4fd1e14b1740de5b727d55,3.7115
2f3f6dccce404d1c38be34db1fe4c34e,304104a478e3a605db6072a22e4ee228,3.6289
2f3f6dccce404d1c38be34db1fe4c34e,cc88837a83ef7b7ea2bf724434a53ef3,3.4883
30a81e307f19e822e7199139fe52b1b0,a14aea6067b93158e956612c50b74cfa,2.7632
30a81e307f19e822e7199139fe52b1b0,98a4301b1aacd45984603af55b7a1de4,2.5472
30a81e307f19e822e7199139fe52b1b0,fe59a1e006df3ac42bf0ceb876d70969,2.495
30a81e307f19e822e7199139fe52b1b0,c2a9f8aeb7a51580fccc2d1c4f8bceaf,2.3347
30a81e307f19e822e7199139fe52b1b0,a06766fec51c96d4d0bce282906735eb,2.1455
30a81e307f19e822e7199139fe52b1b0,b68cf84ede4fd1e14b1740de5b727d55,2.0529
30a81e307f19e822e7199139fe52b1b0,cc7e60cc41c667212b37102362120438,1.8898
30a81e307f19e822e7199139fe52b1b0,1dd284c37ca97cbb86c029c65fb9a494,1.8447
30a81e307f19e822e7199139fe52b1b0,730d34d191892dd7c4fb157daade465e,1.8347
30a81e307f19e822e7199139fe52b1b0,0fd55f5dee013f990c929cd3ad6bfee0,1.8285
30d4c5e28ea8ce0ae64404d12398a620,8bb27b1d96be90b36b8d0c7f30931d52,4.2128
30d4c5e28ea8ce0ae64404d12398a620,ee918a5c4e95f273708c2582a5314325,4.1055
30d4c5e28ea8ce0ae64404d12398a620,2e511b5741ab14e7f5294df6f1310b03,3.9689
30d4c5e28ea8ce0ae64404d12398a620,a03e401d58a45187271718c5d7610422,3.8872
30d4c5e28ea8ce0ae64404d12398a620,fe31b2791161c24e921f90788d443e1c,3.8868
30d4c5e28ea8ce0ae64404d12398a620,ebc714d9f070a89f4d411982ea9670fb,3.875
30d4c5e28ea8ce0ae64404d12398a620,61a4100ccd6d9c4c808a1fd954ddb8ad,3.6128
30d4c5e28ea8ce0ae64404d12398a620,cc7e60cc41c667212b37102362120438,3.5441
30d4c5e28ea8ce0ae64404d12398a620,00faa46f36261af8bbf3a4d37fa4841b,3.481
30d4c5e28ea8ce0ae64404d12398a620,57c9362442482cd2451f2eabf468e532,3.3787
310647380793836bfa5b7b6b3f518423,fe59a1e006df3ac42bf0ceb876d70969,3.8921
310647380793836bfa5b7b6b3f518423,b8c2cf7e813b0eb7ec62f7459217b22c,3.342
310647380793836bfa5b7b6b3f518423,ebc714d9f070a89f4d411982ea9670fb,3.3221
310647380793836bfa5b7b6b3f518423,98a4301b1aacd45984603af55b7a1de4,3.0325
310647380793836bfa5b7b6b3f518423,ad1280b6c5b1af7cfd97372249be66c9,2.9482
310647380793836bfa5b7b6b3f518423,b68cf84ede4fd1e14b1740de5b727d55,2.8987
310647380793836bfa5b7b6b3f518423,51f3e4065d72846204cb4f46d8d241cf,2.7794
310647380793836bfa5b7b6b3f518423,8bb27b1d96be90b36b8d0c7f30931d52,2.7764
310647380793836bfa5b7b6b3f518423,730d34d191892dd7c4fb157daade465e,2.6901
310647380793836bfa5b7b6b3f518423,30d1842be9c62546d3fb853119602ac2,2.5938
313febe2adc914a7cb3f6e903f8e13cf,d35d1fa56f3c5a2777f5542a84a085dd,2.3919
313febe2adc914a7cb3f6e903f8e13cf,57c9362442482cd2451f2eabf468e532,2.3318
313febe2adc914a7cb3f6e903f8e13cf,8bb27b1d96be90b36b8d0c7f30931d52,2.2936
313febe2adc914a7cb3f6e903f8e13cf,61a4100ccd6d9c4c808a1fd954ddb8ad,2.2499
313febe2adc914a7cb3f6e903f8e13cf,20531b0644a0719b8d506c4db3c56609,2.2484
313febe2adc914a7cb3f6e903f8e13cf,0b00b16606aeb46da3543bbabff4d6b3,2.1469
313febe2adc914a7cb3f6e903f8e13cf,a03e401d58a45187271718c5d7610422,2.1163
313febe2adc914a7cb3f6e903f8e13cf,2e511b5741ab14e7f5294df6f1310b03,2.0713
313febe2adc914a7cb3f6e903f8e13cf,b68cf84ede4fd1e14b1740de5b727d55,2.0664
313febe2adc914a7cb3f6e903f8e13cf,61937887eb6ee0b405a5759756426486,1.9152
314259ece6a9207c6fc02d925fc996b9,65f037a133d9ffc71164a5d69dee187e,3.0975
314259ece6a9207c6fc02d925fc996b9,51f3e4065d72846204cb4f46d8d241cf,2.9459
314259ece6a9207c6fc02d925fc996b9,ebc714d9f070a89f4d411982ea9670fb,2.5817
314259ece6a9207c6fc02d925fc996b9,b8c2cf7e813b0eb7ec62f7459217b22c,2.4772
314259ece6a9207c6fc02d925fc996b9,00faa46f36261af8bbf3a4d37fa4841b,2.3025
314259ece6a9207c6fc02d925fc996b9,773a9c97b7435492ec93014cd43ecf77,2.3001
314259ece6a9207c6fc02d925fc996b9,ee918a5c4e95f273708c2582a5314325,1.9543
314259ece6a9207c6fc02d925fc996b9,f110a8fd4a8052d5717ce2adc2bb71d0,1.9363
314259ece6a9207c6fc02d925fc996b9,0a56efd5f050d3f861a04c6f005d1128,1.8338
314259ece6a9207c6fc02d925fc996b9,fe59a1e006df3ac42bf0ceb876d70969,1.8266
31d332d20895c5c0baefe55207a0fead,ebc714d9f070a89f4d411982ea9670fb,3.3257
31d332d20895c5c0baefe55207a0fead,51f3e4065d72846204cb4f46d8d241cf,3.2891
31d332d20895c5c0baefe55207a0fead,8bb27b1d96be90b36b8d0c7f30931d52,3.0669
31d332d20895c5c0baefe55207a0fead,6e741443e7a0707cb99e552dc844439a,3.0552
31d332d20895c5c0baefe55207a0fead,b68cf84ede4fd1e14b1740de5b727d55,3.0276
31d332d20895c5c0baefe55207a0fead,82254d93b897fde054504b15f8fe923c,2.8672
31d332d20895c5c0baefe55207a0fead,a03e401d58a45187271718c5d7610422,2.8299
31d332d20895c5c0baefe55207a0fead,730d34d191892dd7c4fb157daade465e,2.8278
31d332d20895c5c0baefe55207a0fead,39342c8e5e512bb1757779a3821a450f,2.8223
31d332d20895c5c0baefe55207a0fead,cc7e60cc41c667212b37102362120438,2.8213
31e2e13cc64f2a3bd9dbde22bbad06b2,2e511b5741ab14e7f5294df6f1310b03,2.976
31e2e13cc64f2a3bd9dbde22bbad06b2,57c9362442482cd2451f2eabf468e532,2.9326
31e2e13cc64f2a3bd9dbde22bbad06b2,a04cf12934a318be6550b1aeab938bf2,2.8571
31e2e13cc64f2a3bd9dbde22bbad06b2,d35d1fa56f3c5a2777f5542a84a085dd,2.609
31e2e13cc64f2a3bd9dbde22bbad06b2,fe31b2791161c24e921f90788d443e1c,2.504
31e2e13cc64f2a3bd9dbde22bbad06b2,70906e04da1eebf3d1b8791bd09ffe85,2.4858
31e2e13cc64f2a3bd9dbde22bbad06b2,41da75141264c3bde21ecea85a4cb8b7,2.4835
31e2e13cc64f2a3bd9dbde22bbad06b2,90b58782fdd04cb829667fcc41fb65f5,2.3656
31e2e13cc64f2a3bd9dbde22bbad06b2,0b00b16606aeb46da3543bbabff4d6b3,2.3548
31e2e13cc64f2a3bd9dbde22bbad06b2,eb53f94fdc60278efcef123bb275658a,2.2996
31f99fd95fe035ef10a0a87d6c51a8a1,00faa46f36261af8bbf3a4d37fa4841b,2.995
31f99fd95fe035ef10a0a87d6c51a8a1,6d8096ca93caea3416a6b24bf411bc86,2.2438
31f99fd95fe035ef10a0a87d6c51a8a1,ee918a5c4e95f273708c2582a5314325,2.1703
31f99fd95fe035ef10a0a87d6c51a8a1,f110a8fd4a8052d5717ce2adc2bb71d0,2.1122
31f99fd95fe035ef10a0a87d6c51a8a1,ebc714d9f070a89f4d411982ea9670fb,1.9924
31f99fd95fe035ef10a0a87d6c51a8a1,61937887eb6ee0b405a5759756426486,1.9047
31f99fd95fe035ef10a0a87d6c51a8a1,90b58782fdd04cb829667fcc41fb65f5,1.7083
31f99fd95fe035ef10a0a87d6c51a8a1,05805f52cdeb93d7684f871e599f0078,1.6649
31f99fd95fe035ef10a0a87d6c51a8a1,308e4e21ae228a10f6370a243ae59995,1.6513
31f99fd95fe035ef10a0a87d6c51a8a1,fc831da5307b1a3e23ed0259a2b6b2a1,1.6044
32326030f94a88d5f606830e9f528349,3bb3e5caf47c7e92ed97227247e942a8,3.418
32326030f94a88d5f606830e9f528349,61937887eb6ee0b405a5759756426486,3.4084
32326030f94a88d5f606830e9f528349,90b58782fdd04cb829667fcc41fb65f5,2.9804
32326030f94a88d5f606830e9f528349,d35d1fa56f3c5a2777f5542a84a085dd,2.8828
32326030f94a88d5f606830e9f528349,57c9362442482cd2451f2eabf468e532,2.8825
32326030f94a88d5f606830e9f528349,308e4e21ae228a10f6370a243ae59995,2.881
32326030f94a88d5f606830e9f528349,12f749c76f15e9bf5743bebda92da24a,2.7616
32326030f94a88d5f606830e9f528349,00faa46f36261af8bbf3a4d37fa4841b,2.729
32326030f94a88d5f606830e9f528349,fe31b2791161c24e921f90788d443e1c,2.4659
32326030f94a88d5f606830e9f528349,eb53f94fdc60278efcef123bb275658a,2.4652
323f8f14acb90e50f86f1885b6b53c6d,90b58782fdd04cb829667fcc41fb65f5,3.6074
323f8f14acb90e50f86f1885b6b53c6d,308e4e21ae228a10f6370a243ae59995,3.4871
323f8f14acb90e50f86f1885b6b53c6d,fe59a1e006df3ac42bf0ceb876d70969,3.3294
323f8f14acb90e50f86f1885b6b53c6d,ad1280b6c5b1af7cfd97372249be66c9,3.223
323f8f14acb90e50f86f1885b6b53c6d,0fd55f5dee013f990c929cd3ad6bfee0,3.1463
323f8f14acb90e50f86f1885b6b53c6d,b68cf84ede4fd1e14b1740de5b727d55,2.9469
323f8f14acb90e50f86f1885b6b53c6d,98a4301b1aacd45984603af55b7a1de4,2.7241
323f8f14acb90e50f86f1885b6b53c6d,8bb27b1d96be90b36b8d0c7f30931d52,2.7084
323f8f14acb90e50f86f1885b6b53c6d,6cdd53843498f92890544667809f1595,2.6441
323f8f14acb90e50f86f1885b6b53c6d,b8c2cf7e813b0eb7ec62f7459217b22c,2.5436
32ea3bdedab835c3aa6cb68ce66565ef,2e511b5741ab14e7f5294df6f1310b03,3.1654
32ea3bdedab835c3aa6cb68ce66565ef,70906e04da1eebf3d1b8791bd09ffe85,2.644
32ea3bdedab835c3aa6cb68ce66565ef,0b00b16606aeb46da3543bbabff4d6b3,2.6029
32ea3bdedab835c3aa6cb68ce66565ef,41da75141264c3bde21ecea85a4cb8b7,2.4552
32ea3bdedab835c3aa6cb68ce66565ef,57c9362442482cd2451f2eabf468e532,2.3616
32ea3bdedab835c3aa6cb68ce66565ef,05431e0dd637e910dd67d7ad823e8437,2.0443
32ea3bdedab835c3aa6cb68ce66565ef,fe31b2791161c24e921f90788d443e1c,2.0397
32ea3bdedab835c3aa6cb68ce66565ef,429e7401fafb76436f15e86498bd7364,2.016
32ea3bdedab835c3aa6cb68ce66565ef,2a33c8929309d51853186bd18ff3e3f2,1.9991
32ea3bdedab835c3aa6cb68ce66565ef,8bb27b1d96be90b36b8d0c7f30931d52,1.9613
33176de67c05eeed870fd49f234387a0,2e511b5741ab14e7f5294df6f1310b03,6.2822
33176de67c05eeed870fd49f234387a0,70906e04da1eebf3d1b8791bd09ffe85,5.2474
33176de67c05eeed870fd49f234387a0,fe31b2791161c24e921f90788d443e1c,5.0869
33176de67c05eeed870fd49f234387a0,57c9362442482cd2451f2eabf468e532,4.6947
33176de67c05eeed870fd49f234387a0,0b00b16606aeb46da3543bbabff4d6b3,4.1713
33176de67c05eeed870fd49f234387a0,a04cf12934a318be6550b1aeab938bf2,4.0052
33176de67c05eeed870fd49f234387a0,8bb27b1d96be90b36b8d0c7f30931d52,4.0032
33176de67c05eeed870fd49f234387a0,451482edc91f59c001a5a3a0e4d594bf,3.9115
33176de67c05eeed870fd49f234387a0,cc7e60cc41c667212b37102362120438,3.9064
33176de67c05eeed870fd49f234387a0,41da75141264c3bde21ecea85a4cb8b7,3.7781
3329202f1e357ad78ad4bbc14f3f658a,8bb27b1d96be90b36b8d0c7f30931d52,4.3231
3329202f1e357ad78ad4bbc14f3f658a,a03e401d58a45187271718c5d7610422,3.989
3329202f1e357ad78ad4bbc14f3f658a,2e511b5741ab14e7f5294df6f1310b03,3.5459
3329202f1e357ad78ad4bbc14f3f658a,b68cf84ede4fd1e14b1740de5b727d55,3.4877
3329202f1e357ad78ad4bbc14f3f658a,fe59a1e006df3ac42bf0ceb876d70969,3.3589
3329202f1e357ad78ad4bbc14f3f658a,90b58782fdd04cb829667fcc41fb65f5,3.3004
3329202f1e357ad78ad4bbc14f3f658a,cc7e60cc41c667212b37102362120438,3.2136
3329202f1e357ad78ad4bbc14f3f658a,308e4e21ae228a10f6370a243ae59995,3.1904
3329202f1e357ad78ad4bbc14f3f658a,b8c2cf7e813b0eb7ec62f7459217b22c,3.1896
3329202f1e357ad78ad4bbc14f3f658a,fe31b2791161c24e921f90788d443e1c,3.1357
33416ee3d4fa56400ec814d7b24bde02,51f3e4065d72846204cb4f46d8d241cf,4.0249
33416ee3d4fa56400ec814d7b24bde02,65f037a133d9ffc71164a5d69dee187e,3.3779
33416ee3d4fa56400ec814d7b24bde02,ebc714d9f070a89f4d411982ea9670fb,3.1475
33416ee3d4fa56400ec814d7b24bde02,8bb27b1d96be90b36b8d0c7f30931d52,3.0317
33416ee3d4fa56400ec814d7b24bde02,61a4100ccd6d9c4c808a1fd954ddb8ad,2.8575
33416ee3d4fa56400ec814d7b24bde02,a03e401d58a45187271718c5d7610422,2.7974
33416ee3d4fa56400ec814d7b24bde02,b68cf84ede4fd1e14b1740de5b727d55,2.5637
33416ee3d4fa56400ec814d7b24bde02,00faa46f36261af8bbf3a4d37fa4841b,2.4935
33416ee3d4fa56400ec814d7b24bde02,b8c2cf7e813b0eb7ec62f7459217b22c,2.4378
33416ee3d4fa56400ec814d7b24bde02,fe31b2791161c24e921f90788d443e1c,2.2555
33aa371b7512b6a9fede4f231e212226,a7329b3e52d13627c92b24a745e70873,3.038
33aa371b7512b6a9fede4f231e212226,6e741443e7a0707cb99e552dc844439a,2.9622
33aa371b7512b6a9fede4f231e212226,c2a9f8aeb7a51580fccc2d1c4f8bceaf,2.6443
33aa371b7512b6a9fede4f231e212226,6e2a68aa94eb2a3b5b3499bf2314d544,2.5283
33aa371b7512b6a9fede4f231e212226,cc7e60cc41c667212b37102362120438,2.522
33aa371b7512b6a9fede4f231e212226,0573b564a90d2d9f9c460eb963da8c33,2.5076
33aa371b7512b6a9fede4f231e212226,a14aea6067b93158e956612c50b74cfa,2.4816
33aa371b7512b6a9fede4f231e212226,bb50f2e236e5eea0100680137654686c,2.2495
33aa371b7512b6a9fede4f231e212226,e76a885142c73e17342e450b79b46d40,2.2068
33aa371b7512b6a9fede4f231e212226,fe31b2791161c24e921f90788d443e1c,2.1877
33de26d1fafbfd4945eb586f7136efe6,90b58782fdd04cb829667fcc41fb65f5,5.0342
33de26d1fafbfd4945eb586f7136efe6,308e4e21ae228a10f6370a243ae59995,4.8664
33de26d1fafbfd4945eb586f7136efe6,d35d1fa56f3c5a2777f5542a84a085dd,3.6906
33de26d1fafbfd4945eb586f7136efe6,b68cf84ede4fd1e14b1740de5b727d55,3.6659
33de26d1fafbfd4945eb586f7136efe6,6d0a373c460a041c86167a92a5d3383e,3.5703
33de26d1fafbfd4945eb586f7136efe6,fd471a043ee8b8dd27f4086495e0724c,3.5703
33de26d1fafbfd4945eb586f7136efe6,20531b0644a0719b8d506c4db3c56609,3.243
33de26d1fafbfd4945eb586f7136efe6,0fd55f5dee013f990c929cd3ad6bfee0,3.2386
33de26d1fafbfd4945eb586f7136efe6,8bb27b1d96be90b36b8d0c7f30931d52,3.1743
33de26d1fafbfd4945eb586f7136efe6,61937887eb6ee0b405a5759756426486,3.0579
3442a61b2d5bfd9d605d6943701ad650,6e2a68aa94eb2a3b5b3499bf2314d544,5.6314
3442a61b2d5bfd9d605d6943701ad650,0573b564a90d2d9f9c460eb963da8c33,4.227
3442a61b2d5bfd9d605d6943701ad650,cc7e60cc41c667212b37102362120438,4.1784
3442a61b2d5bfd9d605d6943701ad650,55aefe286a63b5e07f42a63c10371020,3.7297
3442a61b2d5bfd9d605d6943701ad650,e76a885142c73e17342e450b79b46d40,3.7199
3442a61b2d5bfd9d605d6943701ad650,c2a9f8aeb7a51580fccc2d1c4f8bceaf,3.528
3442a61b2d5bfd9d605d6943701ad650,57c9362442482cd2451f2eabf468e532,3.4666
3442a61b2d5bfd9d605d6943701ad650,fe31b2791161c24e921f90788d443e1c,3.2234
3442a61b2d5bfd9d605d6943701ad650,202d7062d09aa564dfd5aaa1aac775b6,3.1617
3442a61b2d5bfd9d605d6943701ad650,d04e48982547095af81c231c3d581cb6,3.1592
34b0cd95480e55c2a701293a2b9671b3,a14aea6067b93158e956612c50b74cfa,3.0714
34b0cd95480e55c2a701293a2b9671b3,98a4301b1aacd45984603af55b7a1de4,2.2005
34b0cd95480e55c2a701293a2b9671b3,fe59a1e006df3ac42bf0ceb876d70969,2.1227
34b0cd95480e55c2a701293a2b9671b3,c2a9f8aeb7a51580fccc2d1c4f8bceaf,2.0912
34b0cd95480e55c2a701293a2b9671b3,1dd284c37ca97cbb86c029c65fb9a494,1.9657
34b0cd95480e55c2a701293a2b9671b3,b68cf84ede4fd1e14b1740de5b727d55,1.9238
34b0cd95480e55c2a701293a2b9671b3,730d34d191892dd7c4fb157daade465e,1.8731
34b0cd95480e55c2a701293a2b9671b3,a06766fec51c96d4d0bce282906735eb,1.8535
34b0cd95480e55c2a701293a2b9671b3,d61d270aa0862b38a2eb6cb38c05f60d,1.8084
34b0cd95480e55c2a701293a2b9671b3,30d1842be9c62546d3fb853119602ac2,1.806
356c2a2edf34ce811f5d75d3a48d1632,90b58782fdd04cb829667fcc41fb65f5,3.8115
356c2a2edf34ce811f5d75d3a48d1632,308e4e21ae228a10f6370a243ae59995,3.6844
356c2a2edf34ce811f5d75d3a48d1632,8bb27b1d96be90b36b8d0c7f30931d52,2.7842
356c2a2edf34ce811f5d75d3a48d1632,a03e401d58a45187271718c5d7610422,2.569
356c2a2edf34ce811f5d75d3a48d1632,86f2416d4670e4ea3ca5494d043d9f24,2.2994
356c2a2edf34ce811f5d75d3a48d1632,ad1280b6c5b1af7cfd97372249be66c9,2.1293
356c2a2edf34ce811f5d75d3a48d1632,0fd55f5dee013f990c929cd3ad6bfee0,2.1195
356c2a2edf34ce811f5d75d3a48d1632,05805f52cdeb93d7684f871e599f0078,2.1001
356c2a2edf34ce811f5d75d3a48d1632,b8c2cf7e813b0eb7ec62f7459217b22c,2.0684
356c2a2edf34ce811f5d75d3a48d1632,0de59eddc63167215c972b0d785ffa7b,1.9362
35dd6fdbd3caca7333ef2c6675547bd1,65f037a133d9ffc71164a5d69dee187e,4.4002
35dd6fdbd3caca7333ef2c6675547bd1,51f3e4065d72846204cb4f46d8d241cf,2.9577
35dd6fdbd3caca7333ef2c6675547bd1,20531b0644a0719b8d506c4db3c56609,2.6282
35dd6fdbd3caca7333ef2c6675547bd1,b8c2cf7e813b0eb7ec62f7459217b22c,2.5834
35dd6fdbd3caca7333ef2c6675547bd1,6e741443e7a0707cb99e552dc844439a,2.3715
35dd6fdbd3caca7333ef2c6675547bd1,fe59a1e006df3ac42bf0ceb876d70969,2.1165
35dd6fdbd3caca7333ef2c6675547bd1,399f54c06661d06ca45c6e24ed238e0e,2.05
35dd6fdbd3caca7333ef2c6675547bd1,bb50f2e236e5eea0100680137654686c,2.0125
35dd6fdbd3caca7333ef2c6675547bd1,730d34d191892dd7c4fb157daade465e,1.9504
35dd6fdbd3caca7333ef2c6675547bd1,e5897f494af72d083f3899808f341659,1.9075
35ecdf6858edc6427223b64804cf028e,00faa46f36261af8bbf3a4d37fa4841b,3.964
35ecdf6858edc6427223b64804cf028e,ebc714d9f070a89f4d411982ea9670fb,3.7098
35ecdf6858edc6427223b64804cf028e,f110a8fd4a8052d5717ce2adc2bb71d0,3.2465
35ecdf6858edc6427223b64804cf028e,ee918a5c4e95f273708c2582a5314325,3.1293
35ecdf6858edc6427223b64804cf028e,61a4100ccd6d9c4c808a1fd954ddb8ad,2.9698
35ecdf6858edc6427223b64804cf028e,61937887eb6ee0b405a5759756426486,2.9262
35ecdf6858edc6427223b64804cf028e,47b8c79d616369fd222f0bb68ea0293b,2.5726
35ecdf6858edc6427223b64804cf028e,b68cf84ede4fd1e14b1740de5b727d55,2.3955
35ecdf6858edc6427223b64804cf028e,51f3e4065d72846204cb4f46d8d241cf,2.3443
35ecdf6858edc6427223b64804cf028e,fc831da5307b1a3e23ed0259a2b6b2a1,2.2394
362928c8cd61df2e6951751dffb4be85,8bb27b1d96be90b36b8d0c7f30931d52,3.7946
362928c8cd61df2e6951751dffb4be85,90b58782fdd04cb829667fcc41fb65f5,3.7894
362928c8cd61df2e6951751dffb4be85,308e4e21ae228a10f6370a243ae59995,3.663
362928c8cd61df2e6951751dffb4be85,a03e401d58a45187271718c5d7610422,3.5014
362928c8cd61df2e6951751dffb4be85,fe59a1e006df3ac42bf0ceb876d70969,3.3027
362928c8cd61df2e6951751dffb4be85,2e511b5741ab14e7f5294df6f1310b03,3.2354
362928c8cd61df2e6951751dffb4be85,0fd55f5dee013f990c929cd3ad6bfee0,3.205
362928c8cd61df2e6951751dffb4be85,b68cf84ede4fd1e14b1740de5b727d55,3.1292
362928c8cd61df2e6951751dffb4be85,ad1280b6c5b1af7cfd97372249be66c9,3.1282
362928c8cd61df2e6951751dffb4be85,0de59eddc63167215c972b0d785ffa7b,3.0595
3660e33bc132658a08c234cc82e6d0cc,39342c8e5e512bb1757779a3821a450f,4.4484
3660e33bc132658a08c234cc82e6d0cc,fe31b2791161c24e921f90788d443e1c,3.7951
3660e33bc132658a08c234cc82e6d0cc,8bb27b1d96be90b36b8d0c7f30931d52,3.6496
3660e33bc132658a08c234cc82e6d0cc,4638e41e1c53018897e12edbb2815807,3.4723
3660e33bc132658a08c234cc82e6d0cc,55aefe286a63b5e07f42a63c10371020,3.437
3660e33bc132658a08c234cc82e6d0cc,a03e401d58a45187271718c5d7610422,3.3675
3660e33bc132658a08c234cc82e6d0cc,ebc714d9f070a89f4d411982ea9670fb,3.2771
3660e33bc132658a08c234cc82e6d0cc,82cff05560eae73466f8778690b037fa,3.0135
3660e33bc132658a08c234cc82e6d0cc,0de59eddc63167215c972b0d785ffa7b,2.9899
3660e33bc132658a08c234cc82e6d0cc,2e511b5741ab14e7f5294df6f1310b03,2.7775
367f4686d7112d69feed92b02a1775ed,65f037a133d9ffc71164a5d69dee187e,3.4081
367f4686d7112d69feed92b02a1775ed,51f3e4065d72846204cb4f46d8d241cf,3.1885
367f4686d7112d69feed92b02a1775ed,61a4100ccd6d9c4c808a1fd954ddb8ad,2.6832
367f4686d7112d69feed92b02a1775ed,20531b0644a0719b8d506c4db3c56609,2.2695
367f4686d7112d69feed92b02a1775ed,8bb27b1d96be90b36b8d0c7f30931d52,2.2019
367f4686d7112d69feed92b02a1775ed,b68cf84ede4fd1e14b1740de5b727d55,2.1172
367f4686d7112d69feed92b02a1775ed,ebc714d9f070a89f4d411982ea9670fb,2.067
367f4686d7112d69feed92b02a1775ed,e5897f494af72d083f3899808f341659,2.0551
367f4686d7112d69feed92b02a1775ed,a03e401d58a45187271718c5d7610422,2.0318
367f4686d7112d69feed92b02a1775ed,61937887eb6ee0b405a5759756426486,1.8925
37bc3d463e2a0024012a7fa587597a3c,fe31b2791161c24e921f90788d443e1c,4.2884
37bc3d463e2a0024012a7fa587597a3c,ebc714d9f070a89f4d411982ea9670fb,3.8236
37bc3d463e2a0024012a7fa587597a3c,6b6b162b177d0f36987993aecbe1c65f,3.7917
37bc3d463e2a0024012a7fa587597a3c,ee918a5c4e95f273708c2582a5314325,3.7907
37bc3d463e2a0024012a7fa587597a3c,b8c2cf7e813b0eb7ec62f7459217b22c,3.7742
37bc3d463e2a0024012a7fa587597a3c,e11092e9722d1b6f8c18cd8947a1daff,3.7207
37bc3d463e2a0024012a7fa587597a3c,1ba4e3fe92f16fd5a8942f7b7d804b52,3.7207
37bc3d463e2a0024012a7fa587597a3c,b6ada73818651fe7e64be10653062ea2,3.7207
37bc3d463e2a0024012a7fa587597a3c,bf44071ef18f5c9ded039681c68b1996,3.7207
37bc3d463e2a0024012a7fa587597a3c,00faa46f36261af8bbf3a4d37fa4841b,3.5113
384d6654ad80e9f1426b7a4ef9e40997,2e511b5741ab14e7f5294df6f1310b03,3.4387
384d6654ad80e9f1426b7a4ef9e40997,dcfe76be1e1036cb99e5d8bdc2a1b1c9,3.263
384d6654ad80e9f1426b7a4ef9e40997,90b58782fdd04cb829667fcc41fb65f5,3.2454
384d6654ad80e9f1426b7a4ef9e40997,8bb27b1d96be90b36b8d0c7f30931d52,3.2322
384d6654ad80e9f1426b7a4ef9e40997,308e4e21ae228a10f6370a243ae59995,3.1371
384d6654ad80e9f1426b7a4ef9e40997,b8c2cf7e813b0eb7ec62f7459217b22c,3.1151
384d6654ad80e9f1426b7a4ef9e40997,fe59a1e006df3ac42bf0ceb876d70969,3.0546
384d6654ad80e9f1426b7a4ef9e40997,41da75141264c3bde21ecea85a4cb8b7,3.0429
384d6654ad80e9f1426b7a4ef9e40997,0de59eddc63167215c972b0d785ffa7b,3.0393
384d6654ad80e9f1426b7a4ef9e40997,05805f52cdeb93d7684f871e599f0078,2.9878
3872dc3409c953b02afd0feda0b1d812,ebc714d9f070a89f4d411982ea9670fb,3.0602
3872dc3409c953b02afd0feda0b1d812,b68cf84ede4fd1e14b1740de5b727d55,3.0264
3872dc3409c953b02afd0feda0b1d812,a14aea6067b93158e956612c50b74cfa,2.8909
3872dc3409c953b02afd0feda0b1d812,fe59a1e006df3ac42bf0ceb876d70969,2.8441
3872dc3409c953b02afd0feda0b1d812,98a4301b1aacd45984603af55b7a1de4,2.7694
3872dc3409c953b02afd0feda0b1d812,8bb27b1d96be90b36b8d0c7f30931d52,2.366
3872dc3409c953b02afd0feda0b1d812,a06766fec51c96d4d0bce282906735eb,2.3327
3872dc3409c953b02afd0feda0b1d812,a03e401d58a45187271718c5d7610422,2.1831
3872dc3409c953b02afd0feda0b1d812,730d34d191892dd7c4fb157daade465e,2.1468
3872dc3409c953b02afd0feda0b1d812,1dd284c37ca97cbb86c029c65fb9a494,2.0979
39104edef5e46d7b8c61848cc95e6d97,4638e41e1c53018897e12edbb2815807,2.8507
39104edef5e46d7b8c61848cc95e6d97,39342c8e5e512bb1757779a3821a450f,2.7753
39104edef5e46d7b8c61848cc95e6d97,61a4100ccd6d9c4c808a1fd954ddb8ad,2.7121
39104edef5e46d7b8c61848cc95e6d97,81de659bfde3389fc8614bfba92e585a,2.5623
39104edef5e46d7b8c61848cc95e6d97,82cff05560eae73466f8778690b037fa,2.4468
39104edef5e46d7b8c61848cc95e6d97,b68cf84ede4fd1e14b1740de5b727d55,2.323
39104edef5e46d7b8c61848cc95e6d97,fe31b2791161c24e921f90788d443e1c,2.2902
39104edef5e46d7b8c61848cc95e6d97,8bb27b1d96be90b36b8d0c7f30931d52,2.2419
39104edef5e46d7b8c61848cc95e6d97,ebc714d9f070a89f4d411982ea9670fb,2.1605
39104edef5e46d7b8c61848cc95e6d97,dbb67791e405873b259e4656bf971246,2.145
394ac4de8f3acb14253c177f0e15bc58,d35d1fa56f3c5a2777f5542a84a085dd,4.7553
394ac4de8f3acb14253c177f0e15bc58,61937887eb6ee0b405a5759756426486,4.4166
394ac4de8f3acb14253c177f0e15bc58,3bb3e5caf47c7e92ed97227247e942a8,4.4154
394ac4de8f3acb14253c177f0e15bc58,20531b0644a0719b8d506c4db3c56609,4.2541
394ac4de8f3acb14253c177f0e15bc58,65f037a133d9ffc71164a5d69dee187e,4.1062
394ac4de8f3acb14253c177f0e15bc58,3de0f67a3747dbf94f485e9f5843b02d,3.8583
394ac4de8f3acb14253c177f0e15bc58,57c9362442482cd2451f2eabf468e532,3.424
394ac4de8f3acb14253c177f0e15bc58,62b07aff118f62756ee579afeedc3eb0,3.4096
394ac4de8f3acb14253c177f0e15bc58,90b58782fdd04cb829667fcc41fb65f5,3.3587
394ac4de8f3acb14253c177f0e15bc58,00faa46f36261af8bbf3a4d37fa4841b,3.2772
397b44d5bb99eabf54ea9c2b41ebb905,00faa46f36261af8bbf3a4d37fa4841b,6.325
397b44d5bb99eabf54ea9c2b41ebb905,61937887eb6ee0b405a5759756426486,4.9193
397b44d5bb99eabf54ea9c2b41ebb905,ee918a5c4e95f273708c2582a5314325,4.4837
397b44d5bb99eabf54ea9c2b41ebb905,ebc714d9f070a89f4d411982ea9670fb,3.5831
397b44d5bb99eabf54ea9c2b41ebb905,f110a8fd4a8052d5717ce2adc2bb71d0,3.5757
397b44d5bb99eabf54ea9c2b41ebb905,d787ebe896a3557db778d1fadf16ad85,3.2192
397b44d5bb99eabf54ea9c2b41ebb905,63094ac128b54dd72d511043411df079,3.1625
397b44d5bb99eabf54ea9c2b41ebb905,47b8c79d616369fd222f0bb68ea0293b,2.9399
397b44d5bb99eabf54ea9c2b41ebb905,6d8096ca93caea3416a6b24bf411bc86,2.8442
397b44d5bb99eabf54ea9c2b41ebb905,3bb3e5caf47c7e92ed97227247e942a8,2.8396
39e16ad9a306c8729696f7732acde86f,8bb27b1d96be90b36b8d0c7f30931d52,3.9488
39e16ad9a306c8729696f7732acde86f,90b58782fdd04cb829667fcc41fb65f5,3.9065
39e16ad9a306c8729696f7732acde86f,308e4e21ae228a10f6370a243ae59995,3.7762
39e16ad9a306c8729696f7732acde86f,a03e401d58a45187271718c5d7610422,3.6436
39e16ad9a306c8729696f7732acde86f,b68cf84ede4fd1e14b1740de5b727d55,3.3239
39e16ad9a306c8729696f7732acde86f,61937887eb6ee0b405a5759756426486,3.0862
39e16ad9a306c8729696f7732acde86f,b8c2cf7e813b0eb7ec62f7459217b22c,3.086
39e16ad9a306c8729696f7732acde86f,fe59a1e006df3ac42bf0ceb876d70969,2.8874
39e16ad9a306c8729696f7732acde86f,ad1280b6c5b1af7cfd97372249be66c9,2.7463
39e16ad9a306c8729696f7732acde86f,57c9362442482cd2451f2eabf468e532,2.7442
3a131e6c88849b1d0b28020c3809ea29,6e2a68aa94eb2a3b5b3499bf2314d544,2.5331
3a131e6c88849b1d0b28020c3809ea29,fe31b2791161c24e921f90788d443e1c,2.4607
3a131e6c88849b1d0b28020c3809ea29,55aefe286a63b5e07f42a63c10371020,2.31
3a131e6c88849b1d0b28020c3809ea29,39342c8e5e512bb1757779a3821a450f,2.2812
3a131e6c88849b1d0b28020c3809ea29,0573b564a90d2d9f9c460eb963da8c33,2.2591
3a131e6c88849b1d0b28020c3809ea29,48640118918b5bd6454e3fee20ad637b,2.2445
3a131e6c88849b1d0b28020c3809ea29,0de59eddc63167215c972b0d785ffa7b,2.2213
3a131e6c88849b1d0b28020c3809ea29,6e741443e7a0707cb99e552dc844439a,2.0347
3a131e6c88849b1d0b28020c3809ea29,86332b1229c41aeb4ab9d85472de3ed9,2.0113
3a131e6c88849b1d0b28020c3809ea29,d04e48982547095af81c231c3d581cb6,2.0101
3a502a4d1e63887120fdc3b323224d70,90b58782fdd04cb829667fcc41fb65f5,2.9096
3a502a4d1e63887120fdc3b323224d70,00faa46f36261af8bbf3a4d37fa4841b,2.8205
3a502a4d1e63887120fdc3b323224d70,308e4e21ae228a10f6370a243ae59995,2.8126
3a502a4d1e63887120fdc3b323224d70,61937887eb6ee0b405a5759756426486,2.7176
3a502a4d1e63887120fdc3b323224d70,0de59eddc63167215c972b0d785ffa7b,2.4023
3a502a4d1e63887120fdc3b323224d70,8bb27b1d96be90b36b8d0c7f30931d52,2.3416
3a502a4d1e63887120fdc3b323224d70,ee918a5c4e95f273708c2582a5314325,2.2782
3a502a4d1e63887120fdc3b323224d70,a03e401d58a45187271718c5d7610422,2.1607
3a502a4d1e63887120fdc3b323224d70,82a61259a621866c4ba63743da29a342,1.9822
3a502a4d1e63887120fdc3b323224d70,48640118918b5bd6454e3fee20ad637b,1.9677
3ad4f7f719b511802d7a94093d055e72,90b58782fdd04cb829667fcc41fb65f5,4.2657
3ad4f7f719b511802d7a94093d055e72,308e4e21ae228a10f6370a243ae59995,4.1235
3ad4f7f719b511802d7a94093d055e72,8bb27b1d96be90b36b8d0c7f30931d52,3.6551
3ad4f7f719b511802d7a94093d055e72,a03e401d58a45187271718c5d7610422,3.3727
3ad4f7f719b511802d7a94093d055e72,05805f52cdeb93d7684f871e599f0078,3.3484
3ad4f7f719b511802d7a94093d055e72,b8c2cf7e813b0eb7ec62f7459217b22c,3.2062
3ad4f7f719b511802d7a94093d055e72,0de59eddc63167215c972b0d785ffa7b,3.0435
3ad4f7f719b511802d7a94093d055e72,dcfe76be1e1036cb99e5d8bdc2a1b1c9,2.9725
3ad4f7f719b511802d7a94093d055e72,ad1280b6c5b1af7cfd97372249be66c9,2.9514
3ad4f7f719b511802d7a94093d055e72,ee918a5c4e95f273708c2582a5314325,2.7933
3b0fd4045271bcd68bbd76cd66506b74,6e2a68aa94eb2a3b5b3499bf2314d544,3.0752
3b0fd4045271bcd68bbd76cd66506b74,2e511b5741ab14e7f5294df6f1310b03,2.7396
3b0fd4045271bcd68bbd76cd66506b74,cc7e60cc41c667212b37102362120438,2.539
3b0fd4045271bcd68bbd76cd66506b74,fe31b2791161c24e921f90788d443e1c,2.4272
3b0fd4045271bcd68bbd76cd66506b74,70906e04da1eebf3d1b8791bd09ffe85,2.2884
3b0fd4045271bcd68bbd76cd66506b74,57c9362442482cd2451f2eabf468e532,2.2801
3b0fd4045271bcd68bbd76cd66506b74,202d7062d09aa564dfd5aaa1aac775b6,2.2182
3b0fd4045271bcd68bbd76cd66506b74,6b6b162b177d0f36987993aecbe1c65f,2.1331
3b0fd4045271bcd68bbd76cd66506b74,0573b564a90d2d9f9c460eb963da8c33,2.1286
3b0fd4045271bcd68bbd76cd66506b74,55aefe286a63b5e07f42a63c10371020,2.0083
3b8cbc441bc04e834b9c94e28d59ee8d,fe31b2791161c24e921f90788d443e1c,2.6478
3b8cbc441bc04e834b9c94e28d59ee8d,2e511b5741ab14e7f5294df6f1310b03,2.5602
3b8cbc441bc04e834b9c94e28d59ee8d,6b6b162b177d0f36987993aecbe1c65f,2.5303
3b8cbc441bc04e834b9c94e28d59ee8d,41da75141264c3bde21ecea85a4cb8b7,2.3932
3b8cbc441bc04e834b9c94e28d59ee8d,a04cf12934a318be6550b1aeab938bf2,2.2787
3b8cbc441bc04e834b9c94e28d59ee8d,70906e04da1eebf3d1b8791bd09ffe85,2.1384
3b8cbc441bc04e834b9c94e28d59ee8d,b5661cf46c147805adc83695fb04f487,2.0593
3b8cbc441bc04e834b9c94e28d59ee8d,429e7401fafb76436f15e86498bd7364,1.9704
3b8cbc441bc04e834b9c94e28d59ee8d,202d7062d09aa564dfd5aaa1aac775b6,1.8977
3b8cbc441bc04e834b9c94e28d59ee8d,0de59eddc63167215c972b0d785ffa7b,1.8279
3bab949ef05da8e9b3cfd541b6af0ffd,61937887eb6ee0b405a5759756426486,4.8734
3bab949ef05da8e9b3cfd541b6af0ffd,d35d1fa56f3c5a2777f5542a84a085dd,4.8489
3bab949ef05da8e9b3cfd541b6af0ffd,20531b0644a0719b8d506c4db3c56609,4.2435
3bab949ef05da8e9b3cfd541b6af0ffd,90b58782fdd04cb829667fcc41fb65f5,4.2374
3bab949ef05da8e9b3cfd541b6af0ffd,308e4e21ae228a10f6370a243ae59995,4.0961
3bab949ef05da8e9b3cfd541b6af0ffd,3bb3e5caf47c7e92ed97227247e942a8,4.0512
3bab949ef05da8e9b3cfd541b6af0ffd,00faa46f36261af8bbf3a4d37fa4841b,3.8644
3bab949ef05da8e9b3cfd541b6af0ffd,3de0f67a3747dbf94f485e9f5843b02d,3.8433
3bab949ef05da8e9b3cfd541b6af0ffd,8bb27b1d96be90b36b8d0c7f30931d52,3.7555
3bab949ef05da8e9b3cfd541b6af0ffd,57c9362442482cd2451f2eabf468e532,3.6017
3be412c1321c061d6f85c5e41530ce2d,61937887eb6ee0b405a5759756426486,3.2004
3be412c1321c061d6f85c5e41530ce2d,90b58782fdd04cb829667fcc41fb65f5,2.965
3be412c1321c061d6f85c5e41530ce2d,308e4e21ae228a10f6370a243ae59995,2.8661
3be412c1321c061d6f85c5e41530ce2d,00faa46f36261af8bbf3a4d37fa4841b,2.8031
3be412c1321c061d6f85c5e41530ce2d,3bb3e5caf47c7e92ed97227247e942a8,2.7704
3be412c1321c061d6f85c5e41530ce2d,57c9362442482cd2451f2eabf468e532,2.5673
3be412c1321c061d6f85c5e41530ce2d,fe31b2791161c24e921f90788d443e1c,2.5485
3be412c1321c061d6f85c5e41530ce2d,b68cf84ede4fd1e14b1740de5b727d55,2.5404
3be412c1321c061d6f85c5e41530ce2d,d35d1fa56f3c5a2777f5542a84a085dd,2.5144
3be412c1321c061d6f85c5e41530ce2d,12f749c76f15e9bf5743bebda92da24a,2.4938
3cbfa8093b3ae36fc7a01c0a263e0389,8bb27b1d96be90b36b8d0c7f30931d52,4.5679
3cbfa8093b3ae36fc7a01c0a263e0389,a03e401d58a45187271718c5d7610422,4.2149
3cbfa8093b3ae36fc7a01c0a263e0389,b68cf84ede4fd1e14b1740de5b727d55,3.6868
3cbfa8093b3ae36fc7a01c0a263e0389,cc7e60cc41c667212b37102362120438,3.3984
3cbfa8093b3ae36fc7a01c0a263e0389,2e511b5741ab14e7f5294df6f1310b03,3.1219
3cbfa8093b3ae36fc7a01c0a263e0389,ebc714d9f070a89f4d411982ea9670fb,3.0242
3cbfa8093b3ae36fc7a01c0a263e0389,90b58782fdd04cb829667fcc41fb65f5,3.0222
3cbfa8093b3ae36fc7a01c0a263e0389,0de59eddc63167215c972b0d785ffa7b,3.0089
3cbfa8093b3ae36fc7a01c0a263e0389,0fd55f5dee013f990c929cd3ad6bfee0,3.001
3cbfa8093b3ae36fc7a01c0a263e0389,fe31b2791161c24e921f90788d443e1c,2.9837
3de0c9303f39b7ccfe69ca11aee19cc6,ebc714d9f070a89f4d411982ea9670fb,5.5905
3de0c9303f39b7ccfe69ca11aee19cc6,51f3e4065d72846204cb4f46d8d241cf,3.837
3de0c9303f39b7ccfe69ca11aee19cc6,b68cf84ede4fd1e14b1740de5b727d55,3.7581
3de0c9303f39b7ccfe69ca11aee19cc6,f110a8fd4a8052d5717ce2adc2bb71d0,3.6909
3de0c9303f39b7ccfe69ca11aee19cc6,00faa46f36261af8bbf3a4d37fa4841b,3.6864
3de0c9303f39b7ccfe69ca11aee19cc6,8bb27b1d96be90b36b8d0c7f30931d52,3.4668
3de0c9303f39b7ccfe69ca11aee19cc6,fe31b2791161c24e921f90788d443e1c,3.3693
3de0c9303f39b7ccfe69ca11aee19cc6,730d34d191892dd7c4fb157daade465e,3.2411
3de0c9303f39b7ccfe69ca11aee19cc6,a03e401d58a45187271718c5d7610422,3.1989
3de0c9303f39b7ccfe69ca11aee19cc6,61a4100ccd6d9c4c808a1fd954ddb8ad,3.1861
3e43e6105506432c953e165fb2acf44c,ebc714d9f070a89f4d411982ea9670fb,3.3748
3e43e6105506432c953e165fb2acf44c,51f3e4065d72846204cb4f46d8d241cf,3.1706
3e43e6105506432c953e165fb2acf44c,6e741443e7a0707cb99e552dc844439a,3.1579
3e43e6105506432c953e165fb2acf44c,b68cf84ede4fd1e14b1740de5b727d55,3.0023
3e43e6105506432c953e165fb2acf44c,8bb27b1d96be90b36b8d0c7f30931d52,2.9785
3e43e6105506432c953e165fb2acf44c,cc7e60cc41c667212b37102362120438,2.9252
3e43e6105506432c953e165fb2acf44c,82254d93b897fde054504b15f8fe923c,2.9081
3e43e6105506432c953e165fb2acf44c,39342c8e5e512bb1757779a3821a450f,2.8951
3e43e6105506432c953e165fb2acf44c,730d34d191892dd7c4fb157daade465e,2.8445
3e43e6105506432c953e165fb2acf44c,bb50f2e236e5eea0100680137654686c,2.7686
3e5306add1209e5ba184092dd1587282,3bb3e5caf47c7e92ed97227247e942a8,2.7197
3e5306add1209e5ba184092dd1587282,dbb67791e405873b259e4656bf971246,2.6172
3e5306add1209e5ba184092dd1587282,fe31b2791161c24e921f90788d443e1c,2.5784
3e5306add1209e5ba184092dd1587282,61a4100ccd6d9c4c808a1fd954ddb8ad,2.4789
3e5306add1209e5ba184092dd1587282,b68cf84ede4fd1e14b1740de5b727d55,2.465
3e5306add1209e5ba184092dd1587282,61937887eb6ee0b405a5759756426486,2.262
3e5306add1209e5ba184092dd1587282,d04e48982547095af81c231c3d581cb6,2.1987
3e5306add1209e5ba184092dd1587282,6af89b97a841482f79c52765bfe0d699,2.1604
3e5306add1209e5ba184092dd1587282,f0f719ace174d68fdc838d8d6c4ce26e,2.1487
3e5306add1209e5ba184092dd1587282,d35d1fa56f3c5a2777f5542a84a085dd,2.1456
3ea4185126195c34ed9949d8e406d570,d35d1fa56f3c5a2777f5542a84a085dd,2.7155
3ea4185126195c34ed9949d8e406d570,8bb27b1d96be90b36b8d0c7f30931d52,2.6765
3ea4185126195c34ed9949d8e406d570,90b58782fdd04cb829667fcc41fb65f5,2.642
3ea4185126195c34ed9949d8e406d570,20531b0644a0719b8d506c4db3c56609,2.5826
3ea4185126195c34ed9949d8e406d570,308e4e21ae228a10f6370a243ae59995,2.5539
3ea4185126195c34ed9949d8e406d570,a03e401d58a45187271718c5d7610422,2.4697
3ea4185126195c34ed9949d8e406d570,b68cf84ede4fd1e14b1740de5b727d55,2.4594
3ea4185126195c34ed9949d8e406d570,cb03e4f0503f45854e87afe535e0681d,2.3841
3ea4185126195c34ed9949d8e406d570,d48bb8824fcf4720229d970fff608fda,2.2142
3ea4185126195c34ed9949d8e406d570,7ad1818fa5f8a28faf8844aec3b3f540,2.1314
3ef89bb0612ae0ceb434b6cf8335e35f,2e511b5741ab14e7f5294df6f1310b03,2.7186
3ef89bb0612ae0ceb434b6cf8335e35f,8bb27b1d96be90b36b8d0c7f30931d52,2.6613
3ef89bb0612ae0ceb434b6cf8335e35f,cc7e60cc41c667212b37102362120438,2.6001
3ef89bb0612ae0ceb434b6cf8335e35f,a03e401d58a45187271718c5d7610422,2.4556
3ef89bb0612ae0ceb434b6cf8335e35f,3ed43e8f95f9801cd8099b6f73e07335,2.3833
3ef89bb0612ae0ceb434b6cf8335e35f,596dd8bfc1289b4336ef857ffb960d47,2.3833
3ef89bb0612ae0ceb434b6cf8335e35f,55aefe286a63b5e07f42a63c10371020,2.3358
3ef89bb0612ae0ceb434b6cf8335e35f,70906e04da1eebf3d1b8791bd09ffe85,2.2708
3ef89bb0612ae0ceb434b6cf8335e35f,05431e0dd637e910dd67d7ad823e8437,2.2634
3ef89bb0612ae0ceb434b6cf8335e35f,6e2a68aa94eb2a3b5b3499bf2314d544,2.2495
3fa4c52daf1171b5f51edd48a525881d,2e511b5741ab14e7f5294df6f1310b03,3.55
3fa4c52daf1171b5f51edd48a525881d,41da75141264c3bde21ecea85a4cb8b7,3.2859
3fa4c52daf1171b5f51edd48a525881d,a04cf12934a318be6550b1aeab938bf2,3.2105
3fa4c52daf1171b5f51edd48a525881d,fe31b2791161c24e921f90788d443e1c,3.003
3fa4c52daf1171b5f51edd48a525881d,70906e04da1eebf3d1b8791bd09ffe85,2.9652
3fa4c52daf1171b5f51edd48a525881d,57c9362442482cd2451f2eabf468e532,2.7819
3fa4c52daf1171b5f51edd48a525881d,429e7401fafb76436f15e86498bd7364,2.7001
3fa4c52daf1171b5f51edd48a525881d,6b6b162b177d0f36987993aecbe1c65f,2.6561
3fa4c52daf1171b5f51edd48a525881d,eb53f94fdc60278efcef123bb275658a,2.6466
3fa4c52daf1171b5f51edd48a525881d,b8c2cf7e813b0eb7ec62f7459217b22c,2.541
400c8e8063481d1eae8f277f5c0de85b,6e741443e7a0707cb99e552dc844439a,2.1366
400c8e8063481d1eae8f277f5c0de85b,6e2a68aa94eb2a3b5b3499bf2314d544,2.0667
400c8e8063481d1eae8f277f5c0de85b,bb50f2e236e5eea0100680137654686c,1.9719
400c8e8063481d1eae8f277f5c0de85b,6b6b162b177d0f36987993aecbe1c65f,1.9331
400c8e8063481d1eae8f277f5c0de85b,0573b564a90d2d9f9c460eb963da8c33,1.8526
400c8e8063481d1eae8f277f5c0de85b,a7329b3e52d13627c92b24a745e70873,1.7362
400c8e8063481d1eae8f277f5c0de85b,fe31b2791161c24e921f90788d443e1c,1.6874
400c8e8063481d1eae8f277f5c0de85b,39342c8e5e512bb1757779a3821a450f,1.6822
400c8e8063481d1eae8f277f5c0de85b,48640118918b5bd6454e3fee20ad637b,1.6397
400c8e8063481d1eae8f277f5c0de85b,8ed3ae310714d18ee990923aeb411508,1.6372
404f3056215c60c4cc05356eb63ae53a,39342c8e5e512bb1757779a3821a450f,2.3237
404f3056215c60c4cc05356eb63ae53a,6e2a68aa94eb2a3b5b3499bf2314d544,2.2966
404f3056215c60c4cc05356eb63ae53a,bb50f2e236e5eea0100680137654686c,2.1889
404f3056215c60c4cc05356eb63ae53a,0573b564a90d2d9f9c460eb963da8c33,2.1284
404f3056215c60c4cc05356eb63ae53a,a7329b3e52d13627c92b24a745e70873,2.0984
404f3056215c60c4cc05356eb63ae53a,8bb27b1d96be90b36b8d0c7f30931d52,1.9928
404f3056215c60c4cc05356eb63ae53a,657247f6f60543b93e3cc708a8e6329c,1.9363
404f3056215c60c4cc05356eb63ae53a,fe31b2791161c24e921f90788d443e1c,1.9155
404f3056215c60c4cc05356eb63ae53a,0de59eddc63167215c972b0d785ffa7b,1.8913
404f3056215c60c4cc05356eb63ae53a,e76a885142c73e17342e450b79b46d40,1.873
409379e6e577c89589dade402e6c2522,a7329b3e52d13627c92b24a745e70873,3.446
409379e6e577c89589dade402e6c2522,b68cf84ede4fd1e14b1740de5b727d55,3.1472
409379e6e577c89589dade402e6c2522,a14aea6067b93158e956612c50b74cfa,3.0592
409379e6e577c89589dade402e6c2522,fe59a1e006df3ac42bf0ceb876d70969,2.8373
409379e6e577c89589dade402e6c2522,ebc714d9f070a89f4d411982ea9670fb,2.8316
409379e6e577c89589dade402e6c2522,c2a9f8aeb7a51580fccc2d1c4f8bceaf,2.8208
409379e6e577c89589dade402e6c2522,cc7e60cc41c667212b37102362120438,2.8011
409379e6e577c89589dade402e6c2522,6e741443e7a0707cb99e552dc844439a,2.7273
409379e6e577c89589dade402e6c2522,99e365fea0b15ee63272ff391fdde785,2.727
409379e6e577c89589dade402e6c2522,fe31b2791161c24e921f90788d443e1c,2.6037
40bb6e4754ff5f9199f857e146af0cb5,20531b0644a0719b8d506c4db3c56609,2.2739
40bb6e4754ff5f9199f857e146af0cb5,a7329b3e52d13627c92b24a745e70873,2.1588
40bb6e4754ff5f9199f857e146af0cb5,b68cf84ede4fd1e14b1740de5b727d55,2.0284
40bb6e4754ff5f9199f857e146af0cb5,8bb27b1d96be90b36b8d0c7f30931d52,2.0184
40bb6e4754ff5f9199f857e146af0cb5,d35d1fa56f3c5a2777f5542a84a085dd,1.9677
40bb6e4754ff5f9199f857e146af0cb5,90b58782fdd04cb829667fcc41fb65f5,1.8903
40bb6e4754ff5f9199f857e146af0cb5,bb50f2e236e5eea0100680137654686c,1.8804
40bb6e4754ff5f9199f857e146af0cb5,a03e401d58a45187271718c5d7610422,1.8624
40bb6e4754ff5f9199f857e146af0cb5,99e365fea0b15ee63272ff391fdde785,1.8398
40bb6e4754ff5f9199f857e146af0cb5,308e4e21ae228a10f6370a243ae59995,1.8273
4127cb95c20254485869d698037a3dfd,61937887eb6ee0b405a5759756426486,2.8941
4127cb95c20254485869d698037a3dfd,00faa46f36261af8bbf3a4d37fa4841b,2.759
4127cb95c20254485869d698037a3dfd,3bb3e5caf47c7e92ed97227247e942a8,2.628
4127cb95c20254485869d698037a3dfd,fe31b2791161c24e921f90788d443e1c,2.4818
4127cb95c20254485869d698037a3dfd,57c9362442482cd2451f2eabf468e532,2.2026
4127cb95c20254485869d698037a3dfd,0de59eddc63167215c972b0d785ffa7b,2.1689
4127cb95c20254485869d698037a3dfd,90b58782fdd04cb829667fcc41fb65f5,2.1217
4127cb95c20254485869d698037a3dfd,d35d1fa56f3c5a2777f5542a84a085dd,2.0802
4127cb95c20254485869d698037a3dfd,308e4e21ae228a10f6370a243ae59995,2.0509
4127cb95c20254485869d698037a3dfd,6af89b97a841482f79c52765bfe0d699,1.9818
41a3b256cc497dc952a815b848345cbc,ebc714d9f070a89f4d411982ea9670fb,3.1052
41a3b256cc497dc952a815b848345cbc,a14aea6067b93158e956612c50b74cfa,2.7574
41a3b256cc497dc952a815b848345cbc,fe31b2791161c24e921f90788d443e1c,2.6245
41a3b256cc497dc952a815b848345cbc,79ccb1aca8fcf379a6ed2412fba0480e,2.6033
41a3b256cc497dc952a815b848345cbc,2e511b5741ab14e7f5294df6f1310b03,2.5783
41a3b256cc497dc952a815b848345cbc,f110a8fd4a8052d5717ce2adc2bb71d0,2.2823
41a3b256cc497dc952a815b848345cbc,dcfe76be1e1036cb99e5d8bdc2a1b1c9,2.25
41a3b256cc497dc952a815b848345cbc,fe59a1e006df3ac42bf0ceb876d70969,2.2451
41a3b256cc497dc952a815b848345cbc,ee918a5c4e95f273708c2582a5314325,2.2384
41a3b256cc497dc952a815b848345cbc,41da75141264c3bde21ecea85a4cb8b7,2.218
4307ca57b237ef2790e2a99ebcf3c7db,8bb27b1d96be90b36b8d0c7f30931d52,4.8136
4307ca57b237ef2790e2a99ebcf3c7db,a03e401d58a45187271718c5d7610422,4.4416
4307ca57b237ef2790e2a99ebcf3c7db,b68cf84ede4fd1e14b1740de5b727d55,3.9086
4307ca57b237ef2790e2a99ebcf3c7db,90b58782fdd04cb829667fcc41fb65f5,3.8409
4307ca57b237ef2790e2a99ebcf3c7db,308e4e21ae228a10f6370a243ae59995,3.7128
4307ca57b237ef2790e2a99ebcf3c7db,51f3e4065d72846204cb4f46d8d241cf,3.5395
4307ca57b237ef2790e2a99ebcf3c7db,0fd55f5dee013f990c929cd3ad6bfee0,3.1563
4307ca57b237ef2790e2a99ebcf3c7db,b8c2cf7e813b0eb7ec62f7459217b22c,3.1144
4307ca57b237ef2790e2a99ebcf3c7db,ad1280b6c5b1af7cfd97372249be66c9,2.9833
4307ca57b237ef2790e2a99ebcf3c7db,cc88837a83ef7b7ea2bf724434a53ef3,2.9343
4329ca9025968ae028dd7eb9106750fa,39342c8e5e512bb1757779a3821a450f,3.29
4329ca9025968ae028dd7eb9106750fa,ebc714d9f070a89f4d411982ea9670fb,3.2756
4329ca9025968ae028dd7eb9106750fa,4638e41e1c53018897e12edbb2815807,3.2293
4329ca9025968ae028dd7eb9106750fa,b68cf84ede4fd1e14b1740de5b727d55,3.1597
4329ca9025968ae028dd7eb9106750fa,61a4100ccd6d9c4c808a1fd954ddb8ad,2.8337
4329ca9025968ae028dd7eb9106750fa,82cff05560eae73466f8778690b037fa,2.747
4329ca9025968ae028dd7eb9106750fa,3ed43e8f95f9801cd8099b6f73e07335,2.7201
4329ca9025968ae028dd7eb9106750fa,596dd8bfc1289b4336ef857ffb960d47,2.7201
4329ca9025968ae028dd7eb9106750fa,cc7e60cc41c667212b37102362120438,2.6588
4329ca9025968ae028dd7eb9106750fa,fe31b2791161c24e921f90788d443e1c,2.6528
432aa6200ee9673be90863a912dc91dc,05431e0dd637e910dd67d7ad823e8437,3.4899
432aa6200ee9673be90863a912dc91dc,6e2a68aa94eb2a3b5b3499bf2314d544,2.6625
432aa6200ee9673be90863a912dc91dc,4606f0b0bceceb75e7a887e6b57cae3e,2.4243
432aa6200ee9673be90863a912dc91dc,0b00b16606aeb46da3543bbabff4d6b3,2.3901
432aa6200ee9673be90863a912dc91dc,108dfaacffadeceb87032609d340722c,2.3451
432aa6200ee9673be90863a912dc91dc,cc7e60cc41c667212b37102362120438,2.2827
432aa6200ee9673be90863a912dc91dc,4cda9d93b0a846dfdca597f1b1d19c08,2.0708
432aa6200ee9673be90863a912dc91dc,c2a9f8aeb7a51580fccc2d1c4f8bceaf,2.017
432aa6200ee9673be90863a912dc91dc,3ed43e8f95f9801cd8099b6f73e07335,1.8982
432aa6200ee9673be90863a912dc91dc,596dd8bfc1289b4336ef857ffb960d47,1.8982
435ee7de914c7ad91f1c0945b8443dd6,00faa46f36261af8bbf3a4d37fa4841b,4.0343
435ee7de914c7ad91f1c0945b8443dd6,ebc714d9f070a89f4d411982ea9670fb,3.1643
435ee7de914c7ad91f1c0945b8443dd6,61937887eb6ee0b405a5759756426486,3.0565
435ee7de914c7ad91f1c0945b8443dd6,ee918a5c4e95f273708c2582a5314325,2.9138
435ee7de914c7ad91f1c0945b8443dd6,f110a8fd4a8052d5717ce2adc2bb71d0,2.556
435ee7de914c7ad91f1c0945b8443dd6,61a4100ccd6d9c4c808a1fd954ddb8ad,2.5059
435ee7de914c7ad91f1c0945b8443dd6,51f3e4065d72846204cb4f46d8d241cf,2.4723
435ee7de914c7ad91f1c0945b8443dd6,47b8c79d616369fd222f0bb68ea0293b,2.2046
435ee7de914c7ad91f1c0945b8443dd6,d787ebe896a3557db778d1fadf16ad85,2.1299
435ee7de914c7ad91f1c0945b8443dd6,fe31b2791161c24e921f90788d443e1c,2.0399
43cf4a43292dc5137517632a0683d645,b68cf84ede4fd1e14b1740de5b727d55,3.1705
43cf4a43292dc5137517632a0683d645,fe59a1e006df3ac42bf0ceb876d70969,2.9595
43cf4a43292dc5137517632a0683d645,20531b0644a0719b8d506c4db3c56609,2.8464
43cf4a43292dc5137517632a0683d645,8bb27b1d96be90b36b8d0c7f30931d52,2.5158
43cf4a43292dc5137517632a0683d645,7ad1818fa5f8a28faf8844aec3b3f540,2.3862
43cf4a43292dc5137517632a0683d645,a03e401d58a45187271718c5d7610422,2.3214
43cf4a43292dc5137517632a0683d645,90b58782fdd04cb829667fcc41fb65f5,2.2484
43cf4a43292dc5137517632a0683d645,308e4e21ae228a10f6370a243ae59995,2.1734
43cf4a43292dc5137517632a0683d645,d35d1fa56f3c5a2777f5542a84a085dd,2.119
43cf4a43292dc5137517632a0683d645,a7329b3e52d13627c92b24a745e70873,1.9981
43da534e5e6c052df9993df486f342b6,51f3e4065d72846204cb4f46d8d241cf,3.4535
43da534e5e6c052df9993df486f342b6,65f037a133d9ffc71164a5d69dee187e,3.2154
43da534e5e6c052df9993df486f342b6,730d34d191892dd7c4fb157daade465e,3.109
43da534e5e6c052df9993df486f342b6,30d1842be9c62546d3fb853119602ac2,2.9977
43da534e5e6c052df9993df486f342b6,b68cf84ede4fd1e14b1740de5b727d55,2.785
43da534e5e6c052df9993df486f342b6,ebc714d9f070a89f4d411982ea9670fb,2.7549
43da534e5e6c052df9993df486f342b6,fe59a1e006df3ac42bf0ceb876d70969,2.6812
43da534e5e6c052df9993df486f342b6,61a4100ccd6d9c4c808a1fd954ddb8ad,2.26
43da534e5e6c052df9993df486f342b6,8bb27b1d96be90b36b8d0c7f30931d52,2.227
43da534e5e6c052df9993df486f342b6,3262d9ebe7100477209a79c4ed3c76e8,2.1584
43dce1c46f91f3cd233905d0a8b19153,8bb27b1d96be90b36b8d0c7f30931d52,4.4556
43dce1c46f91f3cd233905d0a8b19153,a03e401d58a45187271718c5d7610422,4.1112
43dce1c46f91f3cd233905d0a8b19153,b68cf84ede4fd1e14b1740de5b727d55,3.7375
43dce1c46f91f3cd233905d0a8b19153,90b58782fdd04cb829667fcc41fb65f5,3.656
43dce1c46f91f3cd233905d0a8b19153,308e4e21ae228a10f6370a243ae59995,3.5341
43dce1c46f91f3cd233905d0a8b19153,51f3e4065d72846204cb4f46d8d241cf,3.1325
43dce1c46f91f3cd233905d0a8b19153,b8c2cf7e813b0eb7ec62f7459217b22c,3.0108
43dce1c46f91f3cd233905d0a8b19153,fe59a1e006df3ac42bf0ceb876d70969,2.9262
43dce1c46f91f3cd233905d0a8b19153,0fd55f5dee013f990c929cd3ad6bfee0,2.9023
43dce1c46f91f3cd233905d0a8b19153,ad1280b6c5b1af7cfd97372249be66c9,2.6917
442cac7506ac5860d70980d13d2b9f98,2e511b5741ab14e7f5294df6f1310b03,3.6628
442cac7506ac5860d70980d13d2b9f98,8bb27b1d96be90b36b8d0c7f30931d52,3.3665
442cac7506ac5860d70980d13d2b9f98,57c9362442482cd2451f2eabf468e532,3.3486
442cac7506ac5860d70980d13d2b9f98,61a4100ccd6d9c4c808a1fd954ddb8ad,3.2649
442cac7506ac5860d70980d13d2b9f98,a03e401d58a45187271718c5d7610422,3.1063
442cac7506ac5860d70980d13d2b9f98,fe31b2791161c24e921f90788d443e1c,3.1033
442cac7506ac5860d70980d13d2b9f98,70906e04da1eebf3d1b8791bd09ffe85,3.0595
442cac7506ac5860d70980d13d2b9f98,0b00b16606aeb46da3543bbabff4d6b3,3.0359
442cac7506ac5860d70980d13d2b9f98,61937887eb6ee0b405a5759756426486,2.7831
442cac7506ac5860d70980d13d2b9f98,ee918a5c4e95f273708c2582a5314325,2.7447
44bd7571a7dad968306f7776bd5a5745,05431e0dd637e910dd67d7ad823e8437,3.1279
44bd7571a7dad968306f7776bd5a5745,0b00b16606aeb46da3543bbabff4d6b3,2.9364
44bd7571a7dad968306f7776bd5a5745,cc7e60cc41c667212b37102362120438,2.7595
44bd7571a7dad968306f7776bd5a5745,6e2a68aa94eb2a3b5b3499bf2314d544,2.6956
44bd7571a7dad968306f7776bd5a5745,65f037a133d9ffc71164a5d69dee187e,2.6203
44bd7571a7dad968306f7776bd5a5745,33e503f68fb60fe165ed992965f2c737,2.4902
44bd7571a7dad968306f7776bd5a5745,4606f0b0bceceb75e7a887e6b57cae3e,2.4872
44bd7571a7dad968306f7776bd5a5745,108dfaacffadeceb87032609d340722c,2.3743
44bd7571a7dad968306f7776bd5a5745,730d34d191892dd7c4fb157daade465e,2.3382
44bd7571a7dad968306f7776bd5a5745,c2a9f8aeb7a51580fccc2d1c4f8bceaf,2.3216
44dbd08cc06662e0ca8ac504aac75f18,00faa46f36261af8bbf3a4d37fa4841b,3.5998
44dbd08cc06662e0ca8ac504aac75f18,6d8096ca93caea3416a6b24bf411bc86,3.0479
44dbd08cc06662e0ca8ac504aac75f18,f110a8fd4a8052d5717ce2adc2bb71d0,2.947
44dbd08cc06662e0ca8ac504aac75f18,ebc714d9f070a89f4d411982ea9670fb,2.9007
44dbd08cc06662e0ca8ac504aac75f18,ee918a5c4e95f273708c2582a5314325,2.5213
44dbd08cc06662e0ca8ac504aac75f18,90b58782fdd04cb829667fcc41fb65f5,2.4541
44dbd08cc06662e0ca8ac504aac75f18,308e4e21ae228a10f6370a243ae59995,2.3723
44dbd08cc06662e0ca8ac504aac75f18,61937887eb6ee0b405a5759756426486,2.3454
44dbd08cc06662e0ca8ac504aac75f18,ad1280b6c5b1af7cfd97372249be66c9,2.3045
44dbd08cc06662e0ca8ac504aac75f18,0fd55f5dee013f990c929cd3ad6bfee0,2.2582
44e64b7162915525578f601e73e72b16,b68cf84ede4fd1e14b1740de5b727d55,2.4884
44e64b7162915525578f601e73e72b16,8bb27b1d96be90b36b8d0c7f30931d52,2.3817
44e64b7162915525578f601e73e72b16,90b58782fdd04cb829667fcc41fb65f5,2.3047
44e64b7162915525578f601e73e72b16,308e4e21ae228a10f6370a243ae59995,2.2278
44e64b7162915525578f601e73e72b16,a03e401d58a45187271718c5d7610422,2.1976
44e64b7162915525578f601e73e72b16,cb03e4f0503f45854e87afe535e0681d,1.8585
44e64b7162915525578f601e73e72b16,bc596794d92f7b9959fe0e7430354b52,1.8068
44e64b7162915525578f601e73e72b16,0fd55f5dee013f990c929cd3ad6bfee0,1.7686
44e64b7162915525578f601e73e72b16,d48bb8824fcf4720229d970fff608fda,1.752
44e64b7162915525578f601e73e72b16,fd471a043ee8b8dd27f4086495e0724c,1.6596
4546caea018ad8c692964e3382debd19,90b58782fdd04cb829667fcc41fb65f5,3.8933
4546caea018ad8c692964e3382debd19,308e4e21ae228a10f6370a243ae59995,3.7634
4546caea018ad8c692964e3382debd19,ad1280b6c5b1af7cfd97372249be66c9,3.6201
4546caea018ad8c692964e3382debd19,6cdd53843498f92890544667809f1595,3.3608
4546caea018ad8c692964e3382debd19,0fd55f5dee013f990c929cd3ad6bfee0,3.2681
4546caea018ad8c692964e3382debd19,05431e0dd637e910dd67d7ad823e8437,2.5556
4546caea018ad8c692964e3382debd19,304104a478e3a605db6072a22e4ee228,2.5118
4546caea018ad8c692964e3382debd19,cc88837a83ef7b7ea2bf724434a53ef3,2.4921
4546caea018ad8c692964e3382debd19,d6fe3b4ddecd4a8393c6a1385de3bfb6,2.4307
4546caea018ad8c692964e3382debd19,05805f52cdeb93d7684f871e599f0078,2.4077
455021c1d511b64eab0b98e017b258d0,8bb27b1d96be90b36b8d0c7f30931d52,3.6853
455021c1d511b64eab0b98e017b258d0,90b58782fdd04cb829667fcc41fb65f5,3.4734
455021c1d511b64eab0b98e017b258d0,b68cf84ede4fd1e14b1740de5b727d55,3.4424
455021c1d511b64eab0b98e017b258d0,a03e401d58a45187271718c5d7610422,3.4005
455021c1d511b64eab0b98e017b258d0,308e4e21ae228a10f6370a243ae59995,3.3576
455021c1d511b64eab0b98e017b258d0,61937887eb6ee0b405a5759756426486,2.9984
455021c1d511b64eab0b98e017b258d0,d35d1fa56f3c5a2777f5542a84a085dd,2.9144
455021c1d511b64eab0b98e017b258d0,ee918a5c4e95f273708c2582a5314325,2.678
455021c1d511b64eab0b98e017b258d0,20531b0644a0719b8d506c4db3c56609,2.5968
455021c1d511b64eab0b98e017b258d0,c71bf92cf123eb294304073fc1751bf3,2.4981
459759c02362af7a218dd2fe035b3c07,05431e0dd637e910dd67d7ad823e8437,4.9768
459759c02362af7a218dd2fe035b3c07,4606f0b0bceceb75e7a887e6b57cae3e,4.1208
459759c02362af7a218dd2fe035b3c07,cc7e60cc41c667212b37102362120438,3.9959
459759c02362af7a218dd2fe035b3c07,c2a9f8aeb7a51580fccc2d1c4f8bceaf,3.862
459759c02362af7a218dd2fe035b3c07,6e2a68aa94eb2a3b5b3499bf2314d544,3.6321
459759c02362af7a218dd2fe035b3c07,0b00b16606aeb46da3543bbabff4d6b3,3.4741
459759c02362af7a218dd2fe035b3c07,108dfaacffadeceb87032609d340722c,3.1991
459759c02362af7a218dd2fe035b3c07,3ed43e8f95f9801cd8099b6f73e07335,3.1451
459759c02362af7a218dd2fe035b3c07,596dd8bfc1289b4336ef857ffb960d47,3.1451
459759c02362af7a218dd2fe035b3c07,55aefe286a63b5e07f42a63c10371020,2.9043
45a529e4af8f502a189094332e8ed24e,ebc714d9f070a89f4d411982ea9670fb,2.865
45a529e4af8f502a189094332e8ed24e,f110a8fd4a8052d5717ce2adc2bb71d0,2.7484
45a529e4af8f502a189094332e8ed24e,00faa46f36261af8bbf3a4d37fa4841b,2.3726
45a529e4af8f502a189094332e8ed24e,ee918a5c4e95f273708c2582a5314325,2.2567
45a529e4af8f502a189094332e8ed24e,a14aea6067b93158e956612c50b74cfa,1.8928
45a529e4af8f502a189094332e8ed24e,c2a9f8aeb7a51580fccc2d1c4f8bceaf,1.8512
45a529e4af8f502a189094332e8ed24e,47b8c79d616369fd222f0bb68ea0293b,1.7923
45a529e4af8f502a189094332e8ed24e,1dd284c37ca97cbb86c029c65fb9a494,1.7844
45a529e4af8f502a189094332e8ed24e,fc831da5307b1a3e23ed0259a2b6b2a1,1.7818
45a529e4af8f502a189094332e8ed24e,cc7e60cc41c667212b37102362120438,1.7111
45cea7f7dfd0a9a136105fa700191232,51f3e4065d72846204cb4f46d8d241cf,3.3281
45cea7f7dfd0a9a136105fa700191232,ebc714d9f070a89f4d411982ea9670fb,3.3232
45cea7f7dfd0a9a136105fa700191232,65f037a133d9ffc71164a5d69dee187e,2.6966
45cea7f7dfd0a9a136105fa700191232,b8c2cf7e813b0eb7ec62f7459217b22c,2.6771
45cea7f7dfd0a9a136105fa700191232,8bb27b1d96be90b36b8d0c7f30931d52,2.5701
45cea7f7dfd0a9a136105fa700191232,6e741443e7a0707cb99e552dc844439a,2.5632
45cea7f7dfd0a9a136105fa700191232,a03e401d58a45187271718c5d7610422,2.3714
45cea7f7dfd0a9a136105fa700191232,00faa46f36261af8bbf3a4d37fa4841b,2.2213
45cea7f7dfd0a9a136105fa700191232,82254d93b897fde054504b15f8fe923c,2.2109
45cea7f7dfd0a9a136105fa700191232,bb50f2e236e5eea0100680137654686c,2.1641
4681829483318507ed55682649de6571,05431e0dd637e910dd67d7ad823e8437,5.414
4681829483318507ed55682649de6571,6e2a68aa94eb2a3b5b3499bf2314d544,4.0756
4681829483318507ed55682649de6571,0b00b16606aeb46da3543bbabff4d6b3,3.7714
4681829483318507ed55682649de6571,4606f0b0bceceb75e7a887e6b57cae3e,3.7531
4681829483318507ed55682649de6571,108dfaacffadeceb87032609d340722c,3.5897
4681829483318507ed55682649de6571,cc7e60cc41c667212b37102362120438,3.5452
4681829483318507ed55682649de6571,4cda9d93b0a846dfdca597f1b1d19c08,3.1698
4681829483318507ed55682649de6571,c2a9f8aeb7a51580fccc2d1c4f8bceaf,3.0869
4681829483318507ed55682649de6571,3ed43e8f95f9801cd8099b6f73e07335,2.963
4681829483318507ed55682649de6571,596dd8bfc1289b4336ef857ffb960d47,2.963
46b52cfe48b6e0ad44df00fa06ee853f,cc7e60cc41c667212b37102362120438,4.2676
46b52cfe48b6e0ad44df00fa06ee853f,c2a9f8aeb7a51580fccc2d1c4f8bceaf,4.1083
46b52cfe48b6e0ad44df00fa06ee853f,61a4100ccd6d9c4c808a1fd954ddb8ad,3.8996
46b52cfe48b6e0ad44df00fa06ee853f,3ed43e8f95f9801cd8099b6f73e07335,3.4328
46b52cfe48b6e0ad44df00fa06ee853f,596dd8bfc1289b4336ef857ffb960d47,3.4328
46b52cfe48b6e0ad44df00fa06ee853f,6e2a68aa94eb2a3b5b3499bf2314d544,3.3414
46b52cfe48b6e0ad44df00fa06ee853f,730d34d191892dd7c4fb157daade465e,3.1605
46b52cfe48b6e0ad44df00fa06ee853f,2e511b5741ab14e7f5294df6f1310b03,3.1529
46b52cfe48b6e0ad44df00fa06ee853f,57c9362442482cd2451f2eabf468e532,3.137
46b52cfe48b6e0ad44df00fa06ee853f,05431e0dd637e910dd67d7ad823e8437,3.072
46d42c60487c64480765a312ee6172c8,cc7e60cc41c667212b37102362120438,4.8128
46d42c60487c64480765a312ee6172c8,b68cf84ede4fd1e14b1740de5b727d55,4.5605
46d42c60487c64480765a312ee6172c8,3ed43e8f95f9801cd8099b6f73e07335,4.3938
46d42c60487c64480765a312ee6172c8,596dd8bfc1289b4336ef857ffb960d47,4.3938
46d42c60487c64480765a312ee6172c8,8bb27b1d96be90b36b8d0c7f30931d52,4.3578
46d42c60487c64480765a312ee6172c8,c2a9f8aeb7a51580fccc2d1c4f8bceaf,4.3434
46d42c60487c64480765a312ee6172c8,05431e0dd637e910dd67d7ad823e8437,4.0315
46d42c60487c64480765a312ee6172c8,a03e401d58a45187271718c5d7610422,4.021
46d42c60487c64480765a312ee6172c8,0b00b16606aeb46da3543bbabff4d6b3,4.0045
46d42c60487c64480765a312ee6172c8,730d34d191892dd7c4fb157daade465e,3.8708
46f1052e5dd26aa23ff9004b8edb293e,a14aea6067b93158e956612c50b74cfa,4.0136
46f1052e5dd26aa23ff9004b8edb293e,98a4301b1aacd45984603af55b7a1de4,2.9539
46f1052e5dd26aa23ff9004b8edb293e,fe59a1e006df3ac42bf0ceb876d70969,2.8976
46f1052e5dd26aa23ff9004b8edb293e,ebc714d9f070a89f4d411982ea9670fb,2.8396
46f1052e5dd26aa23ff9004b8edb293e,1dd284c37ca97cbb86c029c65fb9a494,2.7989
46f1052e5dd26aa23ff9004b8edb293e,f110a8fd4a8052d5717ce2adc2bb71d0,2.6104
46f1052e5dd26aa23ff9004b8edb293e,c2a9f8aeb7a51580fccc2d1c4f8bceaf,2.6055
46f1052e5dd26aa23ff9004b8edb293e,b68cf84ede4fd1e14b1740de5b727d55,2.5482
46f1052e5dd26aa23ff9004b8edb293e,a06766fec51c96d4d0bce282906735eb,2.488
46f1052e5dd26aa23ff9004b8edb293e,d61d270aa0862b38a2eb6cb38c05f60d,2.4141
4702945c3b363dd3a5d1cbe913cc95d2,fe31b2791161c24e921f90788d443e1c,2.2505
4702945c3b363dd3a5d1cbe913cc95d2,6b6b162b177d0f36987993aecbe1c65f,2.1696
4702945c3b363dd3a5d1cbe913cc95d2,6e2a68aa94eb2a3b5b3499bf2314d544,2.1098
4702945c3b363dd3a5d1cbe913cc95d2,0de59eddc63167215c972b0d785ffa7b,1.95
4702945c3b363dd3a5d1cbe913cc95d2,bb50f2e236e5eea0100680137654686c,1.948
4702945c3b363dd3a5d1cbe913cc95d2,6e741443e7a0707cb99e552dc844439a,1.9086
4702945c3b363dd3a5d1cbe913cc95d2,0573b564a90d2d9f9c460eb963da8c33,1.8982
4702945c3b363dd3a5d1cbe913cc95d2,a7329b3e52d13627c92b24a745e70873,1.8161
4702945c3b363dd3a5d1cbe913cc95d2,39342c8e5e512bb1757779a3821a450f,1.7923
4702945c3b363dd3a5d1cbe913cc95d2,55aefe286a63b5e07f42a63c10371020,1.7365
473d9165586cfc6708841d07adf6c020,8bb27b1d96be90b36b8d0c7f30931d52,4.8613
473d9165586cfc6708841d07adf6c020,a03e401d58a45187271718c5d7610422,4.4856
473d9165586cfc6708841d07adf6c020,b68cf84ede4fd1e14b1740de5b727d55,4.1414
473d9165586cfc6708841d07adf6c020,90b58782fdd04cb829667fcc41fb65f5,3.8247
473d9165586cfc6708841d07adf6c020,308e4e21ae228a10f6370a243ae59995,3.6971
473d9165586cfc6708841d07adf6c020,51f3e4065d72846204cb4f46d8d241cf,3.5714
473d9165586cfc6708841d07adf6c020,b8c2cf7e813b0eb7ec62f7459217b22c,3.242
473d9165586cfc6708841d07adf6c020,fe59a1e006df3ac42bf0ceb876d70969,3.1547
473d9165586cfc6708841d07adf6c020,0fd55f5dee013f990c929cd3ad6bfee0,2.9241
473d9165586cfc6708841d07adf6c020,ebc714d9f070a89f4d411982ea9670fb,2.7391
474295909df1264244566c956385a2e7,65f037a133d9ffc71164a5d69dee187e,4.1242
474295909df1264244566c956385a2e7,51f3e4065d72846204cb4f46d8d241cf,2.8202
474295909df1264244566c956385a2e7,b8c2cf7e813b0eb7ec62f7459217b22c,2.3408
474295909df1264244566c956385a2e7,fe59a1e006df3ac42bf0ceb876d70969,2.3154
474295909df1264244566c956385a2e7,730d34d191892dd7c4fb157daade465e,2.1786
474295909df1264244566c956385a2e7,30d1842be9c62546d3fb853119602ac2,2.1006
474295909df1264244566c956385a2e7,20531b0644a0719b8d506c4db3c56609,2.0813
474295909df1264244566c956385a2e7,6e741443e7a0707cb99e552dc844439a,1.9674
474295909df1264244566c956385a2e7,33e503f68fb60fe165ed992965f2c737,1.9114
474295909df1264244566c956385a2e7,399f54c06661d06ca45c6e24ed238e0e,1.8829
4755e6cf97a25760ab159e0457c84a29,b8c2cf7e813b0eb7ec62f7459217b22c,2.8952
4755e6cf97a25760ab159e0457c84a29,2e511b5741ab14e7f5294df6f1310b03,2.5447
4755e6cf97a25760ab159e0457c84a29,8bb27b1d96be90b36b8d0c7f30931d52,2.4402
4755e6cf97a25760ab159e0457c84a29,0b00b16606aeb46da3543bbabff4d6b3,2.2834
4755e6cf97a25760ab159e0457c84a29,6b6b162b177d0f36987993aecbe1c65f,2.2694
4755e6cf97a25760ab159e0457c84a29,a03e401d58a45187271718c5d7610422,2.2516
4755e6cf97a25760ab159e0457c84a29,41da75141264c3bde21ecea85a4cb8b7,2.1439
4755e6cf97a25760ab159e0457c84a29,fe59a1e006df3ac42bf0ceb876d70969,2.127
4755e6cf97a25760ab159e0457c84a29,70906e04da1eebf3d1b8791bd09ffe85,2.1255
4755e6cf97a25760ab159e0457c84a29,57c9362442482cd2451f2eabf468e532,2.0892
47c1a3033b8b77b3ab6e109eb4d5fdf3,4638e41e1c53018897e12edbb2815807,4.3181
47c1a3033b8b77b3ab6e109eb4d5fdf3,8bb27b1d96be90b36b8d0c7f30931d52,3.3701
47c1a3033b8b77b3ab6e109eb4d5fdf3,82cff05560eae73466f8778690b037fa,3.3478
47c1a3033b8b77b3ab6e109eb4d5fdf3,b68cf84ede4fd1e14b1740de5b727d55,3.1772
47c1a3033b8b77b3ab6e109eb4d5fdf3,a03e401d58a45187271718c5d7610422,3.1096
47c1a3033b8b77b3ab6e109eb4d5fdf3,51f3e4065d72846204cb4f46d8d241cf,3.1032
47c1a3033b8b77b3ab6e109eb4d5fdf3,39342c8e5e512bb1757779a3821a450f,3.0027
47c1a3033b8b77b3ab6e109eb4d5fdf3,cc88837a83ef7b7ea2bf724434a53ef3,2.9329
47c1a3033b8b77b3ab6e109eb4d5fdf3,81de659bfde3389fc8614bfba92e585a,2.8884
47c1a3033b8b77b3ab6e109eb4d5fdf3,61a4100ccd6d9c4c808a1fd954ddb8ad,2.8503
49e32d4f13ac76d97d32f1a6e2b37df4,6e2a68aa94eb2a3b5b3499bf2314d544,3.6909
49e32d4f13ac76d97d32f1a6e2b37df4,05431e0dd637e910dd67d7ad823e8437,3.6586
49e32d4f13ac76d97d32f1a6e2b37df4,0b00b16606aeb46da3543bbabff4d6b3,2.9924
49e32d4f13ac76d97d32f1a6e2b37df4,cc7e60cc41c667212b37102362120438,2.9196
49e32d4f13ac76d97d32f1a6e2b37df4,108dfaacffadeceb87032609d340722c,2.8243
49e32d4f13ac76d97d32f1a6e2b37df4,c2a9f8aeb7a51580fccc2d1c4f8bceaf,2.564
49e32d4f13ac76d97d32f1a6e2b37df4,4606f0b0bceceb75e7a887e6b57cae3e,2.4794
49e32d4f13ac76d97d32f1a6e2b37df4,4cda9d93b0a846dfdca597f1b1d19c08,2.4521
49e32d4f13ac76d97d32f1a6e2b37df4,57c9362442482cd2451f2eabf468e532,2.4073
49e32d4f13ac76d97d32f1a6e2b37df4,596dd8bfc1289b4336ef857ffb960d47,2.2609
4b3c510f9ea64334c6b7ead20dd23248,51f3e4065d72846204cb4f46d8d241cf,3.5174
4b3c510f9ea64334c6b7ead20dd23248,ad1280b6c5b1af7cfd97372249be66c9,3.2397
4b3c510f9ea64334c6b7ead20dd23248,8bb27b1d96be90b36b8d0c7f30931d52,3.0901
4b3c510f9ea64334c6b7ead20dd23248,b8c2cf7e813b0eb7ec62f7459217b22c,2.9007
4b3c510f9ea64334c6b7ead20dd23248,a03e401d58a45187271718c5d7610422,2.8513
4b3c510f9ea64334c6b7ead20dd23248,65f037a133d9ffc71164a5d69dee187e,2.7422
4b3c510f9ea64334c6b7ead20dd23248,cc88837a83ef7b7ea2bf724434a53ef3,2.6949
4b3c510f9ea64334c6b7ead20dd23248,fe59a1e006df3ac42bf0ceb876d70969,2.3849
4b3c510f9ea64334c6b7ead20dd23248,0fd55f5dee013f990c929cd3ad6bfee0,2.3653
4b3c510f9ea64334c6b7ead20dd23248,b68cf84ede4fd1e14b1740de5b727d55,2.3433
4bbaf6f7a10a7e26a8777aa5cb6d5864,a7329b3e52d13627c92b24a745e70873,3.3205
4bbaf6f7a10a7e26a8777aa5cb6d5864,a14aea6067b93158e956612c50b74cfa,3.2506
4bbaf6f7a10a7e26a8777aa5cb6d5864,fe59a1e006df3ac42bf0ceb876d70969,3.1116
4bbaf6f7a10a7e26a8777aa5cb6d5864,99e365fea0b15ee63272ff391fdde785,3.0451
4bbaf6f7a10a7e26a8777aa5cb6d5864,b68cf84ede4fd1e14b1740de5b727d55,2.9977
4bbaf6f7a10a7e26a8777aa5cb6d5864,fe31b2791161c24e921f90788d443e1c,2.9697
4bbaf6f7a10a7e26a8777aa5cb6d5864,2e511b5741ab14e7f5294df6f1310b03,2.6787
4bbaf6f7a10a7e26a8777aa5cb6d5864,8bb27b1d96be90b36b8d0c7f30931d52,2.665
4bbaf6f7a10a7e26a8777aa5cb6d5864,6b6b162b177d0f36987993aecbe1c65f,2.5765
4bbaf6f7a10a7e26a8777aa5cb6d5864,98a4301b1aacd45984603af55b7a1de4,2.5201
4c0bac678bfb8ff0becd5b393b45a884,61a4100ccd6d9c4c808a1fd954ddb8ad,4.4831
4c0bac678bfb8ff0becd5b393b45a884,81de659bfde3389fc8614bfba92e585a,3.5222
4c0bac678bfb8ff0becd5b393b45a884,57c9362442482cd2451f2eabf468e532,3.3348
4c0bac678bfb8ff0becd5b393b45a884,8bb27b1d96be90b36b8d0c7f30931d52,3.3188
4c0bac678bfb8ff0becd5b393b45a884,d35d1fa56f3c5a2777f5542a84a085dd,3.3057
4c0bac678bfb8ff0becd5b393b45a884,3ed43e8f95f9801cd8099b6f73e07335,3.1534
4c0bac678bfb8ff0becd5b393b45a884,596dd8bfc1289b4336ef857ffb960d47,3.1534
4c0bac678bfb8ff0becd5b393b45a884,597d26435e8ef77bb0fcd26f6c07d486,3.1432
4c0bac678bfb8ff0becd5b393b45a884,b68cf84ede4fd1e14b1740de5b727d55,3.1373
4c0bac678bfb8ff0becd5b393b45a884,2e511b5741ab14e7f5294df6f1310b03,3.1175
4c5200f7d135c94fcd304cdd0af9837a,65f037a133d9ffc71164a5d69dee187e,3.6229
4c5200f7d135c94fcd304cdd0af9837a,b8c2cf7e813b0eb7ec62f7459217b22c,3.6208
4c5200f7d135c94fcd304cdd0af9837a,20531b0644a0719b8d506c4db3c56609,3.4103
4c5200f7d135c94fcd304cdd0af9837a,8bb27b1d96be90b36b8d0c7f30931d52,3.3428
4c5200f7d135c94fcd304cdd0af9837a,0b00b16606aeb46da3543bbabff4d6b3,3.2539
4c5200f7d135c94fcd304cdd0af9837a,05431e0dd637e910dd67d7ad823e8437,3.107
4c5200f7d135c94fcd304cdd0af9837a,a03e401d58a45187271718c5d7610422,3.0844
4c5200f7d135c94fcd304cdd0af9837a,51f3e4065d72846204cb4f46d8d241cf,3.0292
4c5200f7d135c94fcd304cdd0af9837a,ad1280b6c5b1af7cfd97372249be66c9,3.0264
4c5200f7d135c94fcd304cdd0af9837a,cc7e60cc41c667212b37102362120438,3.0264
4cba4382020c8e217faee72173ecb0fc,fe59a1e006df3ac42bf0ceb876d70969,2.3468
4cba4382020c8e217faee72173ecb0fc,cc7e60cc41c667212b37102362120438,2.3359
4cba4382020c8e217faee72173ecb0fc,6e741443e7a0707cb99e552dc844439a,2.2093
4cba4382020c8e217faee72173ecb0fc,c2a9f8aeb7a51580fccc2d1c4f8bceaf,2.1778
4cba4382020c8e217faee72173ecb0fc,98a4301b1aacd45984603af55b7a1de4,1.9758
4cba4382020c8e217faee72173ecb0fc,0fd55f5dee013f990c929cd3ad6bfee0,1.96
4cba4382020c8e217faee72173ecb0fc,a7329b3e52d13627c92b24a745e70873,1.9482
4cba4382020c8e217faee72173ecb0fc,ad1280b6c5b1af7cfd97372249be66c9,1.9018
4cba4382020c8e217faee72173ecb0fc,b68cf84ede4fd1e14b1740de5b727d55,1.8984
4cba4382020c8e217faee72173ecb0fc,ebc714d9f070a89f4d411982ea9670fb,1.8859
4d8017262c39ed921546de8130ddec3b,65f037a133d9ffc71164a5d69dee187e,4.3022
4d8017262c39ed921546de8130ddec3b,51f3e4065d72846204cb4f46d8d241cf,4.1735
4d8017262c39ed921546de8130ddec3b,61a4100ccd6d9c4c808a1fd954ddb8ad,3.9703
4d8017262c39ed921546de8130ddec3b,b68cf84ede4fd1e14b1740de5b727d55,3.7389
4d8017262c39ed921546de8130ddec3b,8bb27b1d96be90b36b8d0c7f30931d52,3.5682
4d8017262c39ed921546de8130ddec3b,20531b0644a0719b8d506c4db3c56609,3.5494
4d8017262c39ed921546de8130ddec3b,a03e401d58a45187271718c5d7610422,3.2925
4d8017262c39ed921546de8130ddec3b,81de659bfde3389fc8614bfba92e585a,3.2173
4d8017262c39ed921546de8130ddec3b,dbb67791e405873b259e4656bf971246,3.1561
4d8017262c39ed921546de8130ddec3b,d35d1fa56f3c5a2777f5542a84a085dd,3.0559
4dcabe94c61f202327839a734955b0cf,6e2a68aa94eb2a3b5b3499bf2314d544,3.1252
4dcabe94c61f202327839a734955b0cf,fe31b2791161c24e921f90788d443e1c,3.083
4dcabe94c61f202327839a734955b0cf,6b6b162b177d0f36987993aecbe1c65f,3.0194
4dcabe94c61f202327839a734955b0cf,0573b564a90d2d9f9c460eb963da8c33,2.8426
4dcabe94c61f202327839a734955b0cf,bb50f2e236e5eea0100680137654686c,2.8039
4dcabe94c61f202327839a734955b0cf,39342c8e5e512bb1757779a3821a450f,2.7026
4dcabe94c61f202327839a734955b0cf,a7329b3e52d13627c92b24a745e70873,2.6945
4dcabe94c61f202327839a734955b0cf,0de59eddc63167215c972b0d785ffa7b,2.6716
4dcabe94c61f202327839a734955b0cf,202d7062d09aa564dfd5aaa1aac775b6,2.5479
4dcabe94c61f202327839a734955b0cf,6e741443e7a0707cb99e552dc844439a,2.5104
4e15fee963523774998876e3624952f4,fe31b2791161c24e921f90788d443e1c,3.4688
4e15fee963523774998876e3624952f4,ebc714d9f070a89f4d411982ea9670fb,3.422
4e15fee963523774998876e3624952f4,2e511b5741ab14e7f5294df6f1310b03,3.307
4e15fee963523774998876e3624952f4,8bb27b1d96be90b36b8d0c7f30931d52,3.1007
4e15fee963523774998876e3624952f4,ee918a5c4e95f273708c2582a5314325,3.0942
4e15fee963523774998876e3624952f4,a03e401d58a45187271718c5d7610422,2.8611
4e15fee963523774998876e3624952f4,70906e04da1eebf3d1b8791bd09ffe85,2.7623
4e15fee963523774998876e3624952f4,cc7e60cc41c667212b37102362120438,2.7593
4e15fee963523774998876e3624952f4,55aefe286a63b5e07f42a63c10371020,2.6695
4e15fee963523774998876e3624952f4,0de59eddc63167215c972b0d785ffa7b,2.4882
4e1cce07cd5937c69dacac3c8b13d965,cc7e60cc41c667212b37102362120438,5.605
4e1cce07cd5937c69dacac3c8b13d965,6e2a68aa94eb2a3b5b3499bf2314d544,4.9307
4e1cce07cd5937c69dacac3c8b13d965,c2a9f8aeb7a51580fccc2d1c4f8bceaf,4.7891
4e1cce07cd5937c69dacac3c8b13d965,3ed43e8f95f9801cd8099b6f73e07335,4.3143
4e1cce07cd5937c69dacac3c8b13d965,596dd8bfc1289b4336ef857ffb960d47,4.3143
4e1cce07cd5937c69dacac3c8b13d965,2e511b5741ab14e7f5294df6f1310b03,4.2449
4e1cce07cd5937c69dacac3c8b13d965,61a4100ccd6d9c4c808a1fd954ddb8ad,4.0154
4e1cce07cd5937c69dacac3c8b13d965,05431e0dd637e910dd67d7ad823e8437,3.9225
4e1cce07cd5937c69dacac3c8b13d965,730d34d191892dd7c4fb157daade465e,3.9152
4e1cce07cd5937c69dacac3c8b13d965,55aefe286a63b5e07f42a63c10371020,3.852
4e2d666f4bbc94a8ded712172a433d65,d35d1fa56f3c5a2777f5542a84a085dd,3.3114
4e2d666f4bbc94a8ded712172a433d65,20531b0644a0719b8d506c4db3c56609,2.7278
4e2d666f4bbc94a8ded712172a433d65,3bb3e5caf47c7e92ed97227247e942a8,2.4541
4e2d666f4bbc94a8ded712172a433d65,61937887eb6ee0b405a5759756426486,2.4069
4e2d666f4bbc94a8ded712172a433d65,62b07aff118f62756ee579afeedc3eb0,2.3744
4e2d666f4bbc94a8ded712172a433d65,90b58782fdd04cb829667fcc41fb65f5,2.2183
4e2d666f4bbc94a8ded712172a433d65,3de0f67a3747dbf94f485e9f5843b02d,2.16
4e2d666f4bbc94a8ded712172a433d65,308e4e21ae228a10f6370a243ae59995,2.1443
4e2d666f4bbc94a8ded712172a433d65,57c9362442482cd2451f2eabf468e532,2.0757
4e2d666f4bbc94a8ded712172a433d65,8370300e444c4394d3c3f878606a9601,2.0603
4e3b6c25502ef69e5c5e54616bf67ed7,65f037a133d9ffc71164a5d69dee187e,3.4506
4e3b6c25502ef69e5c5e54616bf67ed7,51f3e4065d72846204cb4f46d8d241cf,3.1897
4e3b6c25502ef69e5c5e54616bf67ed7,61a4100ccd6d9c4c808a1fd954ddb8ad,2.6391
4e3b6c25502ef69e5c5e54616bf67ed7,20531b0644a0719b8d506c4db3c56609,2.2913
4e3b6c25502ef69e5c5e54616bf67ed7,8bb27b1d96be90b36b8d0c7f30931d52,2.1891
4e3b6c25502ef69e5c5e54616bf67ed7,b68cf84ede4fd1e14b1740de5b727d55,2.1092
4e3b6c25502ef69e5c5e54616bf67ed7,ebc714d9f070a89f4d411982ea9670fb,2.0746
4e3b6c25502ef69e5c5e54616bf67ed7,e5897f494af72d083f3899808f341659,2.051
4e3b6c25502ef69e5c5e54616bf67ed7,a03e401d58a45187271718c5d7610422,2.0199
4e3b6c25502ef69e5c5e54616bf67ed7,61937887eb6ee0b405a5759756426486,1.8942
4e65032f1f574189fb793bac5a867bbc,8bb27b1d96be90b36b8d0c7f30931d52,4.0261
4e65032f1f574189fb793bac5a867bbc,cb03e4f0503f45854e87afe535e0681d,3.8656
4e65032f1f574189fb793bac5a867bbc,a03e401d58a45187271718c5d7610422,3.7149
4e65032f1f574189fb793bac5a867bbc,b68cf84ede4fd1e14b1740de5b727d55,3.5329
4e65032f1f574189fb793bac5a867bbc,4638e41e1c53018897e12edbb2815807,3.2614
4e65032f1f574189fb793bac5a867bbc,82cff05560eae73466f8778690b037fa,2.9872
4e65032f1f574189fb793bac5a867bbc,81de659bfde3389fc8614bfba92e585a,2.8995
4e65032f1f574189fb793bac5a867bbc,db12039c7ff4e850d48e0312fa9b3473,2.7669
4e65032f1f574189fb793bac5a867bbc,51f3e4065d72846204cb4f46d8d241cf,2.6556
4e65032f1f574189fb793bac5a867bbc,f6eda47c88d786adf6f3e3f016833927,2.6295
4e6b130c18a39ccc9a5a3cb062344ad7,fe59a1e006df3ac42bf0ceb876d70969,2.77
4e6b130c18a39ccc9a5a3cb062344ad7,b68cf84ede4fd1e14b1740de5b727d55,2.7572
4e6b130c18a39ccc9a5a3cb062344ad7,a14aea6067b93158e956612c50b74cfa,2.6825
4e6b130c18a39ccc9a5a3cb062344ad7,98a4301b1aacd45984603af55b7a1de4,2.2057
4e6b130c18a39ccc9a5a3cb062344ad7,730d34d191892dd7c4fb157daade465e,2.026
4e6b130c18a39ccc9a5a3cb062344ad7,30d1842be9c62546d3fb853119602ac2,1.9534
4e6b130c18a39ccc9a5a3cb062344ad7,8bb27b1d96be90b36b8d0c7f30931d52,1.9517
4e6b130c18a39ccc9a5a3cb062344ad7,ebc714d9f070a89f4d411982ea9670fb,1.9417
4e6b130c18a39ccc9a5a3cb062344ad7,c2a9f8aeb7a51580fccc2d1c4f8bceaf,1.9345
4e6b130c18a39ccc9a5a3cb062344ad7,a7329b3e52d13627c92b24a745e70873,1.8845
4f66060e5e139d6bbae10e98dc5d0377,00faa46f36261af8bbf3a4d37fa4841b,3.2665
4f66060e5e139d6bbae10e98dc5d0377,ebc714d9f070a89f4d411982ea9670fb,2.8872
4f66060e5e139d6bbae10e98dc5d0377,61937887eb6ee0b405a5759756426486,2.6642
4f66060e5e139d6bbae10e98dc5d0377,51f3e4065d72846204cb4f46d8d241cf,2.5236
4f66060e5e139d6bbae10e98dc5d0377,61a4100ccd6d9c4c808a1fd954ddb8ad,2.4635
4f66060e5e139d6bbae10e98dc5d0377,ee918a5c4e95f273708c2582a5314325,2.3442
4f66060e5e139d6bbae10e98dc5d0377,f110a8fd4a8052d5717ce2adc2bb71d0,2.1436
4f66060e5e139d6bbae10e98dc5d0377,65f037a133d9ffc71164a5d69dee187e,2.037
4f66060e5e139d6bbae10e98dc5d0377,b68cf84ede4fd1e14b1740de5b727d55,2.0239
4f66060e5e139d6bbae10e98dc5d0377,fe31b2791161c24e921f90788d443e1c,1.9957
4f793397b023eaae3a6a0799c56a422d,d35d1fa56f3c5a2777f5542a84a085dd,3.9066
4f793397b023eaae3a6a0799c56a422d,90b58782fdd04cb829667fcc41fb65f5,3.8468
4f793397b023eaae3a6a0799c56a422d,308e4e21ae228a10f6370a243ae59995,3.7185
4f793397b023eaae3a6a0799c56a422d,3bb3e5caf47c7e92ed97227247e942a8,3.3119
4f793397b023eaae3a6a0799c56a422d,20531b0644a0719b8d506c4db3c56609,3.2757
4f793397b023eaae3a6a0799c56a422d,61937887eb6ee0b405a5759756426486,3.1797
4f793397b023eaae3a6a0799c56a422d,3de0f67a3747dbf94f485e9f5843b02d,2.8305
4f793397b023eaae3a6a0799c56a422d,62b07aff118f62756ee579afeedc3eb0,2.8011
4f793397b023eaae3a6a0799c56a422d,b68cf84ede4fd1e14b1740de5b727d55,2.7493
4f793397b023eaae3a6a0799c56a422d,8bb27b1d96be90b36b8d0c7f30931d52,2.7452
4facc2e6fbc2bffab2fea92d2b4aa7e4,d35d1fa56f3c5a2777f5542a84a085dd,4.6467
4facc2e6fbc2bffab2fea92d2b4aa7e4,3bb3e5caf47c7e92ed97227247e942a8,4.5228
4facc2e6fbc2bffab2fea92d2b4aa7e4,61937887eb6ee0b405a5759756426486,3.9268
4facc2e6fbc2bffab2fea92d2b4aa7e4,61a4100ccd6d9c4c808a1fd954ddb8ad,3.8292
4facc2e6fbc2bffab2fea92d2b4aa7e4,8370300e444c4394d3c3f878606a9601,3.6137
4facc2e6fbc2bffab2fea92d2b4aa7e4,81de659bfde3389fc8614bfba92e585a,3.5173
4facc2e6fbc2bffab2fea92d2b4aa7e4,dbb67791e405873b259e4656bf971246,3.515
4facc2e6fbc2bffab2fea92d2b4aa7e4,20531b0644a0719b8d506c4db3c56609,3.5128
4facc2e6fbc2bffab2fea92d2b4aa7e4,dc404a1496a08f9f5540c8b5d4b92925,3.3905
4facc2e6fbc2bffab2fea92d2b4aa7e4,62b07aff118f62756ee579afeedc3eb0,3.3318
5036f4227f2e546879f581d8fd3e6ec6,ee918a5c4e95f273708c2582a5314325,3.1929
5036f4227f2e546879f581d8fd3e6ec6,00faa46f36261af8bbf3a4d37fa4841b,2.8758
5036f4227f2e546879f581d8fd3e6ec6,8bb27b1d96be90b36b8d0c7f30931d52,2.3046
5036f4227f2e546879f581d8fd3e6ec6,61937887eb6ee0b405a5759756426486,2.1823
5036f4227f2e546879f581d8fd3e6ec6,a03e401d58a45187271718c5d7610422,2.1265
5036f4227f2e546879f581d8fd3e6ec6,f110a8fd4a8052d5717ce2adc2bb71d0,2.1236
5036f4227f2e546879f581d8fd3e6ec6,79ccb1aca8fcf379a6ed2412fba0480e,2.0575
5036f4227f2e546879f581d8fd3e6ec6,90b58782fdd04cb829667fcc41fb65f5,2.0239
5036f4227f2e546879f581d8fd3e6ec6,05805f52cdeb93d7684f871e599f0078,2.0024
5036f4227f2e546879f581d8fd3e6ec6,ebc714d9f070a89f4d411982ea9670fb,1.9906
514f8ca0f04813ed414874f8f422e6c3,3bb3e5caf47c7e92ed97227247e942a8,2.8727
514f8ca0f04813ed414874f8f422e6c3,fe31b2791161c24e921f90788d443e1c,2.8399
514f8ca0f04813ed414874f8f422e6c3,20531b0644a0719b8d506c4db3c56609,2.7483
514f8ca0f04813ed414874f8f422e6c3,57c9362442482cd2451f2eabf468e532,2.7155
514f8ca0f04813ed414874f8f422e6c3,61a4100ccd6d9c4c808a1fd954ddb8ad,2.6414
514f8ca0f04813ed414874f8f422e6c3,bb50f2e236e5eea0100680137654686c,2.6358
514f8ca0f04813ed414874f8f422e6c3,d04e48982547095af81c231c3d581cb6,2.5696
514f8ca0f04813ed414874f8f422e6c3,65f037a133d9ffc71164a5d69dee187e,2.5424
514f8ca0f04813ed414874f8f422e6c3,d35d1fa56f3c5a2777f5542a84a085dd,2.5351
514f8ca0f04813ed414874f8f422e6c3,dbb67791e405873b259e4656bf971246,2.4955
51838d41add414a0b1b989b7d251d9ee,90b58782fdd04cb829667fcc41fb65f5,3.386
51838d41add414a0b1b989b7d251d9ee,ad1280b6c5b1af7cfd97372249be66c9,3.3209
51838d41add414a0b1b989b7d251d9ee,308e4e21ae228a10f6370a243ae59995,3.2731
51838d41add414a0b1b989b7d251d9ee,8bb27b1d96be90b36b8d0c7f30931d52,3.0617
51838d41add414a0b1b989b7d251d9ee,b8c2cf7e813b0eb7ec62f7459217b22c,2.9722
51838d41add414a0b1b989b7d251d9ee,a03e401d58a45187271718c5d7610422,2.8251
51838d41add414a0b1b989b7d251d9ee,0fd55f5dee013f990c929cd3ad6bfee0,2.8093
51838d41add414a0b1b989b7d251d9ee,6cdd53843498f92890544667809f1595,2.6067
51838d41add414a0b1b989b7d251d9ee,05431e0dd637e910dd67d7ad823e8437,2.5739
51838d41add414a0b1b989b7d251d9ee,0de59eddc63167215c972b0d785ffa7b,2.4616
51d121ddc025c1b70f8f62a1b727aecf,2e511b5741ab14e7f5294df6f1310b03,4.0658
51d121ddc025c1b70f8f62a1b727aecf,fe31b2791161c24e921f90788d443e1c,3.4344
51d121ddc025c1b70f8f62a1b727aecf,70906e04da1eebf3d1b8791bd09ffe85,3.3961
51d121ddc025c1b70f8f62a1b727aecf,57c9362442482cd2451f2eabf468e532,3.3701
51d121ddc025c1b70f8f62a1b727aecf,ee918a5c4e95f273708c2582a5314325,3.1988
51d121ddc025c1b70f8f62a1b727aecf,a04cf12934a318be6550b1aeab938bf2,3.1005
51d121ddc025c1b70f8f62a1b727aecf,0b00b16606aeb46da3543bbabff4d6b3,2.931
51d121ddc025c1b70f8f62a1b727aecf,41da75141264c3bde21ecea85a4cb8b7,2.9253
51d121ddc025c1b70f8f62a1b727aecf,61937887eb6ee0b405a5759756426486,2.7502
51d121ddc025c1b70f8f62a1b727aecf,8bb27b1d96be90b36b8d0c7f30931d52,2.581
5232e2bc3a7efa19db39982eac1fe7fe,a7329b3e52d13627c92b24a745e70873,2.8273
5232e2bc3a7efa19db39982eac1fe7fe,fe59a1e006df3ac42bf0ceb876d70969,2.8168
5232e2bc3a7efa19db39982eac1fe7fe,b68cf84ede4fd1e14b1740de5b727d55,2.7898
5232e2bc3a7efa19db39982eac1fe7fe,8bb27b1d96be90b36b8d0c7f30931d52,2.6172
5232e2bc3a7efa19db39982eac1fe7fe,90b58782fdd04cb829667fcc41fb65f5,2.5659
5232e2bc3a7efa19db39982eac1fe7fe,0de59eddc63167215c972b0d785ffa7b,2.5477
5232e2bc3a7efa19db39982eac1fe7fe,20531b0644a0719b8d506c4db3c56609,2.5344
5232e2bc3a7efa19db39982eac1fe7fe,bb50f2e236e5eea0100680137654686c,2.534
5232e2bc3a7efa19db39982eac1fe7fe,fe31b2791161c24e921f90788d443e1c,2.515
5232e2bc3a7efa19db39982eac1fe7fe,6e741443e7a0707cb99e552dc844439a,2.4946
52498fe500c7493986b4f1d64603a093,2e511b5741ab14e7f5294df6f1310b03,3.2532
52498fe500c7493986b4f1d64603a093,fe31b2791161c24e921f90788d443e1c,3.1841
52498fe500c7493986b4f1d64603a093,a04cf12934a318be6550b1aeab938bf2,3.114
52498fe500c7493986b4f1d64603a093,70906e04da1eebf3d1b8791bd09ffe85,2.7173
52498fe500c7493986b4f1d64603a093,57c9362442482cd2451f2eabf468e532,2.7099
52498fe500c7493986b4f1d64603a093,41da75141264c3bde21ecea85a4cb8b7,2.5772
52498fe500c7493986b4f1d64603a093,6b6b162b177d0f36987993aecbe1c65f,2.2716
52498fe500c7493986b4f1d64603a093,b5661cf46c147805adc83695fb04f487,2.2628
52498fe500c7493986b4f1d64603a093,429e7401fafb76436f15e86498bd7364,2.1227
52498fe500c7493986b4f1d64603a093,2ff17002562478fb03cd44f09e7ca51a,2.0704
53a52be3ec8e43d7be46b037d58ff145,61937887eb6ee0b405a5759756426486,2.7875
53a52be3ec8e43d7be46b037d58ff145,00faa46f36261af8bbf3a4d37fa4841b,2.7032
53a52be3ec8e43d7be46b037d58ff145,3bb3e5caf47c7e92ed97227247e942a8,2.4836
53a52be3ec8e43d7be46b037d58ff145,fe31b2791161c24e921f90788d443e1c,2.437
53a52be3ec8e43d7be46b037d58ff145,57c9362442482cd2451f2eabf468e532,2.1322
53a52be3ec8e43d7be46b037d58ff145,0de59eddc63167215c972b0d785ffa7b,2.111
53a52be3ec8e43d7be46b037d58ff145,d35d1fa56f3c5a2777f5542a84a085dd,1.9752
53a52be3ec8e43d7be46b037d58ff145,90b58782fdd04cb829667fcc41fb65f5,1.9504
53a52be3ec8e43d7be46b037d58ff145,6af89b97a841482f79c52765bfe0d699,1.9031
53a52be3ec8e43d7be46b037d58ff145,f0f719ace174d68fdc838d8d6c4ce26e,1.8927
53b30ca78efb2b7efcd3f9e461587eb2,61a4100ccd6d9c4c808a1fd954ddb8ad,3.6853
53b30ca78efb2b7efcd3f9e461587eb2,3ed43e8f95f9801cd8099b6f73e07335,3.6394
53b30ca78efb2b7efcd3f9e461587eb2,596dd8bfc1289b4336ef857ffb960d47,3.6394
53b30ca78efb2b7efcd3f9e461587eb2,cc7e60cc41c667212b37102362120438,3.43
53b30ca78efb2b7efcd3f9e461587eb2,b68cf84ede4fd1e14b1740de5b727d55,3.1259
53b30ca78efb2b7efcd3f9e461587eb2,2e511b5741ab14e7f5294df6f1310b03,3.1091
53b30ca78efb2b7efcd3f9e461587eb2,730d34d191892dd7c4fb157daade465e,2.9876
53b30ca78efb2b7efcd3f9e461587eb2,b9e88d457e276521ccb0b226f2f8f18f,2.9104
53b30ca78efb2b7efcd3f9e461587eb2,30d1842be9c62546d3fb853119602ac2,2.8806
53b30ca78efb2b7efcd3f9e461587eb2,c2a9f8aeb7a51580fccc2d1c4f8bceaf,2.8096
53beaaaafb7b657172c341e7f69e2ca0,2e511b5741ab14e7f5294df6f1310b03,3.5925
53beaaaafb7b657172c341e7f69e2ca0,8bb27b1d96be90b36b8d0c7f30931d52,3.3993
53beaaaafb7b657172c341e7f69e2ca0,a03e401d58a45187271718c5d7610422,3.1366
53beaaaafb7b657172c341e7f69e2ca0,41da75141264c3bde21ecea85a4cb8b7,3.1163
53beaaaafb7b657172c341e7f69e2ca0,70906e04da1eebf3d1b8791bd09ffe85,3.0007
53beaaaafb7b657172c341e7f69e2ca0,fe31b2791161c24e921f90788d443e1c,2.9817
53beaaaafb7b657172c341e7f69e2ca0,b68cf84ede4fd1e14b1740de5b727d55,2.9489
53beaaaafb7b657172c341e7f69e2ca0,fe59a1e006df3ac42bf0ceb876d70969,2.8414
53beaaaafb7b657172c341e7f69e2ca0,a14aea6067b93158e956612c50b74cfa,2.7084
53beaaaafb7b657172c341e7f69e2ca0,429e7401fafb76436f15e86498bd7364,2.5628
53cc7338a7d5994fe8baa28a039d2343,57c9362442482cd2451f2eabf468e532,3.3278
53cc7338a7d5994fe8baa28a039d2343,8bb27b1d96be90b36b8d0c7f30931d52,3.2081
53cc7338a7d5994fe8baa28a039d2343,90b58782fdd04cb829667fcc41fb65f5,3.1903
53cc7338a7d5994fe8baa28a039d2343,65f037a133d9ffc71164a5d69dee187e,3.1793
53cc7338a7d5994fe8baa28a039d2343,20531b0644a0719b8d506c4db3c56609,3.1759
53cc7338a7d5994fe8baa28a039d2343,308e4e21ae228a10f6370a243ae59995,3.0839
53cc7338a7d5994fe8baa28a039d2343,61937887eb6ee0b405a5759756426486,3.02
53cc7338a7d5994fe8baa28a039d2343,b8c2cf7e813b0eb7ec62f7459217b22c,2.995
53cc7338a7d5994fe8baa28a039d2343,a03e401d58a45187271718c5d7610422,2.9602
53cc7338a7d5994fe8baa28a039d2343,0b00b16606aeb46da3543bbabff4d6b3,2.9161
5461338ea772177374bcf3f23665178f,b8c2cf7e813b0eb7ec62f7459217b22c,2.8719
5461338ea772177374bcf3f23665178f,51f3e4065d72846204cb4f46d8d241cf,2.5864
5461338ea772177374bcf3f23665178f,65f037a133d9ffc71164a5d69dee187e,2.5403
5461338ea772177374bcf3f23665178f,ad1280b6c5b1af7cfd97372249be66c9,2.258
5461338ea772177374bcf3f23665178f,cc7e60cc41c667212b37102362120438,2.2413
5461338ea772177374bcf3f23665178f,8bb27b1d96be90b36b8d0c7f30931d52,2.2106
5461338ea772177374bcf3f23665178f,6e2a68aa94eb2a3b5b3499bf2314d544,2.1904
5461338ea772177374bcf3f23665178f,55aefe286a63b5e07f42a63c10371020,2.0774
5461338ea772177374bcf3f23665178f,05431e0dd637e910dd67d7ad823e8437,2.06
5461338ea772177374bcf3f23665178f,ebc714d9f070a89f4d411982ea9670fb,2.0459
54982b0c374191195d5f433c7cccae90,6e741443e7a0707cb99e552dc844439a,4.5345
54982b0c374191195d5f433c7cccae90,a7329b3e52d13627c92b24a745e70873,3.4716
54982b0c374191195d5f433c7cccae90,bb50f2e236e5eea0100680137654686c,3.3584
54982b0c374191195d5f433c7cccae90,65f037a133d9ffc71164a5d69dee187e,3.2212
54982b0c374191195d5f433c7cccae90,cc7e60cc41c667212b37102362120438,3.1875
54982b0c374191195d5f433c7cccae90,fe59a1e006df3ac42bf0ceb876d70969,3.1209
54982b0c374191195d5f433c7cccae90,82254d93b897fde054504b15f8fe923c,3.0826
54982b0c374191195d5f433c7cccae90,ebc714d9f070a89f4d411982ea9670fb,2.9964
54982b0c374191195d5f433c7cccae90,c2a9f8aeb7a51580fccc2d1c4f8bceaf,2.9231
54982b0c374191195d5f433c7cccae90,6b6b162b177d0f36987993aecbe1c65f,2.9034
549a24530925587e2faddb35f667e458,00faa46f36261af8bbf3a4d37fa4841b,4.7434
549a24530925587e2faddb35f667e458,f110a8fd4a8052d5717ce2adc2bb71d0,3.9048
549a24530925587e2faddb35f667e458,ee918a5c4e95f273708c2582a5314325,3.7835
549a24530925587e2faddb35f667e458,ebc714d9f070a89f4d411982ea9670fb,3.4842
549a24530925587e2faddb35f667e458,61937887eb6ee0b405a5759756426486,3.2216
549a24530925587e2faddb35f667e458,47b8c79d616369fd222f0bb68ea0293b,2.663
549a24530925587e2faddb35f667e458,fc831da5307b1a3e23ed0259a2b6b2a1,2.6568
549a24530925587e2faddb35f667e458,e6fc61fe224249bd106fec6e1751a586,2.5952
549a24530925587e2faddb35f667e458,4d68f0bb076a44142f1d1725ba3b3bc8,2.4988
549a24530925587e2faddb35f667e458,0a56efd5f050d3f861a04c6f005d1128,2.4124
5527213e610f0a189308f8e404b3a88f,8bb27b1d96be90b36b8d0c7f30931d52,3.1383
5527213e610f0a189308f8e404b3a88f,a03e401d58a45187271718c5d7610422,2.8958
5527213e610f0a189308f8e404b3a88f,cb03e4f0503f45854e87afe535e0681d,2.5289
5527213e610f0a189308f8e404b3a88f,b68cf84ede4fd1e14b1740de5b727d55,2.4648
5527213e610f0a189308f8e404b3a88f,db12039c7ff4e850d48e0312fa9b3473,2.163
5527213e610f0a189308f8e404b3a88f,82cff05560eae73466f8778690b037fa,1.9506
5527213e610f0a189308f8e404b3a88f,4638e41e1c53018897e12edbb2815807,1.9055
5527213e610f0a189308f8e404b3a88f,81de659bfde3389fc8614bfba92e585a,1.8003
5527213e610f0a189308f8e404b3a88f,90b58782fdd04cb829667fcc41fb65f5,1.7931
5527213e610f0a189308f8e404b3a88f,308e4e21ae228a10f6370a243ae59995,1.7333
5531c5cc7089dcf2a05e8b70fe7092f3,00faa46f36261af8bbf3a4d37fa4841b,3.1978
5531c5cc7089dcf2a05e8b70fe7092f3,ee918a5c4e95f273708c2582a5314325,2.928
5531c5cc7089dcf2a05e8b70fe7092f3,f110a8fd4a8052d5717ce2adc2bb71d0,2.502
5531c5cc7089dcf2a05e8b70fe7092f3,ebc714d9f070a89f4d411982ea9670fb,2.3681
5531c5cc7089dcf2a05e8b70fe7092f3,61937887eb6ee0b405a5759756426486,2.2626
5531c5cc7089dcf2a05e8b70fe7092f3,6d8096ca93caea3416a6b24bf411bc86,2.2472
5531c5cc7089dcf2a05e8b70fe7092f3,0de59eddc63167215c972b0d785ffa7b,1.9599
5531c5cc7089dcf2a05e8b70fe7092f3,8bb27b1d96be90b36b8d0c7f30931d52,1.8629
5531c5cc7089dcf2a05e8b70fe7092f3,0a56efd5f050d3f861a04c6f005d1128,1.8378
5531c5cc7089dcf2a05e8b70fe7092f3,90b58782fdd04cb829667fcc41fb65f5,1.7891
557b158701bedbb76b856eb5f3af51b1,61a4100ccd6d9c4c808a1fd954ddb8ad,5.5779
557b158701bedbb76b856eb5f3af51b1,3ed43e8f95f9801cd8099b6f73e07335,3.8831
557b158701bedbb76b856eb5f3af51b1,596dd8bfc1289b4336ef857ffb960d47,3.8831
557b158701bedbb76b856eb5f3af51b1,dbb67791e405873b259e4656bf971246,3.8525
557b158701bedbb76b856eb5f3af51b1,cc7e60cc41c667212b37102362120438,3.7398
557b158701bedbb76b856eb5f3af51b1,57c9362442482cd2451f2eabf468e532,3.7226
557b158701bedbb76b856eb5f3af51b1,b68cf84ede4fd1e14b1740de5b727d55,3.6763
557b158701bedbb76b856eb5f3af51b1,2e511b5741ab14e7f5294df6f1310b03,3.6463
557b158701bedbb76b856eb5f3af51b1,51f3e4065d72846204cb4f46d8d241cf,3.5381
557b158701bedbb76b856eb5f3af51b1,81de659bfde3389fc8614bfba92e585a,3.5284
56181f89940ab3c08ebc6e7749ec6f3d,b68cf84ede4fd1e14b1740de5b727d55,2.6738
56181f89940ab3c08ebc6e7749ec6f3d,a14aea6067b93158e956612c50b74cfa,2.6671
56181f89940ab3c08ebc6e7749ec6f3d,ebc714d9f070a89f4d411982ea9670fb,2.4004
56181f89940ab3c08ebc6e7749ec6f3d,98a4301b1aacd45984603af55b7a1de4,2.3031
56181f89940ab3c08ebc6e7749ec6f3d,fe59a1e006df3ac42bf0ceb876d70969,2.2573
56181f89940ab3c08ebc6e7749ec6f3d,dbb67791e405873b259e4656bf971246,2.2305
56181f89940ab3c08ebc6e7749ec6f3d,cc7e60cc41c667212b37102362120438,2.1988
56181f89940ab3c08ebc6e7749ec6f3d,c2a9f8aeb7a51580fccc2d1c4f8bceaf,2.1452
56181f89940ab3c08ebc6e7749ec6f3d,a7329b3e52d13627c92b24a745e70873,2.1041
56181f89940ab3c08ebc6e7749ec6f3d,fe31b2791161c24e921f90788d443e1c,2.1015
56c8638e7c058b98aae6d74d2dd6ea23,39342c8e5e512bb1757779a3821a450f,4.0266
56c8638e7c058b98aae6d74d2dd6ea23,4638e41e1c53018897e12edbb2815807,3.5093
56c8638e7c058b98aae6d74d2dd6ea23,8bb27b1d96be90b36b8d0c7f30931d52,3.2638
56c8638e7c058b98aae6d74d2dd6ea23,3ed43e8f95f9801cd8099b6f73e07335,3.231
56c8638e7c058b98aae6d74d2dd6ea23,596dd8bfc1289b4336ef857ffb960d47,3.231
56c8638e7c058b98aae6d74d2dd6ea23,55aefe286a63b5e07f42a63c10371020,3.228
56c8638e7c058b98aae6d74d2dd6ea23,61a4100ccd6d9c4c808a1fd954ddb8ad,3.1726
56c8638e7c058b98aae6d74d2dd6ea23,ebc714d9f070a89f4d411982ea9670fb,3.1714
56c8638e7c058b98aae6d74d2dd6ea23,cc7e60cc41c667212b37102362120438,3.1275
56c8638e7c058b98aae6d74d2dd6ea23,fe31b2791161c24e921f90788d443e1c,3.1062
56dfd0cb7bce1329fe8f4766746f0078,65f037a133d9ffc71164a5d69dee187e,3.7126
56dfd0cb7bce1329fe8f4766746f0078,3bb3e5caf47c7e92ed97227247e942a8,3.4506
56dfd0cb7bce1329fe8f4766746f0078,d35d1fa56f3c5a2777f5542a84a085dd,3.1049
56dfd0cb7bce1329fe8f4766746f0078,20531b0644a0719b8d506c4db3c56609,2.8341
56dfd0cb7bce1329fe8f4766746f0078,57c9362442482cd2451f2eabf468e532,2.5836
56dfd0cb7bce1329fe8f4766746f0078,61937887eb6ee0b405a5759756426486,2.5775
56dfd0cb7bce1329fe8f4766746f0078,3de0f67a3747dbf94f485e9f5843b02d,2.5061
56dfd0cb7bce1329fe8f4766746f0078,12f749c76f15e9bf5743bebda92da24a,2.3601
56dfd0cb7bce1329fe8f4766746f0078,61a4100ccd6d9c4c808a1fd954ddb8ad,2.3336
56dfd0cb7bce1329fe8f4766746f0078,dbb67791e405873b259e4656bf971246,2.2716
570eb70ff97166b85ea96be3bfb65fef,00faa46f36261af8bbf3a4d37fa4841b,3.2424
570eb70ff97166b85ea96be3bfb65fef,ee918a5c4e95f273708c2582a5314325,2.6032
570eb70ff97166b85ea96be3bfb65fef,61937887eb6ee0b405a5759756426486,2.5333
570eb70ff97166b85ea96be3bfb65fef,0de59eddc63167215c972b0d785ffa7b,2.2316
570eb70ff97166b85ea96be3bfb65fef,ebc714d9f070a89f4d411982ea9670fb,2.1978
570eb70ff97166b85ea96be3bfb65fef,6d8096ca93caea3416a6b24bf411bc86,2.19
570eb70ff97166b85ea96be3bfb65fef,f110a8fd4a8052d5717ce2adc2bb71d0,2.1551
570eb70ff97166b85ea96be3bfb65fef,90b58782fdd04cb829667fcc41fb65f5,2.1095
570eb70ff97166b85ea96be3bfb65fef,308e4e21ae228a10f6370a243ae59995,2.0391
570eb70ff97166b85ea96be3bfb65fef,55aefe286a63b5e07f42a63c10371020,1.9687
574d82ac7c0699b8c47077533193ee8d,8bb27b1d96be90b36b8d0c7f30931d52,4.4462
574d82ac7c0699b8c47077533193ee8d,ee918a5c4e95f273708c2582a5314325,4.1444
574d82ac7c0699b8c47077533193ee8d,a03e401d58a45187271718c5d7610422,4.1025
574d82ac7c0699b8c47077533193ee8d,fe31b2791161c24e921f90788d443e1c,3.8235
574d82ac7c0699b8c47077533193ee8d,b8c2cf7e813b0eb7ec62f7459217b22c,3.5441
574d82ac7c0699b8c47077533193ee8d,20531b0644a0719b8d506c4db3c56609,3.4945
574d82ac7c0699b8c47077533193ee8d,6b6b162b177d0f36987993aecbe1c65f,3.3718
574d82ac7c0699b8c47077533193ee8d,ebc714d9f070a89f4d411982ea9670fb,3.3591
574d82ac7c0699b8c47077533193ee8d,57c9362442482cd2451f2eabf468e532,3.3464
574d82ac7c0699b8c47077533193ee8d,0de59eddc63167215c972b0d785ffa7b,3.2954
574e36a816bf7a295404e686062fc0de,90b58782fdd04cb829667fcc41fb65f5,3.927
574e36a816bf7a295404e686062fc0de,308e4e21ae228a10f6370a243ae59995,3.796
574e36a816bf7a295404e686062fc0de,8bb27b1d96be90b36b8d0c7f30931d52,3.4962
574e36a816bf7a295404e686062fc0de,a03e401d58a45187271718c5d7610422,3.226
574e36a816bf7a295404e686062fc0de,ad1280b6c5b1af7cfd97372249be66c9,3.1502
574e36a816bf7a295404e686062fc0de,6cdd53843498f92890544667809f1595,3.1052
574e36a816bf7a295404e686062fc0de,0fd55f5dee013f990c929cd3ad6bfee0,3.0154
574e36a816bf7a295404e686062fc0de,b68cf84ede4fd1e14b1740de5b727d55,2.9677
574e36a816bf7a295404e686062fc0de,0de59eddc63167215c972b0d785ffa7b,2.7166
574e36a816bf7a295404e686062fc0de,fe59a1e006df3ac42bf0ceb876d70969,2.705
57c36350a705713d97444e8e4a3ba75e,8bb27b1d96be90b36b8d0c7f30931d52,3.2203
57c36350a705713d97444e8e4a3ba75e,51f3e4065d72846204cb4f46d8d241cf,3.0738
57c36350a705713d97444e8e4a3ba75e,00faa46f36261af8bbf3a4d37fa4841b,3.0514
57c36350a705713d97444e8e4a3ba75e,a03e401d58a45187271718c5d7610422,2.9714
57c36350a705713d97444e8e4a3ba75e,ebc714d9f070a89f4d411982ea9670fb,2.9665
57c36350a705713d97444e8e4a3ba75e,b68cf84ede4fd1e14b1740de5b727d55,2.5237
57c36350a705713d97444e8e4a3ba75e,ee918a5c4e95f273708c2582a5314325,2.403
57c36350a705713d97444e8e4a3ba75e,4638e41e1c53018897e12edbb2815807,2.3709
57c36350a705713d97444e8e4a3ba75e,cb03e4f0503f45854e87afe535e0681d,2.1685
57c36350a705713d97444e8e4a3ba75e,61937887eb6ee0b405a5759756426486,2.0902
58703c8104494f333026acd373ca9027,d35d1fa56f3c5a2777f5542a84a085dd,3.6452
58703c8104494f333026acd373ca9027,20531b0644a0719b8d506c4db3c56609,3.4341
58703c8104494f333026acd373ca9027,3bb3e5caf47c7e92ed97227247e942a8,3.2031
58703c8104494f333026acd373ca9027,90b58782fdd04cb829667fcc41fb65f5,3.1207
58703c8104494f333026acd373ca9027,308e4e21ae228a10f6370a243ae59995,3.0166
58703c8104494f333026acd373ca9027,61937887eb6ee0b405a5759756426486,2.8861
58703c8104494f333026acd373ca9027,57c9362442482cd2451f2eabf468e532,2.8703
58703c8104494f333026acd373ca9027,65f037a133d9ffc71164a5d69dee187e,2.8518
58703c8104494f333026acd373ca9027,3de0f67a3747dbf94f485e9f5843b02d,2.7688
58703c8104494f333026acd373ca9027,62b07aff118f62756ee579afeedc3eb0,2.6137
593cb774409e5239a1946d1c88e0813d,3bb3e5caf47c7e92ed97227247e942a8,4.0783
593cb774409e5239a1946d1c88e0813d,61937887eb6ee0b405a5759756426486,3.9169
593cb774409e5239a1946d1c88e0813d,00faa46f36261af8bbf3a4d37fa4841b,3.4226
593cb774409e5239a1946d1c88e0813d,90b58782fdd04cb829667fcc41fb65f5,3.3515
593cb774409e5239a1946d1c88e0813d,308e4e21ae228a10f6370a243ae59995,3.2398
593cb774409e5239a1946d1c88e0813d,d35d1fa56f3c5a2777f5542a84a085dd,3.1674
593cb774409e5239a1946d1c88e0813d,3de0f67a3747dbf94f485e9f5843b02d,2.7583
593cb774409e5239a1946d1c88e0813d,12f749c76f15e9bf5743bebda92da24a,2.6899
593cb774409e5239a1946d1c88e0813d,57c9362442482cd2451f2eabf468e532,2.4926
593cb774409e5239a1946d1c88e0813d,eb53f94fdc60278efcef123bb275658a,2.4015
5941ba7f91b519d195e16e34fcf61bac,ebc714d9f070a89f4d411982ea9670fb,3.0493
5941ba7f91b519d195e16e34fcf61bac,b68cf84ede4fd1e14b1740de5b727d55,3.0138
5941ba7f91b519d195e16e34fcf61bac,a14aea6067b93158e956612c50b74cfa,2.8658
5941ba7f91b519d195e16e34fcf61bac,fe59a1e006df3ac42bf0ceb876d70969,2.8338
5941ba7f91b519d195e16e34fcf61bac,98a4301b1aacd45984603af55b7a1de4,2.7592
5941ba7f91b519d195e16e34fcf61bac,8bb27b1d96be90b36b8d0c7f30931d52,2.3781
5941ba7f91b519d195e16e34fcf61bac,a06766fec51c96d4d0bce282906735eb,2.324
5941ba7f91b519d195e16e34fcf61bac,a03e401d58a45187271718c5d7610422,2.1943
5941ba7f91b519d195e16e34fcf61bac,730d34d191892dd7c4fb157daade465e,2.1235
5941ba7f91b519d195e16e34fcf61bac,1dd284c37ca97cbb86c029c65fb9a494,2.0841
595e38fad1949e25468ad1c7c06924d0,ebc714d9f070a89f4d411982ea9670fb,3.735
595e38fad1949e25468ad1c7c06924d0,8bb27b1d96be90b36b8d0c7f30931d52,3.3824
595e38fad1949e25468ad1c7c06924d0,0de59eddc63167215c972b0d785ffa7b,3.1477
595e38fad1949e25468ad1c7c06924d0,a03e401d58a45187271718c5d7610422,3.121
595e38fad1949e25468ad1c7c06924d0,fe31b2791161c24e921f90788d443e1c,3.114
595e38fad1949e25468ad1c7c06924d0,b68cf84ede4fd1e14b1740de5b727d55,2.851
595e38fad1949e25468ad1c7c06924d0,51f3e4065d72846204cb4f46d8d241cf,2.7756
595e38fad1949e25468ad1c7c06924d0,55aefe286a63b5e07f42a63c10371020,2.7329
595e38fad1949e25468ad1c7c06924d0,39342c8e5e512bb1757779a3821a450f,2.6712
595e38fad1949e25468ad1c7c06924d0,cc7e60cc41c667212b37102362120438,2.5982
598ef1f13aba15f2b88387184f6c25ec,c2a9f8aeb7a51580fccc2d1c4f8bceaf,3.3352
598ef1f13aba15f2b88387184f6c25ec,730d34d191892dd7c4fb157daade465e,3.1951
598ef1f13aba15f2b88387184f6c25ec,fe59a1e006df3ac42bf0ceb876d70969,3.1408
598ef1f13aba15f2b88387184f6c25ec,cc7e60cc41c667212b37102362120438,3.127
598ef1f13aba15f2b88387184f6c25ec,30d1842be9c62546d3fb853119602ac2,3.0807
598ef1f13aba15f2b88387184f6c25ec,4606f0b0bceceb75e7a887e6b57cae3e,2.6097
598ef1f13aba15f2b88387184f6c25ec,05431e0dd637e910dd67d7ad823e8437,2.579
598ef1f13aba15f2b88387184f6c25ec,a14aea6067b93158e956612c50b74cfa,2.4367
598ef1f13aba15f2b88387184f6c25ec,98a4301b1aacd45984603af55b7a1de4,2.3951
598ef1f13aba15f2b88387184f6c25ec,596dd8bfc1289b4336ef857ffb960d47,2.3327
598ffe324e745b97fd07d03416c49d16,00faa46f36261af8bbf3a4d37fa4841b,3.0924
598ffe324e745b97fd07d03416c49d16,ebc714d9f070a89f4d411982ea9670fb,2.6804
598ffe324e745b97fd07d03416c49d16,ee918a5c4e95f273708c2582a5314325,2.5536
598ffe324e745b97fd07d03416c49d16,51f3e4065d72846204cb4f46d8d241cf,2.4975
598ffe324e745b97fd07d03416c49d16,f110a8fd4a8052d5717ce2adc2bb71d0,2.2533
598ffe324e745b97fd07d03416c49d16,773a9c97b7435492ec93014cd43ecf77,1.9348
598ffe324e745b97fd07d03416c49d16,0a56efd5f050d3f861a04c6f005d1128,1.9104
598ffe324e745b97fd07d03416c49d16,61937887eb6ee0b405a5759756426486,1.7193
598ffe324e745b97fd07d03416c49d16,b8c2cf7e813b0eb7ec62f7459217b22c,1.7117
598ffe324e745b97fd07d03416c49d16,65baa03ed325a23536e96fd66b3244c8,1.6973
5a85f706b2059c3cd55287e105d8d5ea,65f037a133d9ffc71164a5d69dee187e,5.1433
5a85f706b2059c3cd55287e105d8d5ea,3bb3e5caf47c7e92ed97227247e942a8,4.4546
5a85f706b2059c3cd55287e105d8d5ea,d35d1fa56f3c5a2777f5542a84a085dd,4.033
5a85f706b2059c3cd55287e105d8d5ea,61a4100ccd6d9c4c808a1fd954ddb8ad,3.9556
5a85f706b2059c3cd55287e105d8d5ea,20531b0644a0719b8d506c4db3c56609,3.9351
5a85f706b2059c3cd55287e105d8d5ea,57c9362442482cd2451f2eabf468e532,3.8341
5a85f706b2059c3cd55287e105d8d5ea,61937887eb6ee0b405a5759756426486,3.533
5a85f706b2059c3cd55287e105d8d5ea,dbb67791e405873b259e4656bf971246,3.3258
5a85f706b2059c3cd55287e105d8d5ea,3de0f67a3747dbf94f485e9f5843b02d,3.3203
5a85f706b2059c3cd55287e105d8d5ea,51f3e4065d72846204cb4f46d8d241cf,3.2727
5a87cdfb4b05852cbb63bce4ee13636c,a7329b3e52d13627c92b24a745e70873,3.1209
5a87cdfb4b05852cbb63bce4ee13636c,b68cf84ede4fd1e14b1740de5b727d55,2.7317
5a87cdfb4b05852cbb63bce4ee13636c,a14aea6067b93158e956612c50b74cfa,2.6282
5a87cdfb4b05852cbb63bce4ee13636c,99e365fea0b15ee63272ff391fdde785,2.4981
5a87cdfb4b05852cbb63bce4ee13636c,cc7e60cc41c667212b37102362120438,2.4926
5a87cdfb4b05852cbb63bce4ee13636c,c2a9f8aeb7a51580fccc2d1c4f8bceaf,2.4761
5a87cdfb4b05852cbb63bce4ee13636c,fe59a1e006df3ac42bf0ceb876d70969,2.4362
5a87cdfb4b05852cbb63bce4ee13636c,6e741443e7a0707cb99e552dc844439a,2.4342
5a87cdfb4b05852cbb63bce4ee13636c,ebc714d9f070a89f4d411982ea9670fb,2.4129
5a87cdfb4b05852cbb63bce4ee13636c,fe31b2791161c24e921f90788d443e1c,2.3643
5ababc6c33b702cbe31f1631d15b4b5a,8bb27b1d96be90b36b8d0c7f30931d52,3.3143
5ababc6c33b702cbe31f1631d15b4b5a,51f3e4065d72846204cb4f46d8d241cf,3.1677
5ababc6c33b702cbe31f1631d15b4b5a,a03e401d58a45187271718c5d7610422,3.0582
5ababc6c33b702cbe31f1631d15b4b5a,4638e41e1c53018897e12edbb2815807,2.9923
5ababc6c33b702cbe31f1631d15b4b5a,cc88837a83ef7b7ea2bf724434a53ef3,2.723
5ababc6c33b702cbe31f1631d15b4b5a,ebc714d9f070a89f4d411982ea9670fb,2.5299
5ababc6c33b702cbe31f1631d15b4b5a,b68cf84ede4fd1e14b1740de5b727d55,2.5088
5ababc6c33b702cbe31f1631d15b4b5a,6cdd53843498f92890544667809f1595,2.4513
5ababc6c33b702cbe31f1631d15b4b5a,0fd55f5dee013f990c929cd3ad6bfee0,2.449
5ababc6c33b702cbe31f1631d15b4b5a,55aefe286a63b5e07f42a63c10371020,2.305
5af895ee7ff98368a5bf6faeddd18cec,8bb27b1d96be90b36b8d0c7f30931d52,4.3373
5af895ee7ff98368a5bf6faeddd18cec,ebc714d9f070a89f4d411982ea9670fb,4.1467
5af895ee7ff98368a5bf6faeddd18cec,51f3e4065d72846204cb4f46d8d241cf,4.126
5af895ee7ff98368a5bf6faeddd18cec,a03e401d58a45187271718c5d7610422,4.0021
5af895ee7ff98368a5bf6faeddd18cec,b68cf84ede4fd1e14b1740de5b727d55,3.3731
5af895ee7ff98368a5bf6faeddd18cec,61a4100ccd6d9c4c808a1fd954ddb8ad,3.2432
5af895ee7ff98368a5bf6faeddd18cec,fe31b2791161c24e921f90788d443e1c,3.2391
5af895ee7ff98368a5bf6faeddd18cec,55aefe286a63b5e07f42a63c10371020,3.1774
5af895ee7ff98368a5bf6faeddd18cec,0de59eddc63167215c972b0d785ffa7b,3.1007
5af895ee7ff98368a5bf6faeddd18cec,cc7e60cc41c667212b37102362120438,3.0743
5b09c620db60411b0be6f1817c6cbe71,ee918a5c4e95f273708c2582a5314325,2.7996
5b09c620db60411b0be6f1817c6cbe71,f110a8fd4a8052d5717ce2adc2bb71d0,2.5851
5b09c620db60411b0be6f1817c6cbe71,b68cf84ede4fd1e14b1740de5b727d55,2.3018
5b09c620db60411b0be6f1817c6cbe71,ebc714d9f070a89f4d411982ea9670fb,2.2417
5b09c620db60411b0be6f1817c6cbe71,a14aea6067b93158e956612c50b74cfa,2.1832
5b09c620db60411b0be6f1817c6cbe71,c2a9f8aeb7a51580fccc2d1c4f8bceaf,2.1576
5b09c620db60411b0be6f1817c6cbe71,fe59a1e006df3ac42bf0ceb876d70969,2.1354
5b09c620db60411b0be6f1817c6cbe71,bc596794d92f7b9959fe0e7430354b52,1.9201
5b09c620db60411b0be6f1817c6cbe71,568c923625669145cc9a644856fccd14,1.8873
5b09c620db60411b0be6f1817c6cbe71,8bb27b1d96be90b36b8d0c7f30931d52,1.8794
5b1f05394a4cf3356d430713353ea50c,cc7e60cc41c667212b37102362120438,3.3364
5b1f05394a4cf3356d430713353ea50c,ee918a5c4e95f273708c2582a5314325,3.3127
5b1f05394a4cf3356d430713353ea50c,6e2a68aa94eb2a3b5b3499bf2314d544,3.2958
5b1f05394a4cf3356d430713353ea50c,0b00b16606aeb46da3543bbabff4d6b3,3.0175
5b1f05394a4cf3356d430713353ea50c,c2a9f8aeb7a51580fccc2d1c4f8bceaf,2.9418
5b1f05394a4cf3356d430713353ea50c,57c9362442482cd2451f2eabf468e532,2.8623
5b1f05394a4cf3356d430713353ea50c,20531b0644a0719b8d506c4db3c56609,2.8234
5b1f05394a4cf3356d430713353ea50c,55aefe286a63b5e07f42a63c10371020,2.7653
5b1f05394a4cf3356d430713353ea50c,05431e0dd637e910dd67d7ad823e8437,2.6612
5b1f05394a4cf3356d430713353ea50c,61a4100ccd6d9c4c808a1fd954ddb8ad,2.657
5b65c2693d8103d23aa910cd33d68daa,61937887eb6ee0b405a5759756426486,4.4986
5b65c2693d8103d23aa910cd33d68daa,00faa46f36261af8bbf3a4d37fa4841b,4.4192
5b65c2693d8103d23aa910cd33d68daa,ee918a5c4e95f273708c2582a5314325,4.193
5b65c2693d8103d23aa910cd33d68daa,8bb27b1d96be90b36b8d0c7f30931d52,3.9382
5b65c2693d8103d23aa910cd33d68daa,fe31b2791161c24e921f90788d443e1c,3.9223
5b65c2693d8103d23aa910cd33d68daa,57c9362442482cd2451f2eabf468e532,3.79
5b65c2693d8103d23aa910cd33d68daa,b8c2cf7e813b0eb7ec62f7459217b22c,3.7362
5b65c2693d8103d23aa910cd33d68daa,ebc714d9f070a89f4d411982ea9670fb,3.6653
5b65c2693d8103d23aa910cd33d68daa,a03e401d58a45187271718c5d7610422,3.6338
5b65c2693d8103d23aa910cd33d68daa,90b58782fdd04cb829667fcc41fb65f5,3.4758
5bcf87511a3d7b63b8b56fdb9ebe5fd5,8bb27b1d96be90b36b8d0c7f30931d52,3.0181
5bcf87511a3d7b63b8b56fdb9ebe5fd5,48640118918b5bd6454e3fee20ad637b,3.0029
5bcf87511a3d7b63b8b56fdb9ebe5fd5,0de59eddc63167215c972b0d785ffa7b,2.9226
5bcf87511a3d7b63b8b56fdb9ebe5fd5,90b58782fdd04cb829667fcc41fb65f5,2.8452
5bcf87511a3d7b63b8b56fdb9ebe5fd5,ad1280b6c5b1af7cfd97372249be66c9,2.8091
5bcf87511a3d7b63b8b56fdb9ebe5fd5,a03e401d58a45187271718c5d7610422,2.7849
5bcf87511a3d7b63b8b56fdb9ebe5fd5,b8c2cf7e813b0eb7ec62f7459217b22c,2.7689
5bcf87511a3d7b63b8b56fdb9ebe5fd5,308e4e21ae228a10f6370a243ae59995,2.7503
5bcf87511a3d7b63b8b56fdb9ebe5fd5,6af89b97a841482f79c52765bfe0d699,2.6351
5bcf87511a3d7b63b8b56fdb9ebe5fd5,f0f719ace174d68fdc838d8d6c4ce26e,2.6207
5bdb6f56a8fb4272b802f504bb6d1287,fe31b2791161c24e921f90788d443e1c,4.4926
5bdb6f56a8fb4272b802f504bb6d1287,2e511b5741ab14e7f5294df6f1310b03,4.4205
5bdb6f56a8fb4272b802f504bb6d1287,70906e04da1eebf3d1b8791bd09ffe85,3.6923
5bdb6f56a8fb4272b802f504bb6d1287,8bb27b1d96be90b36b8d0c7f30931d52,3.4361
5bdb6f56a8fb4272b802f504bb6d1287,6b6b162b177d0f36987993aecbe1c65f,3.3643
5bdb6f56a8fb4272b802f504bb6d1287,41da75141264c3bde21ecea85a4cb8b7,3.3397
5bdb6f56a8fb4272b802f504bb6d1287,a4800b5d0f4850922208a6cefcffed51,3.2573
5bdb6f56a8fb4272b802f504bb6d1287,a03e401d58a45187271718c5d7610422,3.1705
5bdb6f56a8fb4272b802f504bb6d1287,a04cf12934a318be6550b1aeab938bf2,3.1183
5bdb6f56a8fb4272b802f504bb6d1287,0c3dc3f0b8ea2ce274c0bd18b2a31f5b,3.1115
5c335d5e512b311af34bcf6b96df531d,6e2a68aa94eb2a3b5b3499bf2314d544,2.3491
5c335d5e512b311af34bcf6b96df531d,48640118918b5bd6454e3fee20ad637b,2.2608
5c335d5e512b311af34bcf6b96df531d,39342c8e5e512bb1757779a3821a450f,2.2108
5c335d5e512b311af34bcf6b96df531d,0573b564a90d2d9f9c460eb963da8c33,2.1639
5c335d5e512b311af34bcf6b96df531d,0de59eddc63167215c972b0d785ffa7b,2.0896
5c335d5e512b311af34bcf6b96df531d,a7329b3e52d13627c92b24a745e70873,2.0752
5c335d5e512b311af34bcf6b96df531d,bb50f2e236e5eea0100680137654686c,2.0471
5c335d5e512b311af34bcf6b96df531d,6e741443e7a0707cb99e552dc844439a,2.0232
5c335d5e512b311af34bcf6b96df531d,55aefe286a63b5e07f42a63c10371020,1.9899
5c335d5e512b311af34bcf6b96df531d,fe31b2791161c24e921f90788d443e1c,1.9138
5d323409404dee6bdb0f6cf9ef828dae,a7329b3e52d13627c92b24a745e70873,3.036
5d323409404dee6bdb0f6cf9ef828dae,fe59a1e006df3ac42bf0ceb876d70969,3.0027
5d323409404dee6bdb0f6cf9ef828dae,b68cf84ede4fd1e14b1740de5b727d55,2.9724
5d323409404dee6bdb0f6cf9ef828dae,8bb27b1d96be90b36b8d0c7f30931d52,2.783
5d323409404dee6bdb0f6cf9ef828dae,90b58782fdd04cb829667fcc41fb65f5,2.7371
5d323409404dee6bdb0f6cf9ef828dae,0de59eddc63167215c972b0d785ffa7b,2.7217
5d323409404dee6bdb0f6cf9ef828dae,bb50f2e236e5eea0100680137654686c,2.7196
5d323409404dee6bdb0f6cf9ef828dae,20531b0644a0719b8d506c4db3c56609,2.7194
5d323409404dee6bdb0f6cf9ef828dae,6e741443e7a0707cb99e552dc844439a,2.6821
5d323409404dee6bdb0f6cf9ef828dae,fe31b2791161c24e921f90788d443e1c,2.6811
5d8f5f50fd2c7fbe8b335d945105a37f,ee918a5c4e95f273708c2582a5314325,2.7811
5d8f5f50fd2c7fbe8b335d945105a37f,657247f6f60543b93e3cc708a8e6329c,2.7795
5d8f5f50fd2c7fbe8b335d945105a37f,b68cf84ede4fd1e14b1740de5b727d55,2.7731
5d8f5f50fd2c7fbe8b335d945105a37f,a7329b3e52d13627c92b24a745e70873,2.7488
5d8f5f50fd2c7fbe8b335d945105a37f,8bb27b1d96be90b36b8d0c7f30931d52,2.7422
5d8f5f50fd2c7fbe8b335d945105a37f,20531b0644a0719b8d506c4db3c56609,2.7283
5d8f5f50fd2c7fbe8b335d945105a37f,bc596794d92f7b9959fe0e7430354b52,2.656
5d8f5f50fd2c7fbe8b335d945105a37f,a03e401d58a45187271718c5d7610422,2.5302
5d8f5f50fd2c7fbe8b335d945105a37f,f110a8fd4a8052d5717ce2adc2bb71d0,2.3914
5d8f5f50fd2c7fbe8b335d945105a37f,90b58782fdd04cb829667fcc41fb65f5,2.3638
5d9f42453f12815981c981caf51a9b30,8bb27b1d96be90b36b8d0c7f30931d52,2.9813
5d9f42453f12815981c981caf51a9b30,b68cf84ede4fd1e14b1740de5b727d55,2.8157
5d9f42453f12815981c981caf51a9b30,a03e401d58a45187271718c5d7610422,2.7509
5d9f42453f12815981c981caf51a9b30,90b58782fdd04cb829667fcc41fb65f5,2.634
5d9f42453f12815981c981caf51a9b30,fe31b2791161c24e921f90788d443e1c,2.5477
5d9f42453f12815981c981caf51a9b30,308e4e21ae228a10f6370a243ae59995,2.5462
5d9f42453f12815981c981caf51a9b30,fe59a1e006df3ac42bf0ceb876d70969,2.5434
5d9f42453f12815981c981caf51a9b30,0de59eddc63167215c972b0d785ffa7b,2.3962
5d9f42453f12815981c981caf51a9b30,2e511b5741ab14e7f5294df6f1310b03,2.3174
5d9f42453f12815981c981caf51a9b30,ebc714d9f070a89f4d411982ea9670fb,2.2923
5e8daf8c56e7ea57b7b508ea39d345c6,90b58782fdd04cb829667fcc41fb65f5,3.1104
5e8daf8c56e7ea57b7b508ea39d345c6,308e4e21ae228a10f6370a243ae59995,3.0067
5e8daf8c56e7ea57b7b508ea39d345c6,61937887eb6ee0b405a5759756426486,2.4477
5e8daf8c56e7ea57b7b508ea39d345c6,ad1280b6c5b1af7cfd97372249be66c9,2.398
5e8daf8c56e7ea57b7b508ea39d345c6,8bb27b1d96be90b36b8d0c7f30931d52,2.2815
5e8daf8c56e7ea57b7b508ea39d345c6,b68cf84ede4fd1e14b1740de5b727d55,2.1923
5e8daf8c56e7ea57b7b508ea39d345c6,b8c2cf7e813b0eb7ec62f7459217b22c,2.1713
5e8daf8c56e7ea57b7b508ea39d345c6,3bb3e5caf47c7e92ed97227247e942a8,2.1687
5e8daf8c56e7ea57b7b508ea39d345c6,fe59a1e006df3ac42bf0ceb876d70969,2.1384
5e8daf8c56e7ea57b7b508ea39d345c6,a03e401d58a45187271718c5d7610422,2.1052
5e8f38a9a1c023f3db718edcf926a2db,6e2a68aa94eb2a3b5b3499bf2314d544,4.6094
5e8f38a9a1c023f3db718edcf926a2db,55aefe286a63b5e07f42a63c10371020,4.5667
5e8f38a9a1c023f3db718edcf926a2db,cc7e60cc41c667212b37102362120438,4.0049
5e8f38a9a1c023f3db718edcf926a2db,39342c8e5e512bb1757779a3821a450f,3.2876
5e8f38a9a1c023f3db718edcf926a2db,b07499163c612b591ce1621452672e69,3.2344
5e8f38a9a1c023f3db718edcf926a2db,fe31b2791161c24e921f90788d443e1c,3.2218
5e8f38a9a1c023f3db718edcf926a2db,8bb27b1d96be90b36b8d0c7f30931d52,3.2102
5e8f38a9a1c023f3db718edcf926a2db,05431e0dd637e910dd67d7ad823e8437,3.1807
5e8f38a9a1c023f3db718edcf926a2db,1e41618bcaf005d9f4cba13fb70915bf,3.1039
5e8f38a9a1c023f3db718edcf926a2db,596dd8bfc1289b4336ef857ffb960d47,3.0685
5e9b9a8a03e7eb90d53d2ef2592b7d53,65f037a133d9ffc71164a5d69dee187e,3.4069
5e9b9a8a03e7eb90d53d2ef2592b7d53,90b58782fdd04cb829667fcc41fb65f5,3.1298
5e9b9a8a03e7eb90d53d2ef2592b7d53,8bb27b1d96be90b36b8d0c7f30931d52,3.063
5e9b9a8a03e7eb90d53d2ef2592b7d53,20531b0644a0719b8d506c4db3c56609,3.0325
5e9b9a8a03e7eb90d53d2ef2592b7d53,308e4e21ae228a10f6370a243ae59995,3.0254
5e9b9a8a03e7eb90d53d2ef2592b7d53,b8c2cf7e813b0eb7ec62f7459217b22c,2.9488
5e9b9a8a03e7eb90d53d2ef2592b7d53,51f3e4065d72846204cb4f46d8d241cf,2.8409
5e9b9a8a03e7eb90d53d2ef2592b7d53,a03e401d58a45187271718c5d7610422,2.8263
5e9b9a8a03e7eb90d53d2ef2592b7d53,b68cf84ede4fd1e14b1740de5b727d55,2.6457
5e9b9a8a03e7eb90d53d2ef2592b7d53,fe59a1e006df3ac42bf0ceb876d70969,2.6038
5ebb4b34c5aeed7ddda4fefe8e38f64a,b68cf84ede4fd1e14b1740de5b727d55,2.6588
5ebb4b34c5aeed7ddda4fefe8e38f64a,730d34d191892dd7c4fb157daade465e,2.6062
5ebb4b34c5aeed7ddda4fefe8e38f64a,ebc714d9f070a89f4d411982ea9670fb,2.5812
5ebb4b34c5aeed7ddda4fefe8e38f64a,3ed43e8f95f9801cd8099b6f73e07335,2.5583
5ebb4b34c5aeed7ddda4fefe8e38f64a,596dd8bfc1289b4336ef857ffb960d47,2.5583
5ebb4b34c5aeed7ddda4fefe8e38f64a,30d1842be9c62546d3fb853119602ac2,2.5129
5ebb4b34c5aeed7ddda4fefe8e38f64a,61a4100ccd6d9c4c808a1fd954ddb8ad,2.4664
5ebb4b34c5aeed7ddda4fefe8e38f64a,51f3e4065d72846204cb4f46d8d241cf,2.3774
5ebb4b34c5aeed7ddda4fefe8e38f64a,8bb27b1d96be90b36b8d0c7f30931d52,2.3379
5ebb4b34c5aeed7ddda4fefe8e38f64a,4638e41e1c53018897e12edbb2815807,2.2377
5f45aa4ef9b8fb99b95d33a970bb64a7,65f037a133d9ffc71164a5d69dee187e,3.8256
5f45aa4ef9b8fb99b95d33a970bb64a7,51f3e4065d72846204cb4f46d8d241cf,2.876
5f45aa4ef9b8fb99b95d33a970bb64a7,fe59a1e006df3ac42bf0ceb876d70969,2.6176
5f45aa4ef9b8fb99b95d33a970bb64a7,ebc714d9f070a89f4d411982ea9670fb,2.4954
5f45aa4ef9b8fb99b95d33a970bb64a7,730d34d191892dd7c4fb157daade465e,2.4535
5f45aa4ef9b8fb99b95d33a970bb64a7,b8c2cf7e813b0eb7ec62f7459217b22c,2.4088
5f45aa4ef9b8fb99b95d33a970bb64a7,6e741443e7a0707cb99e552dc844439a,2.3922
5f45aa4ef9b8fb99b95d33a970bb64a7,30d1842be9c62546d3fb853119602ac2,2.3656
5f45aa4ef9b8fb99b95d33a970bb64a7,20531b0644a0719b8d506c4db3c56609,2.1259
5f45aa4ef9b8fb99b95d33a970bb64a7,b68cf84ede4fd1e14b1740de5b727d55,2.0056
5f80e1b868be57e4d50ae6bbeae78d77,61937887eb6ee0b405a5759756426486,4.2943
5f80e1b868be57e4d50ae6bbeae78d77,3bb3e5caf47c7e92ed97227247e942a8,4.1601
5f80e1b868be57e4d50ae6bbeae78d77,00faa46f36261af8bbf3a4d37fa4841b,4.0281
5f80e1b868be57e4d50ae6bbeae78d77,d35d1fa56f3c5a2777f5542a84a085dd,3.2662
5f80e1b868be57e4d50ae6bbeae78d77,90b58782fdd04cb829667fcc41fb65f5,3.23
5f80e1b868be57e4d50ae6bbeae78d77,308e4e21ae228a10f6370a243ae59995,3.1223
5f80e1b868be57e4d50ae6bbeae78d77,3de0f67a3747dbf94f485e9f5843b02d,2.9269
5f80e1b868be57e4d50ae6bbeae78d77,12f749c76f15e9bf5743bebda92da24a,2.8127
5f80e1b868be57e4d50ae6bbeae78d77,dbb67791e405873b259e4656bf971246,2.469
5f80e1b868be57e4d50ae6bbeae78d77,c71bf92cf123eb294304073fc1751bf3,2.4467
5f84bc5493b64eacb5885015400870dd,8bb27b1d96be90b36b8d0c7f30931d52,3.6201
5f84bc5493b64eacb5885015400870dd,2e511b5741ab14e7f5294df6f1310b03,3.6132
5f84bc5493b64eacb5885015400870dd,a03e401d58a45187271718c5d7610422,3.3403
5f84bc5493b64eacb5885015400870dd,b68cf84ede4fd1e14b1740de5b727d55,3.0843
5f84bc5493b64eacb5885015400870dd,70906e04da1eebf3d1b8791bd09ffe85,3.018
5f84bc5493b64eacb5885015400870dd,61a4100ccd6d9c4c808a1fd954ddb8ad,2.9844
5f84bc5493b64eacb5885015400870dd,fe31b2791161c24e921f90788d443e1c,2.8665
5f84bc5493b64eacb5885015400870dd,3ed43e8f95f9801cd8099b6f73e07335,2.8052
5f84bc5493b64eacb5885015400870dd,596dd8bfc1289b4336ef857ffb960d47,2.8052
5f84bc5493b64eacb5885015400870dd,0b00b16606aeb46da3543bbabff4d6b3,2.7871
60a4bc62e8551d4e1b9322b9fae45bab,fe59a1e006df3ac42bf0ceb876d70969,2.7184
60a4bc62e8551d4e1b9322b9fae45bab,90b58782fdd04cb829667fcc41fb65f5,2.6645
60a4bc62e8551d4e1b9322b9fae45bab,308e4e21ae228a10f6370a243ae59995,2.5757
60a4bc62e8551d4e1b9322b9fae45bab,b68cf84ede4fd1e14b1740de5b727d55,2.5708
60a4bc62e8551d4e1b9322b9fae45bab,98a4301b1aacd45984603af55b7a1de4,2.4701
60a4bc62e8551d4e1b9322b9fae45bab,0fd55f5dee013f990c929cd3ad6bfee0,2.4493
60a4bc62e8551d4e1b9322b9fae45bab,a14aea6067b93158e956612c50b74cfa,2.3049
60a4bc62e8551d4e1b9322b9fae45bab,6d0a373c460a041c86167a92a5d3383e,2.1243
60a4bc62e8551d4e1b9322b9fae45bab,fd471a043ee8b8dd27f4086495e0724c,2.1243
60a4bc62e8551d4e1b9322b9fae45bab,a06766fec51c96d4d0bce282906735eb,2.0805
6120fada9a5891d3f9b94a57a17da892,8bb27b1d96be90b36b8d0c7f30931d52,3.263
6120fada9a5891d3f9b94a57a17da892,a03e401d58a45187271718c5d7610422,3.0108
6120fada9a5891d3f9b94a57a17da892,6b6b162b177d0f36987993aecbe1c65f,2.7519
6120fada9a5891d3f9b94a57a17da892,b8c2cf7e813b0eb7ec62f7459217b22c,2.588
6120fada9a5891d3f9b94a57a17da892,20531b0644a0719b8d506c4db3c56609,2.3771
6120fada9a5891d3f9b94a57a17da892,fe31b2791161c24e921f90788d443e1c,2.3614
6120fada9a5891d3f9b94a57a17da892,2e511b5741ab14e7f5294df6f1310b03,2.2175
6120fada9a5891d3f9b94a57a17da892,bb50f2e236e5eea0100680137654686c,2.161
6120fada9a5891d3f9b94a57a17da892,96ee9343533c399d245845830908f073,2.0909
6120fada9a5891d3f9b94a57a17da892,cc2de3090e4e70b255499285f2d72735,2.0796
615922c430abddd368735199c38e735d,fe59a1e006df3ac42bf0ceb876d70969,3.5136
615922c430abddd368735199c38e735d,b68cf84ede4fd1e14b1740de5b727d55,3.298
615922c430abddd368735199c38e735d,90b58782fdd04cb829667fcc41fb65f5,3.1565
615922c430abddd368735199c38e735d,308e4e21ae228a10f6370a243ae59995,3.0512
615922c430abddd368735199c38e735d,98a4301b1aacd45984603af55b7a1de4,2.9253
615922c430abddd368735199c38e735d,a14aea6067b93158e956612c50b74cfa,2.7772
615922c430abddd368735199c38e735d,8bb27b1d96be90b36b8d0c7f30931d52,2.6613
615922c430abddd368735199c38e735d,a7329b3e52d13627c92b24a745e70873,2.5487
615922c430abddd368735199c38e735d,6d0a373c460a041c86167a92a5d3383e,2.4753
615922c430abddd368735199c38e735d,fd471a043ee8b8dd27f4086495e0724c,2.4753
616ffe00f60a62eeabb276603a7971f8,90b58782fdd04cb829667fcc41fb65f5,4.3993
616ffe00f60a62eeabb276603a7971f8,308e4e21ae228a10f6370a243ae59995,4.2526
616ffe00f60a62eeabb276603a7971f8,fe59a1e006df3ac42bf0ceb876d70969,3.9204
616ffe00f60a62eeabb276603a7971f8,0fd55f5dee013f990c929cd3ad6bfee0,3.7347
616ffe00f60a62eeabb276603a7971f8,ad1280b6c5b1af7cfd97372249be66c9,3.652
616ffe00f60a62eeabb276603a7971f8,b68cf84ede4fd1e14b1740de5b727d55,3.5246
616ffe00f60a62eeabb276603a7971f8,98a4301b1aacd45984603af55b7a1de4,3.2386
616ffe00f60a62eeabb276603a7971f8,6cdd53843498f92890544667809f1595,3.024
616ffe00f60a62eeabb276603a7971f8,8bb27b1d96be90b36b8d0c7f30931d52,3.0116
616ffe00f60a62eeabb276603a7971f8,304104a478e3a605db6072a22e4ee228,2.8704
61ab612047aa649fa0919d8932839270,b8c2cf7e813b0eb7ec62f7459217b22c,3.9675
61ab612047aa649fa0919d8932839270,8bb27b1d96be90b36b8d0c7f30931d52,3.434
61ab612047aa649fa0919d8932839270,65f037a133d9ffc71164a5d69dee187e,3.4008
61ab612047aa649fa0919d8932839270,6b6b162b177d0f36987993aecbe1c65f,3.284
61ab612047aa649fa0919d8932839270,a03e401d58a45187271718c5d7610422,3.1686
61ab612047aa649fa0919d8932839270,fe59a1e006df3ac42bf0ceb876d70969,3.0993
61ab612047aa649fa0919d8932839270,41da75141264c3bde21ecea85a4cb8b7,2.874
61ab612047aa649fa0919d8932839270,2e511b5741ab14e7f5294df6f1310b03,2.652
61ab612047aa649fa0919d8932839270,9df7c1b358350fe845b77ee08c49600e,2.6337
61ab612047aa649fa0919d8932839270,01d40fca05c4227b987ee069be837b49,2.5962
6204c4e582a95b6a350adf6988623bfb,65f037a133d9ffc71164a5d69dee187e,3.708
6204c4e582a95b6a350adf6988623bfb,b8c2cf7e813b0eb7ec62f7459217b22c,3.5199
6204c4e582a95b6a350adf6988623bfb,51f3e4065d72846204cb4f46d8d241cf,3.5008
6204c4e582a95b6a350adf6988623bfb,ad1280b6c5b1af7cfd97372249be66c9,3.0762
6204c4e582a95b6a350adf6988623bfb,773a9c97b7435492ec93014cd43ecf77,2.5812
6204c4e582a95b6a350adf6988623bfb,fe59a1e006df3ac42bf0ceb876d70969,2.5754
6204c4e582a95b6a350adf6988623bfb,33e503f68fb60fe165ed992965f2c737,2.5446
6204c4e582a95b6a350adf6988623bfb,8bb27b1d96be90b36b8d0c7f30931d52,2.51
6204c4e582a95b6a350adf6988623bfb,399f54c06661d06ca45c6e24ed238e0e,2.494
6204c4e582a95b6a350adf6988623bfb,730d34d191892dd7c4fb157daade465e,2.3544
6222ef69df52b4ed71be551725551cc0,8bb27b1d96be90b36b8d0c7f30931d52,2.2978
6222ef69df52b4ed71be551725551cc0,a03e401d58a45187271718c5d7610422,2.1202
6222ef69df52b4ed71be551725551cc0,2e511b5741ab14e7f5294df6f1310b03,2.0891
6222ef69df52b4ed71be551725551cc0,b68cf84ede4fd1e14b1740de5b727d55,2.0836
6222ef69df52b4ed71be551725551cc0,fe31b2791161c24e921f90788d443e1c,2.04
6222ef69df52b4ed71be551725551cc0,fe59a1e006df3ac42bf0ceb876d70969,2.0031
6222ef69df52b4ed71be551725551cc0,ebc714d9f070a89f4d411982ea9670fb,1.9167
6222ef69df52b4ed71be551725551cc0,70906e04da1eebf3d1b8791bd09ffe85,1.745
6222ef69df52b4ed71be551725551cc0,b8c2cf7e813b0eb7ec62f7459217b22c,1.7162
6222ef69df52b4ed71be551725551cc0,ee918a5c4e95f273708c2582a5314325,1.6999
626cef1fe630cf273cd554e0d0f32c59,ebc714d9f070a89f4d411982ea9670fb,3.1121
626cef1fe630cf273cd554e0d0f32c59,a14aea6067b93158e956612c50b74cfa,3.0336
626cef1fe630cf273cd554e0d0f32c59,b68cf84ede4fd1e14b1740de5b727d55,2.9313
626cef1fe630cf273cd554e0d0f32c59,65f037a133d9ffc71164a5d69dee187e,2.8871
626cef1fe630cf273cd554e0d0f32c59,fe59a1e006df3ac42bf0ceb876d70969,2.8783
626cef1fe630cf273cd554e0d0f32c59,61a4100ccd6d9c4c808a1fd954ddb8ad,2.7902
626cef1fe630cf273cd554e0d0f32c59,730d34d191892dd7c4fb157daade465e,2.7598
626cef1fe630cf273cd554e0d0f32c59,dbb67791e405873b259e4656bf971246,2.7542
626cef1fe630cf273cd554e0d0f32c59,30d1842be9c62546d3fb853119602ac2,2.661
626cef1fe630cf273cd554e0d0f32c59,98a4301b1aacd45984603af55b7a1de4,2.4397
628ae8584a1c192e60498fb6983bfd9d,6e2a68aa94eb2a3b5b3499bf2314d544,4.2829
628ae8584a1c192e60498fb6983bfd9d,cc7e60cc41c667212b37102362120438,3.3342
628ae8584a1c192e60498fb6983bfd9d,55aefe286a63b5e07f42a63c10371020,3.0272
628ae8584a1c192e60498fb6983bfd9d,05431e0dd637e910dd67d7ad823e8437,2.8326
628ae8584a1c192e60498fb6983bfd9d,0573b564a90d2d9f9c460eb963da8c33,2.6829
628ae8584a1c192e60498fb6983bfd9d,c2a9f8aeb7a51580fccc2d1c4f8bceaf,2.5648
628ae8584a1c192e60498fb6983bfd9d,2e511b5741ab14e7f5294df6f1310b03,2.4582
628ae8584a1c192e60498fb6983bfd9d,57c9362442482cd2451f2eabf468e532,2.4352
628ae8584a1c192e60498fb6983bfd9d,e76a885142c73e17342e450b79b46d40,2.361
628ae8584a1c192e60498fb6983bfd9d,202d7062d09aa564dfd5aaa1aac775b6,2.3482
62faa9161d76613338c9216581e7ee1e,61937887eb6ee0b405a5759756426486,5.5831
62faa9161d76613338c9216581e7ee1e,00faa46f36261af8bbf3a4d37fa4841b,5.1823
62faa9161d76613338c9216581e7ee1e,3bb3e5caf47c7e92ed97227247e942a8,4.7571
62faa9161d76613338c9216581e7ee1e,d35d1fa56f3c5a2777f5542a84a085dd,4.5689
62faa9161d76613338c9216581e7ee1e,3de0f67a3747dbf94f485e9f5843b02d,3.8244
62faa9161d76613338c9216581e7ee1e,ee918a5c4e95f273708c2582a5314325,3.7447
62faa9161d76613338c9216581e7ee1e,90b58782fdd04cb829667fcc41fb65f5,3.5628
62faa9161d76613338c9216581e7ee1e,308e4e21ae228a10f6370a243ae59995,3.444
62faa9161d76613338c9216581e7ee1e,57c9362442482cd2451f2eabf468e532,3.4433
62faa9161d76613338c9216581e7ee1e,c71bf92cf123eb294304073fc1751bf3,3.4402
630331e73a79ae9a2ba821bd326ea298,d48bb8824fcf4720229d970fff608fda,2.1849
630331e73a79ae9a2ba821bd326ea298,20531b0644a0719b8d506c4db3c56609,2.0719
630331e73a79ae9a2ba821bd326ea298,90b58782fdd04cb829667fcc41fb65f5,1.9639
630331e73a79ae9a2ba821bd326ea298,0b00b16606aeb46da3543bbabff4d6b3,1.9259
630331e73a79ae9a2ba821bd326ea298,8bb27b1d96be90b36b8d0c7f30931d52,1.9016
630331e73a79ae9a2ba821bd326ea298,308e4e21ae228a10f6370a243ae59995,1.8984
630331e73a79ae9a2ba821bd326ea298,bc596794d92f7b9959fe0e7430354b52,1.7798
630331e73a79ae9a2ba821bd326ea298,a03e401d58a45187271718c5d7610422,1.7546
630331e73a79ae9a2ba821bd326ea298,d35d1fa56f3c5a2777f5542a84a085dd,1.6924
630331e73a79ae9a2ba821bd326ea298,cfe6e9c01d0bbb5df9a75f0e3286baa9,1.672
6358b15ef7fa9b1210f1a5735cabd3d9,57c9362442482cd2451f2eabf468e532,3.7341
6358b15ef7fa9b1210f1a5735cabd3d9,0b00b16606aeb46da3543bbabff4d6b3,3.4425
6358b15ef7fa9b1210f1a5735cabd3d9,ee918a5c4e95f273708c2582a5314325,3.3875
6358b15ef7fa9b1210f1a5735cabd3d9,61937887eb6ee0b405a5759756426486,3.3859
6358b15ef7fa9b1210f1a5735cabd3d9,20531b0644a0719b8d506c4db3c56609,3.1427
6358b15ef7fa9b1210f1a5735cabd3d9,d35d1fa56f3c5a2777f5542a84a085dd,3.0626
6358b15ef7fa9b1210f1a5735cabd3d9,00faa46f36261af8bbf3a4d37fa4841b,2.8611
6358b15ef7fa9b1210f1a5735cabd3d9,958cd4fc82ce0223c757f47bc9d67e23,2.8319
6358b15ef7fa9b1210f1a5735cabd3d9,61a4100ccd6d9c4c808a1fd954ddb8ad,2.8135
6358b15ef7fa9b1210f1a5735cabd3d9,3bb3e5caf47c7e92ed97227247e942a8,2.7826
63669b3731dcc014feec668c3d888aa0,ad1280b6c5b1af7cfd97372249be66c9,3.247
63669b3731dcc014feec668c3d888aa0,90b58782fdd04cb829667fcc41fb65f5,2.8736
63669b3731dcc014feec668c3d888aa0,308e4e21ae228a10f6370a243ae59995,2.7778
63669b3731dcc014feec668c3d888aa0,b8c2cf7e813b0eb7ec62f7459217b22c,2.759
63669b3731dcc014feec668c3d888aa0,6cdd53843498f92890544667809f1595,2.5763
63669b3731dcc014feec668c3d888aa0,00faa46f36261af8bbf3a4d37fa4841b,2.5111
63669b3731dcc014feec668c3d888aa0,6d8096ca93caea3416a6b24bf411bc86,2.5036
63669b3731dcc014feec668c3d888aa0,51f3e4065d72846204cb4f46d8d241cf,2.4679
63669b3731dcc014feec668c3d888aa0,0fd55f5dee013f990c929cd3ad6bfee0,2.3517
63669b3731dcc014feec668c3d888aa0,8bb27b1d96be90b36b8d0c7f30931d52,2.3189
63cfc61cee11cbe306bff5857d00bfe4,05431e0dd637e910dd67d7ad823e8437,4.3794
63cfc61cee11cbe306bff5857d00bfe4,6e2a68aa94eb2a3b5b3499bf2314d544,3.7741
63cfc61cee11cbe306bff5857d00bfe4,0b00b16606aeb46da3543bbabff4d6b3,3.3734
63cfc61cee11cbe306bff5857d00bfe4,108dfaacffadeceb87032609d340722c,3.3242
63cfc61cee11cbe306bff5857d00bfe4,cc7e60cc41c667212b37102362120438,3.1786
63cfc61cee11cbe306bff5857d00bfe4,4606f0b0bceceb75e7a887e6b57cae3e,3.0044
63cfc61cee11cbe306bff5857d00bfe4,4cda9d93b0a846dfdca597f1b1d19c08,2.9389
63cfc61cee11cbe306bff5857d00bfe4,c2a9f8aeb7a51580fccc2d1c4f8bceaf,2.9212
63cfc61cee11cbe306bff5857d00bfe4,3ed43e8f95f9801cd8099b6f73e07335,2.7329
63cfc61cee11cbe306bff5857d00bfe4,596dd8bfc1289b4336ef857ffb960d47,2.7329
6428403ac3b03984c38fd083fa1647b0,8bb27b1d96be90b36b8d0c7f30931d52,2.6316
6428403ac3b03984c38fd083fa1647b0,a03e401d58a45187271718c5d7610422,2.4282
6428403ac3b03984c38fd083fa1647b0,cb03e4f0503f45854e87afe535e0681d,2.4082
6428403ac3b03984c38fd083fa1647b0,b68cf84ede4fd1e14b1740de5b727d55,2.3324
6428403ac3b03984c38fd083fa1647b0,657247f6f60543b93e3cc708a8e6329c,1.7801
6428403ac3b03984c38fd083fa1647b0,db12039c7ff4e850d48e0312fa9b3473,1.7741
6428403ac3b03984c38fd083fa1647b0,90b58782fdd04cb829667fcc41fb65f5,1.7701
6428403ac3b03984c38fd083fa1647b0,7893c68e0a8b6e58a70390551e8a84d9,1.7506
6428403ac3b03984c38fd083fa1647b0,cfe6e9c01d0bbb5df9a75f0e3286baa9,1.7506
6428403ac3b03984c38fd083fa1647b0,20531b0644a0719b8d506c4db3c56609,1.7297
6457b2cb5462c1217e8e6d36b0ff39d2,fe59a1e006df3ac42bf0ceb876d70969,2.8348
6457b2cb5462c1217e8e6d36b0ff39d2,a14aea6067b93158e956612c50b74cfa,2.393
6457b2cb5462c1217e8e6d36b0ff39d2,b68cf84ede4fd1e14b1740de5b727d55,2.3839
6457b2cb5462c1217e8e6d36b0ff39d2,730d34d191892dd7c4fb157daade465e,2.1832
6457b2cb5462c1217e8e6d36b0ff39d2,c2a9f8aeb7a51580fccc2d1c4f8bceaf,2.1508
6457b2cb5462c1217e8e6d36b0ff39d2,30d1842be9c62546d3fb853119602ac2,2.105
6457b2cb5462c1217e8e6d36b0ff39d2,98a4301b1aacd45984603af55b7a1de4,2.0845
6457b2cb5462c1217e8e6d36b0ff39d2,cc7e60cc41c667212b37102362120438,1.976
6457b2cb5462c1217e8e6d36b0ff39d2,8bb27b1d96be90b36b8d0c7f30931d52,1.8586
6457b2cb5462c1217e8e6d36b0ff39d2,a06766fec51c96d4d0bce282906735eb,1.7558
6469f99c1f9dfae7733b25662e7f1782,65f037a133d9ffc71164a5d69dee187e,5.4085
6469f99c1f9dfae7733b25662e7f1782,b8c2cf7e813b0eb7ec62f7459217b22c,4.6396
6469f99c1f9dfae7733b25662e7f1782,51f3e4065d72846204cb4f46d8d241cf,4.2808
6469f99c1f9dfae7733b25662e7f1782,fe59a1e006df3ac42bf0ceb876d70969,4.0904
6469f99c1f9dfae7733b25662e7f1782,ad1280b6c5b1af7cfd97372249be66c9,3.7774
6469f99c1f9dfae7733b25662e7f1782,730d34d191892dd7c4fb157daade465e,3.6815
6469f99c1f9dfae7733b25662e7f1782,20531b0644a0719b8d506c4db3c56609,3.6582
6469f99c1f9dfae7733b25662e7f1782,399f54c06661d06ca45c6e24ed238e0e,3.6405
6469f99c1f9dfae7733b25662e7f1782,33e503f68fb60fe165ed992965f2c737,3.5848
6469f99c1f9dfae7733b25662e7f1782,6e741443e7a0707cb99e552dc844439a,3.5518
64eb50e030a9cfc25970028888990054,61a4100ccd6d9c4c808a1fd954ddb8ad,4.423
64eb50e030a9cfc25970028888990054,81de659bfde3389fc8614bfba92e585a,4.1922
64eb50e030a9cfc25970028888990054,b68cf84ede4fd1e14b1740de5b727d55,3.8133
64eb50e030a9cfc25970028888990054,dbb67791e405873b259e4656bf971246,3.7374
64eb50e030a9cfc25970028888990054,4638e41e1c53018897e12edbb2815807,3.6174
64eb50e030a9cfc25970028888990054,dc404a1496a08f9f5540c8b5d4b92925,3.5458
64eb50e030a9cfc25970028888990054,8370300e444c4394d3c3f878606a9601,3.4045
64eb50e030a9cfc25970028888990054,8bb27b1d96be90b36b8d0c7f30931d52,3.3443
64eb50e030a9cfc25970028888990054,d35d1fa56f3c5a2777f5542a84a085dd,3.3383
64eb50e030a9cfc25970028888990054,3bb3e5caf47c7e92ed97227247e942a8,3.1882
64fbafb2935c7a2588d6a26a9d750487,a14aea6067b93158e956612c50b74cfa,5.0958
64fbafb2935c7a2588d6a26a9d750487,98a4301b1aacd45984603af55b7a1de4,3.7285
64fbafb2935c7a2588d6a26a9d750487,fe59a1e006df3ac42bf0ceb876d70969,3.6556
64fbafb2935c7a2588d6a26a9d750487,1dd284c37ca97cbb86c029c65fb9a494,3.2743
64fbafb2935c7a2588d6a26a9d750487,c2a9f8aeb7a51580fccc2d1c4f8bceaf,3.1999
64fbafb2935c7a2588d6a26a9d750487,a06766fec51c96d4d0bce282906735eb,3.1405
64fbafb2935c7a2588d6a26a9d750487,730d34d191892dd7c4fb157daade465e,3.0798
64fbafb2935c7a2588d6a26a9d750487,b68cf84ede4fd1e14b1740de5b727d55,3.0539
64fbafb2935c7a2588d6a26a9d750487,d61d270aa0862b38a2eb6cb38c05f60d,3.0477
64fbafb2935c7a2588d6a26a9d750487,ebc714d9f070a89f4d411982ea9670fb,2.974
6521633c1bf78289ac3f83f40907a543,8bb27b1d96be90b36b8d0c7f30931d52,4.6038
6521633c1bf78289ac3f83f40907a543,a03e401d58a45187271718c5d7610422,4.248
6521633c1bf78289ac3f83f40907a543,b68cf84ede4fd1e14b1740de5b727d55,3.8277
6521633c1bf78289ac3f83f40907a543,90b58782fdd04cb829667fcc41fb65f5,3.3803
6521633c1bf78289ac3f83f40907a543,cc7e60cc41c667212b37102362120438,3.2979
6521633c1bf78289ac3f83f40907a543,0fd55f5dee013f990c929cd3ad6bfee0,3.2913
6521633c1bf78289ac3f83f40907a543,308e4e21ae228a10f6370a243ae59995,3.2676
6521633c1bf78289ac3f83f40907a543,61a4100ccd6d9c4c808a1fd954ddb8ad,3.1818
6521633c1bf78289ac3f83f40907a543,51f3e4065d72846204cb4f46d8d241cf,3.1741
6521633c1bf78289ac3f83f40907a543,596dd8bfc1289b4336ef857ffb960d47,3.0063
6576977872dd65f5b680e944afe3a724,ebc714d9f070a89f4d411982ea9670fb,3.009
6576977872dd65f5b680e944afe3a724,b68cf84ede4fd1e14b1740de5b727d55,2.9712
6576977872dd65f5b680e944afe3a724,a14aea6067b93158e956612c50b74cfa,2.8047
6576977872dd65f5b680e944afe3a724,fe59a1e006df3ac42bf0ceb876d70969,2.7962
6576977872dd65f5b680e944afe3a724,98a4301b1aacd45984603af55b7a1de4,2.7222
6576977872dd65f5b680e944afe3a724,8bb27b1d96be90b36b8d0c7f30931d52,2.3789
6576977872dd65f5b680e944afe3a724,a06766fec51c96d4d0bce282906735eb,2.2929
6576977872dd65f5b680e944afe3a724,a03e401d58a45187271718c5d7610422,2.195
6576977872dd65f5b680e944afe3a724,730d34d191892dd7c4fb157daade465e,2.0711
6576977872dd65f5b680e944afe3a724,1dd284c37ca97cbb86c029c65fb9a494,2.0467
664bec69be34f4c71e72ffc560680347,00faa46f36261af8bbf3a4d37fa4841b,3.212
664bec69be34f4c71e72ffc560680347,ee918a5c4e95f273708c2582a5314325,2.887
664bec69be34f4c71e72ffc560680347,f110a8fd4a8052d5717ce2adc2bb71d0,2.4517
664bec69be34f4c71e72ffc560680347,ebc714d9f070a89f4d411982ea9670fb,2.3453
664bec69be34f4c71e72ffc560680347,61937887eb6ee0b405a5759756426486,2.3101
664bec69be34f4c71e72ffc560680347,6d8096ca93caea3416a6b24bf411bc86,2.2467
664bec69be34f4c71e72ffc560680347,0de59eddc63167215c972b0d785ffa7b,2.0097
664bec69be34f4c71e72ffc560680347,8bb27b1d96be90b36b8d0c7f30931d52,1.8849
664bec69be34f4c71e72ffc560680347,90b58782fdd04cb829667fcc41fb65f5,1.8534
664bec69be34f4c71e72ffc560680347,0a56efd5f050d3f861a04c6f005d1128,1.8193
66e56177b9bf464a930e57edc3694403,b68cf84ede4fd1e14b1740de5b727d55,2.8433
66e56177b9bf464a930e57edc3694403,8bb27b1d96be90b36b8d0c7f30931d52,2.7009
66e56177b9bf464a930e57edc3694403,90b58782fdd04cb829667fcc41fb65f5,2.6129
66e56177b9bf464a930e57edc3694403,20531b0644a0719b8d506c4db3c56609,2.5863
66e56177b9bf464a930e57edc3694403,308e4e21ae228a10f6370a243ae59995,2.5258
66e56177b9bf464a930e57edc3694403,a03e401d58a45187271718c5d7610422,2.4922
66e56177b9bf464a930e57edc3694403,d35d1fa56f3c5a2777f5542a84a085dd,2.3562
66e56177b9bf464a930e57edc3694403,ee918a5c4e95f273708c2582a5314325,2.2201
66e56177b9bf464a930e57edc3694403,657247f6f60543b93e3cc708a8e6329c,2.1754
66e56177b9bf464a930e57edc3694403,7ad1818fa5f8a28faf8844aec3b3f540,2.1592
66f4eec9da64df09009a7f397c2a32b1,6e2a68aa94eb2a3b5b3499bf2314d544,4.3878
66f4eec9da64df09009a7f397c2a32b1,cc7e60cc41c667212b37102362120438,4.3491
66f4eec9da64df09009a7f397c2a32b1,c2a9f8aeb7a51580fccc2d1c4f8bceaf,4.2519
66f4eec9da64df09009a7f397c2a32b1,57c9362442482cd2451f2eabf468e532,3.8187
66f4eec9da64df09009a7f397c2a32b1,61a4100ccd6d9c4c808a1fd954ddb8ad,3.4673
66f4eec9da64df09009a7f397c2a32b1,4f4524396824b581a27a7dcebb2938b5,3.2827
66f4eec9da64df09009a7f397c2a32b1,0b00b16606aeb46da3543bbabff4d6b3,3.1655
66f4eec9da64df09009a7f397c2a32b1,2e511b5741ab14e7f5294df6f1310b03,3.1603
66f4eec9da64df09009a7f397c2a32b1,0573b564a90d2d9f9c460eb963da8c33,3.1509
66f4eec9da64df09009a7f397c2a32b1,55aefe286a63b5e07f42a63c10371020,3.1252
6814507660c72078cbada9b3660683dd,ebc714d9f070a89f4d411982ea9670fb,2.571
6814507660c72078cbada9b3660683dd,61a4100ccd6d9c4c808a1fd954ddb8ad,2.4821
6814507660c72078cbada9b3660683dd,b68cf84ede4fd1e14b1740de5b727d55,2.377
6814507660c72078cbada9b3660683dd,fe31b2791161c24e921f90788d443e1c,2.3531
6814507660c72078cbada9b3660683dd,39342c8e5e512bb1757779a3821a450f,2.3364
6814507660c72078cbada9b3660683dd,dbb67791e405873b259e4656bf971246,2.1845
6814507660c72078cbada9b3660683dd,4638e41e1c53018897e12edbb2815807,2.0805
6814507660c72078cbada9b3660683dd,81de659bfde3389fc8614bfba92e585a,2.0329
6814507660c72078cbada9b3660683dd,cc7e60cc41c667212b37102362120438,2.0276
6814507660c72078cbada9b3660683dd,82cff05560eae73466f8778690b037fa,1.817
692074726678229d1fe1887a9f0abb14,8bb27b1d96be90b36b8d0c7f30931d52,3.9608
692074726678229d1fe1887a9f0abb14,a03e401d58a45187271718c5d7610422,3.6547
692074726678229d1fe1887a9f0abb14,cc7e60cc41c667212b37102362120438,3.4075
692074726678229d1fe1887a9f0abb14,b68cf84ede4fd1e14b1740de5b727d55,3.3785
692074726678229d1fe1887a9f0abb14,0fd55f5dee013f990c929cd3ad6bfee0,3.0921
692074726678229d1fe1887a9f0abb14,0de59eddc63167215c972b0d785ffa7b,2.9279
692074726678229d1fe1887a9f0abb14,55aefe286a63b5e07f42a63c10371020,2.9093
692074726678229d1fe1887a9f0abb14,2e511b5741ab14e7f5294df6f1310b03,2.8593
692074726678229d1fe1887a9f0abb14,90b58782fdd04cb829667fcc41fb65f5,2.8583
692074726678229d1fe1887a9f0abb14,fe31b2791161c24e921f90788d443e1c,2.8377
69768afd389429f6ec48199e5fb8e61a,2e511b5741ab14e7f5294df6f1310b03,3.231
69768afd389429f6ec48199e5fb8e61a,41da75141264c3bde21ecea85a4cb8b7,3.1202
69768afd389429f6ec48199e5fb8e61a,a04cf12934a318be6550b1aeab938bf2,2.8846
69768afd389429f6ec48199e5fb8e61a,fe31b2791161c24e921f90788d443e1c,2.8764
69768afd389429f6ec48199e5fb8e61a,70906e04da1eebf3d1b8791bd09ffe85,2.6988
69768afd389429f6ec48199e5fb8e61a,429e7401fafb76436f15e86498bd7364,2.562
69768afd389429f6ec48199e5fb8e61a,79ccb1aca8fcf379a6ed2412fba0480e,2.4427
69768afd389429f6ec48199e5fb8e61a,ee918a5c4e95f273708c2582a5314325,2.3874
69768afd389429f6ec48199e5fb8e61a,7a5b821fca01c5a75fa33c06f249e0f5,2.378
69768afd389429f6ec48199e5fb8e61a,dcfe76be1e1036cb99e5d8bdc2a1b1c9,2.3533
69f7e342c28eb22ef6845facd926e810,8bb27b1d96be90b36b8d0c7f30931d52,3.7267
69f7e342c28eb22ef6845facd926e810,b68cf84ede4fd1e14b1740de5b727d55,3.6941
69f7e342c28eb22ef6845facd926e810,a03e401d58a45187271718c5d7610422,3.4387
69f7e342c28eb22ef6845facd926e810,cb03e4f0503f45854e87afe535e0681d,3.0712
69f7e342c28eb22ef6845facd926e810,51f3e4065d72846204cb4f46d8d241cf,2.6304
69f7e342c28eb22ef6845facd926e810,20531b0644a0719b8d506c4db3c56609,2.6203
69f7e342c28eb22ef6845facd926e810,db12039c7ff4e850d48e0312fa9b3473,2.5192
69f7e342c28eb22ef6845facd926e810,81de659bfde3389fc8614bfba92e585a,2.509
69f7e342c28eb22ef6845facd926e810,61a4100ccd6d9c4c808a1fd954ddb8ad,2.3934
69f7e342c28eb22ef6845facd926e810,d35d1fa56f3c5a2777f5542a84a085dd,2.3188
6a6a7141119ceaeca4dfbae7a580a515,4638e41e1c53018897e12edbb2815807,2.9034
6a6a7141119ceaeca4dfbae7a580a515,8bb27b1d96be90b36b8d0c7f30931d52,2.7915
6a6a7141119ceaeca4dfbae7a580a515,a03e401d58a45187271718c5d7610422,2.5758
6a6a7141119ceaeca4dfbae7a580a515,61a4100ccd6d9c4c808a1fd954ddb8ad,2.4154
6a6a7141119ceaeca4dfbae7a580a515,82cff05560eae73466f8778690b037fa,2.3793
6a6a7141119ceaeca4dfbae7a580a515,b68cf84ede4fd1e14b1740de5b727d55,2.3099
6a6a7141119ceaeca4dfbae7a580a515,81de659bfde3389fc8614bfba92e585a,2.2902
6a6a7141119ceaeca4dfbae7a580a515,51f3e4065d72846204cb4f46d8d241cf,2.2894
6a6a7141119ceaeca4dfbae7a580a515,cc88837a83ef7b7ea2bf724434a53ef3,2.1682
6a6a7141119ceaeca4dfbae7a580a515,2e511b5741ab14e7f5294df6f1310b03,2.0771
6a80a86f478a93a5f4c7ba8db6441a6b,90b58782fdd04cb829667fcc41fb65f5,3.3094
6a80a86f478a93a5f4c7ba8db6441a6b,308e4e21ae228a10f6370a243ae59995,3.199
6a80a86f478a93a5f4c7ba8db6441a6b,0fd55f5dee013f990c929cd3ad6bfee0,3.0263
6a80a86f478a93a5f4c7ba8db6441a6b,ad1280b6c5b1af7cfd97372249be66c9,2.7636
6a80a86f478a93a5f4c7ba8db6441a6b,fe59a1e006df3ac42bf0ceb876d70969,2.6635
6a80a86f478a93a5f4c7ba8db6441a6b,6cdd53843498f92890544667809f1595,2.6356
6a80a86f478a93a5f4c7ba8db6441a6b,98a4301b1aacd45984603af55b7a1de4,2.5543
6a80a86f478a93a5f4c7ba8db6441a6b,b68cf84ede4fd1e14b1740de5b727d55,2.3623
6a80a86f478a93a5f4c7ba8db6441a6b,304104a478e3a605db6072a22e4ee228,2.326
6a80a86f478a93a5f4c7ba8db6441a6b,fd471a043ee8b8dd27f4086495e0724c,2.2277
6a9e15d6fa8ce1cabf193c21aa577f64,65f037a133d9ffc71164a5d69dee187e,3.9178
6a9e15d6fa8ce1cabf193c21aa577f64,b8c2cf7e813b0eb7ec62f7459217b22c,3.3239
6a9e15d6fa8ce1cabf193c21aa577f64,51f3e4065d72846204cb4f46d8d241cf,2.8611
6a9e15d6fa8ce1cabf193c21aa577f64,fe59a1e006df3ac42bf0ceb876d70969,2.6497
6a9e15d6fa8ce1cabf193c21aa577f64,8bb27b1d96be90b36b8d0c7f30931d52,2.4522
6a9e15d6fa8ce1cabf193c21aa577f64,33e503f68fb60fe165ed992965f2c737,2.2701
6a9e15d6fa8ce1cabf193c21aa577f64,a03e401d58a45187271718c5d7610422,2.2627
6a9e15d6fa8ce1cabf193c21aa577f64,20531b0644a0719b8d506c4db3c56609,2.222
6a9e15d6fa8ce1cabf193c21aa577f64,6b6b162b177d0f36987993aecbe1c65f,2.199
6a9e15d6fa8ce1cabf193c21aa577f64,399f54c06661d06ca45c6e24ed238e0e,2.102
6abd878bb355f29f91678a8c7512da0d,ee918a5c4e95f273708c2582a5314325,4.7896
6abd878bb355f29f91678a8c7512da0d,00faa46f36261af8bbf3a4d37fa4841b,4.2222
6abd878bb355f29f91678a8c7512da0d,0a56efd5f050d3f861a04c6f005d1128,3.4326
6abd878bb355f29f91678a8c7512da0d,f110a8fd4a8052d5717ce2adc2bb71d0,3.3366
6abd878bb355f29f91678a8c7512da0d,61937887eb6ee0b405a5759756426486,3.2115
6abd878bb355f29f91678a8c7512da0d,ebc714d9f070a89f4d411982ea9670fb,3.0179
6abd878bb355f29f91678a8c7512da0d,20531b0644a0719b8d506c4db3c56609,2.8347
6abd878bb355f29f91678a8c7512da0d,0b00b16606aeb46da3543bbabff4d6b3,2.7642
6abd878bb355f29f91678a8c7512da0d,773a9c97b7435492ec93014cd43ecf77,2.716
6abd878bb355f29f91678a8c7512da0d,2480fca3af4f5221cf3596c257be308b,2.6155
6ad46014a4203440c38e3dbf7aedf51c,ad1280b6c5b1af7cfd97372249be66c9,3.573
6ad46014a4203440c38e3dbf7aedf51c,b8c2cf7e813b0eb7ec62f7459217b22c,3.3294
6ad46014a4203440c38e3dbf7aedf51c,51f3e4065d72846204cb4f46d8d241cf,3.3261
6ad46014a4203440c38e3dbf7aedf51c,65f037a133d9ffc71164a5d69dee187e,3.1373
6ad46014a4203440c38e3dbf7aedf51c,8bb27b1d96be90b36b8d0c7f30931d52,2.7726
6ad46014a4203440c38e3dbf7aedf51c,fe59a1e006df3ac42bf0ceb876d70969,2.6834
6ad46014a4203440c38e3dbf7aedf51c,a03e401d58a45187271718c5d7610422,2.5584
6ad46014a4203440c38e3dbf7aedf51c,90b58782fdd04cb829667fcc41fb65f5,2.4846
6ad46014a4203440c38e3dbf7aedf51c,308e4e21ae228a10f6370a243ae59995,2.4017
6ad46014a4203440c38e3dbf7aedf51c,6cdd53843498f92890544667809f1595,2.3818
6b7c6ef4d91a0cadb24d7f1df90158fe,ee918a5c4e95f273708c2582a5314325,3.1342
6b7c6ef4d91a0cadb24d7f1df90158fe,00faa46f36261af8bbf3a4d37fa4841b,2.7241
6b7c6ef4d91a0cadb24d7f1df90158fe,ebc714d9f070a89f4d411982ea9670fb,2.5877
6b7c6ef4d91a0cadb24d7f1df90158fe,57c9362442482cd2451f2eabf468e532,2.4951
6b7c6ef4d91a0cadb24d7f1df90158fe,f110a8fd4a8052d5717ce2adc2bb71d0,2.4129
6b7c6ef4d91a0cadb24d7f1df90158fe,61937887eb6ee0b405a5759756426486,2.3834
6b7c6ef4d91a0cadb24d7f1df90158fe,fe31b2791161c24e921f90788d443e1c,2.3762
6b7c6ef4d91a0cadb24d7f1df90158fe,cc7e60cc41c667212b37102362120438,2.3062
6b7c6ef4d91a0cadb24d7f1df90158fe,8bb27b1d96be90b36b8d0c7f30931d52,2.2177
6b7c6ef4d91a0cadb24d7f1df90158fe,0b00b16606aeb46da3543bbabff4d6b3,2.2052
6b8941cebbb590b81f8fb7aeb5acf048,ad1280b6c5b1af7cfd97372249be66c9,3.0
6b8941cebbb590b81f8fb7aeb5acf048,90b58782fdd04cb829667fcc41fb65f5,2.7346
6b8941cebbb590b81f8fb7aeb5acf048,308e4e21ae228a10f6370a243ae59995,2.6434
6b8941cebbb590b81f8fb7aeb5acf048,b8c2cf7e813b0eb7ec62f7459217b22c,2.5671
6b8941cebbb590b81f8fb7aeb5acf048,fe59a1e006df3ac42bf0ceb876d70969,2.3312
6b8941cebbb590b81f8fb7aeb5acf048,51f3e4065d72846204cb4f46d8d241cf,2.2087
6b8941cebbb590b81f8fb7aeb5acf048,6cdd53843498f92890544667809f1595,2.1816
6b8941cebbb590b81f8fb7aeb5acf048,8bb27b1d96be90b36b8d0c7f30931d52,2.1697
6b8941cebbb590b81f8fb7aeb5acf048,0fd55f5dee013f990c929cd3ad6bfee0,2.0965
6b8941cebbb590b81f8fb7aeb5acf048,a03e401d58a45187271718c5d7610422,2.002
6ba5b2dcb81470882212da717a171539,00faa46f36261af8bbf3a4d37fa4841b,3.2017
6ba5b2dcb81470882212da717a171539,ee918a5c4e95f273708c2582a5314325,2.9012
6ba5b2dcb81470882212da717a171539,f110a8fd4a8052d5717ce2adc2bb71d0,2.4431
6ba5b2dcb81470882212da717a171539,ebc714d9f070a89f4d411982ea9670fb,2.3359
6ba5b2dcb81470882212da717a171539,61937887eb6ee0b405a5759756426486,2.3
6ba5b2dcb81470882212da717a171539,6d8096ca93caea3416a6b24bf411bc86,2.2461
6ba5b2dcb81470882212da717a171539,0de59eddc63167215c972b0d785ffa7b,2.0132
6ba5b2dcb81470882212da717a171539,8bb27b1d96be90b36b8d0c7f30931d52,1.9105
6ba5b2dcb81470882212da717a171539,90b58782fdd04cb829667fcc41fb65f5,1.8733
6ba5b2dcb81470882212da717a171539,0a56efd5f050d3f861a04c6f005d1128,1.82
6bb535b0906b43e0041916897667aeed,0b00b16606aeb46da3543bbabff4d6b3,5.6815
6bb535b0906b43e0041916897667aeed,57c9362442482cd2451f2eabf468e532,5.4191
6bb535b0906b43e0041916897667aeed,2e511b5741ab14e7f5294df6f1310b03,4.5787
6bb535b0906b43e0041916897667aeed,05431e0dd637e910dd67d7ad823e8437,4.2351
6bb535b0906b43e0041916897667aeed,958cd4fc82ce0223c757f47bc9d67e23,4.1098
6bb535b0906b43e0041916897667aeed,bbf76ccd9b620fb13136c95bc5adb5da,4.0236
6bb535b0906b43e0041916897667aeed,20531b0644a0719b8d506c4db3c56609,3.998
6bb535b0906b43e0041916897667aeed,70906e04da1eebf3d1b8791bd09ffe85,3.8245
6bb535b0906b43e0041916897667aeed,cc7e60cc41c667212b37102362120438,3.6961
6bb535b0906b43e0041916897667aeed,61a4100ccd6d9c4c808a1fd954ddb8ad,3.5009
6be28ae15cd1e7b3f3f36ac483512822,8bb27b1d96be90b36b8d0c7f30931d52,4.6334
6be28ae15cd1e7b3f3f36ac483512822,a03e401d58a45187271718c5d7610422,4.2753
6be28ae15cd1e7b3f3f36ac483512822,b68cf84ede4fd1e14b1740de5b727d55,4.062
6be28ae15cd1e7b3f3f36ac483512822,90b58782fdd04cb829667fcc41fb65f5,3.7193
6be28ae15cd1e7b3f3f36ac483512822,308e4e21ae228a10f6370a243ae59995,3.5953
6be28ae15cd1e7b3f3f36ac483512822,51f3e4065d72846204cb4f46d8d241cf,3.2455
6be28ae15cd1e7b3f3f36ac483512822,fe59a1e006df3ac42bf0ceb876d70969,3.1549
6be28ae15cd1e7b3f3f36ac483512822,b8c2cf7e813b0eb7ec62f7459217b22c,3.0635
6be28ae15cd1e7b3f3f36ac483512822,0fd55f5dee013f990c929cd3ad6bfee0,2.9726
6be28ae15cd1e7b3f3f36ac483512822,ebc714d9f070a89f4d411982ea9670fb,2.8102
6bf558c1aae5004b6a410c3294c5e119,8bb27b1d96be90b36b8d0c7f30931d52,3.4309
6bf558c1aae5004b6a410c3294c5e119,61a4100ccd6d9c4c808a1fd954ddb8ad,3.1943
6bf558c1aae5004b6a410c3294c5e119,a03e401d58a45187271718c5d7610422,3.1658
6bf558c1aae5004b6a410c3294c5e119,51f3e4065d72846204cb4f46d8d241cf,3.0484
6bf558c1aae5004b6a410c3294c5e119,fe31b2791161c24e921f90788d443e1c,2.9291
6bf558c1aae5004b6a410c3294c5e119,ebc714d9f070a89f4d411982ea9670fb,2.8849
6bf558c1aae5004b6a410c3294c5e119,b68cf84ede4fd1e14b1740de5b727d55,2.7819
6bf558c1aae5004b6a410c3294c5e119,2e511b5741ab14e7f5294df6f1310b03,2.6439
6bf558c1aae5004b6a410c3294c5e119,4638e41e1c53018897e12edbb2815807,2.5652
6bf558c1aae5004b6a410c3294c5e119,81de659bfde3389fc8614bfba92e585a,2.4469
6c69905245a109e523848de29386e0ff,61a4100ccd6d9c4c808a1fd954ddb8ad,4.16
6c69905245a109e523848de29386e0ff,81de659bfde3389fc8614bfba92e585a,3.9434
6c69905245a109e523848de29386e0ff,d35d1fa56f3c5a2777f5542a84a085dd,3.9032
6c69905245a109e523848de29386e0ff,61937887eb6ee0b405a5759756426486,3.8514
6c69905245a109e523848de29386e0ff,b68cf84ede4fd1e14b1740de5b727d55,3.6196
6c69905245a109e523848de29386e0ff,8bb27b1d96be90b36b8d0c7f30931d52,3.5466
6c69905245a109e523848de29386e0ff,dc404a1496a08f9f5540c8b5d4b92925,3.48
6c69905245a109e523848de29386e0ff,8370300e444c4394d3c3f878606a9601,3.4642
6c69905245a109e523848de29386e0ff,3bb3e5caf47c7e92ed97227247e942a8,3.3904
6c69905245a109e523848de29386e0ff,dbb67791e405873b259e4656bf971246,3.3784
6c722fdc0ca8a586dcfa980f2f1278eb,65f037a133d9ffc71164a5d69dee187e,3.2319
6c722fdc0ca8a586dcfa980f2f1278eb,20531b0644a0719b8d506c4db3c56609,2.8899
6c722fdc0ca8a586dcfa980f2f1278eb,57c9362442482cd2451f2eabf468e532,2.8534
6c722fdc0ca8a586dcfa980f2f1278eb,6e741443e7a0707cb99e552dc844439a,2.7839
6c722fdc0ca8a586dcfa980f2f1278eb,bb50f2e236e5eea0100680137654686c,2.6568
6c722fdc0ca8a586dcfa980f2f1278eb,cc7e60cc41c667212b37102362120438,2.6105
6c722fdc0ca8a586dcfa980f2f1278eb,fe31b2791161c24e921f90788d443e1c,2.5055
6c722fdc0ca8a586dcfa980f2f1278eb,a7329b3e52d13627c92b24a745e70873,2.4027
6c722fdc0ca8a586dcfa980f2f1278eb,c2a9f8aeb7a51580fccc2d1c4f8bceaf,2.3386
6c722fdc0ca8a586dcfa980f2f1278eb,d04e48982547095af81c231c3d581cb6,2.236
6cde5e3f4698cf57292f0096633a516e,61937887eb6ee0b405a5759756426486,2.9385
6cde5e3f4698cf57292f0096633a516e,00faa46f36261af8bbf3a4d37fa4841b,2.7929
6cde5e3f4698cf57292f0096633a516e,90b58782fdd04cb829667fcc41fb65f5,2.7369
6cde5e3f4698cf57292f0096633a516e,ebc714d9f070a89f4d411982ea9670fb,2.6948
6cde5e3f4698cf57292f0096633a516e,308e4e21ae228a10f6370a243ae59995,2.6456
6cde5e3f4698cf57292f0096633a516e,b68cf84ede4fd1e14b1740de5b727d55,2.6353
6cde5e3f4698cf57292f0096633a516e,fe31b2791161c24e921f90788d443e1c,2.558
6cde5e3f4698cf57292f0096633a516e,fe59a1e006df3ac42bf0ceb876d70969,2.5519
6cde5e3f4698cf57292f0096633a516e,0de59eddc63167215c972b0d785ffa7b,2.5434
6cde5e3f4698cf57292f0096633a516e,8bb27b1d96be90b36b8d0c7f30931d52,2.4729
6d3d5771a12f5e7d00729f940bb28fd2,61a4100ccd6d9c4c808a1fd954ddb8ad,3.7509
6d3d5771a12f5e7d00729f940bb28fd2,3ed43e8f95f9801cd8099b6f73e07335,3.2431
6d3d5771a12f5e7d00729f940bb28fd2,596dd8bfc1289b4336ef857ffb960d47,3.2431
6d3d5771a12f5e7d00729f940bb28fd2,cc7e60cc41c667212b37102362120438,2.9455
6d3d5771a12f5e7d00729f940bb28fd2,2e511b5741ab14e7f5294df6f1310b03,2.771
6d3d5771a12f5e7d00729f940bb28fd2,451482edc91f59c001a5a3a0e4d594bf,2.6294
6d3d5771a12f5e7d00729f940bb28fd2,597d26435e8ef77bb0fcd26f6c07d486,2.6253
6d3d5771a12f5e7d00729f940bb28fd2,0b00b16606aeb46da3543bbabff4d6b3,2.6249
6d3d5771a12f5e7d00729f940bb28fd2,57c9362442482cd2451f2eabf468e532,2.5957
6d3d5771a12f5e7d00729f940bb28fd2,b9e88d457e276521ccb0b226f2f8f18f,2.5935
6d983c87bdeb0ca15734c8bdaa79a2ea,65f037a133d9ffc71164a5d69dee187e,4.5595
6d983c87bdeb0ca15734c8bdaa79a2ea,51f3e4065d72846204cb4f46d8d241cf,3.5393
6d983c87bdeb0ca15734c8bdaa79a2ea,3bb3e5caf47c7e92ed97227247e942a8,3.066
6d983c87bdeb0ca15734c8bdaa79a2ea,ad1280b6c5b1af7cfd97372249be66c9,2.9332
6d983c87bdeb0ca15734c8bdaa79a2ea,20531b0644a0719b8d506c4db3c56609,2.9079
6d983c87bdeb0ca15734c8bdaa79a2ea,b8c2cf7e813b0eb7ec62f7459217b22c,2.7711
6d983c87bdeb0ca15734c8bdaa79a2ea,eb53f94fdc60278efcef123bb275658a,2.6987
6d983c87bdeb0ca15734c8bdaa79a2ea,3de0f67a3747dbf94f485e9f5843b02d,2.612
6d983c87bdeb0ca15734c8bdaa79a2ea,90b58782fdd04cb829667fcc41fb65f5,2.5966
6d983c87bdeb0ca15734c8bdaa79a2ea,d35d1fa56f3c5a2777f5542a84a085dd,2.5798
6ebb1ed7033f7f9f97270661d5660b6f,0b00b16606aeb46da3543bbabff4d6b3,2.8337
6ebb1ed7033f7f9f97270661d5660b6f,05431e0dd637e910dd67d7ad823e8437,2.8258
6ebb1ed7033f7f9f97270661d5660b6f,57c9362442482cd2451f2eabf468e532,2.811
6ebb1ed7033f7f9f97270661d5660b6f,61a4100ccd6d9c4c808a1fd954ddb8ad,2.7001
6ebb1ed7033f7f9f97270661d5660b6f,cc7e60cc41c667212b37102362120438,2.3839
6ebb1ed7033f7f9f97270661d5660b6f,6e2a68aa94eb2a3b5b3499bf2314d544,2.3398
6ebb1ed7033f7f9f97270661d5660b6f,2e511b5741ab14e7f5294df6f1310b03,2.1443
6ebb1ed7033f7f9f97270661d5660b6f,958cd4fc82ce0223c757f47bc9d67e23,2.1319
6ebb1ed7033f7f9f97270661d5660b6f,3ed43e8f95f9801cd8099b6f73e07335,2.0893
6ebb1ed7033f7f9f97270661d5660b6f,596dd8bfc1289b4336ef857ffb960d47,2.0893
6eefa309faab7725bf4b9dce147e4ae6,ee918a5c4e95f273708c2582a5314325,2.6005
6eefa309faab7725bf4b9dce147e4ae6,05431e0dd637e910dd67d7ad823e8437,2.518
6eefa309faab7725bf4b9dce147e4ae6,0b00b16606aeb46da3543bbabff4d6b3,2.4516
6eefa309faab7725bf4b9dce147e4ae6,2e511b5741ab14e7f5294df6f1310b03,2.4323
6eefa309faab7725bf4b9dce147e4ae6,6e2a68aa94eb2a3b5b3499bf2314d544,2.0541
6eefa309faab7725bf4b9dce147e4ae6,70906e04da1eebf3d1b8791bd09ffe85,2.0317
6eefa309faab7725bf4b9dce147e4ae6,57c9362442482cd2451f2eabf468e532,2.0112
6eefa309faab7725bf4b9dce147e4ae6,cc7e60cc41c667212b37102362120438,1.9117
6eefa309faab7725bf4b9dce147e4ae6,4606f0b0bceceb75e7a887e6b57cae3e,1.8559
6eefa309faab7725bf4b9dce147e4ae6,2a33c8929309d51853186bd18ff3e3f2,1.8535
6efb7dc38e85a310c7e72b291d947fcf,4638e41e1c53018897e12edbb2815807,3.2747
6efb7dc38e85a310c7e72b291d947fcf,82cff05560eae73466f8778690b037fa,2.8176
6efb7dc38e85a310c7e72b291d947fcf,3ed43e8f95f9801cd8099b6f73e07335,2.6588
6efb7dc38e85a310c7e72b291d947fcf,596dd8bfc1289b4336ef857ffb960d47,2.6588
6efb7dc38e85a310c7e72b291d947fcf,61a4100ccd6d9c4c808a1fd954ddb8ad,2.5884
6efb7dc38e85a310c7e72b291d947fcf,39342c8e5e512bb1757779a3821a450f,2.5506
6efb7dc38e85a310c7e72b291d947fcf,81de659bfde3389fc8614bfba92e585a,2.4184
6efb7dc38e85a310c7e72b291d947fcf,8bb27b1d96be90b36b8d0c7f30931d52,2.4056
6efb7dc38e85a310c7e72b291d947fcf,cb03e4f0503f45854e87afe535e0681d,2.3254
6efb7dc38e85a310c7e72b291d947fcf,51f3e4065d72846204cb4f46d8d241cf,2.3099
70457f5d80967f5f4083e0cde7e89ab6,65f037a133d9ffc71164a5d69dee187e,4.2953
70457f5d80967f5f4083e0cde7e89ab6,51f3e4065d72846204cb4f46d8d241cf,4.1907
70457f5d80967f5f4083e0cde7e89ab6,61a4100ccd6d9c4c808a1fd954ddb8ad,3.9439
70457f5d80967f5f4083e0cde7e89ab6,b68cf84ede4fd1e14b1740de5b727d55,3.7104
70457f5d80967f5f4083e0cde7e89ab6,8bb27b1d96be90b36b8d0c7f30931d52,3.5534
70457f5d80967f5f4083e0cde7e89ab6,20531b0644a0719b8d506c4db3c56609,3.4953
70457f5d80967f5f4083e0cde7e89ab6,a03e401d58a45187271718c5d7610422,3.2788
70457f5d80967f5f4083e0cde7e89ab6,81de659bfde3389fc8614bfba92e585a,3.1905
70457f5d80967f5f4083e0cde7e89ab6,dbb67791e405873b259e4656bf971246,3.1187
70457f5d80967f5f4083e0cde7e89ab6,d35d1fa56f3c5a2777f5542a84a085dd,2.984
7063b55fee699193fd5e44253a7e4a98,fe31b2791161c24e921f90788d443e1c,4.1645
7063b55fee699193fd5e44253a7e4a98,ee918a5c4e95f273708c2582a5314325,3.8306
7063b55fee699193fd5e44253a7e4a98,ebc714d9f070a89f4d411982ea9670fb,3.71
7063b55fee699193fd5e44253a7e4a98,2e511b5741ab14e7f5294df6f1310b03,3.5726
7063b55fee699193fd5e44253a7e4a98,00faa46f36261af8bbf3a4d37fa4841b,3.4897
7063b55fee699193fd5e44253a7e4a98,8bb27b1d96be90b36b8d0c7f30931d52,3.4649
7063b55fee699193fd5e44253a7e4a98,79ccb1aca8fcf379a6ed2412fba0480e,3.4269
7063b55fee699193fd5e44253a7e4a98,a03e401d58a45187271718c5d7610422,3.1971
7063b55fee699193fd5e44253a7e4a98,7a5b821fca01c5a75fa33c06f249e0f5,3.1442
7063b55fee699193fd5e44253a7e4a98,0de59eddc63167215c972b0d785ffa7b,3.034
70ad91901ad4330af432978ff134fc6f,fe59a1e006df3ac42bf0ceb876d70969,4.7354
70ad91901ad4330af432978ff134fc6f,98a4301b1aacd45984603af55b7a1de4,4.364
70ad91901ad4330af432978ff134fc6f,a14aea6067b93158e956612c50b74cfa,4.3573
70ad91901ad4330af432978ff134fc6f,a06766fec51c96d4d0bce282906735eb,3.6757
70ad91901ad4330af432978ff134fc6f,b68cf84ede4fd1e14b1740de5b727d55,3.4949
70ad91901ad4330af432978ff134fc6f,730d34d191892dd7c4fb157daade465e,3.0228
70ad91901ad4330af432978ff134fc6f,ebc714d9f070a89f4d411982ea9670fb,2.9521
70ad91901ad4330af432978ff134fc6f,30d1842be9c62546d3fb853119602ac2,2.9146
70ad91901ad4330af432978ff134fc6f,c2a9f8aeb7a51580fccc2d1c4f8bceaf,2.8584
70ad91901ad4330af432978ff134fc6f,1dd284c37ca97cbb86c029c65fb9a494,2.7998
719b758d12e3c1f243c66bf47b488be1,d35d1fa56f3c5a2777f5542a84a085dd,3.1177
719b758d12e3c1f243c66bf47b488be1,b68cf84ede4fd1e14b1740de5b727d55,2.9927
719b758d12e3c1f243c66bf47b488be1,20531b0644a0719b8d506c4db3c56609,2.9435
719b758d12e3c1f243c66bf47b488be1,61937887eb6ee0b405a5759756426486,2.6584
719b758d12e3c1f243c66bf47b488be1,90b58782fdd04cb829667fcc41fb65f5,2.6362
719b758d12e3c1f243c66bf47b488be1,308e4e21ae228a10f6370a243ae59995,2.5482
719b758d12e3c1f243c66bf47b488be1,6d0a373c460a041c86167a92a5d3383e,2.4324
719b758d12e3c1f243c66bf47b488be1,fd471a043ee8b8dd27f4086495e0724c,2.4324
719b758d12e3c1f243c66bf47b488be1,a7329b3e52d13627c92b24a745e70873,2.3574
719b758d12e3c1f243c66bf47b488be1,c71bf92cf123eb294304073fc1751bf3,2.3454
71d5717dc6973d501c8f2c7858196833,b68cf84ede4fd1e14b1740de5b727d55,3.4761
71d5717dc6973d501c8f2c7858196833,61a4100ccd6d9c4c808a1fd954ddb8ad,3.469
71d5717dc6973d501c8f2c7858196833,dbb67791e405873b259e4656bf971246,3.3859
71d5717dc6973d501c8f2c7858196833,3bb3e5caf47c7e92ed97227247e942a8,3.2961
71d5717dc6973d501c8f2c7858196833,4638e41e1c53018897e12edbb2815807,3.1305
71d5717dc6973d501c8f2c7858196833,8bb27b1d96be90b36b8d0c7f30931d52,3.0693
71d5717dc6973d501c8f2c7858196833,81de659bfde3389fc8614bfba92e585a,2.9831
71d5717dc6973d501c8f2c7858196833,90b58782fdd04cb829667fcc41fb65f5,2.955
71d5717dc6973d501c8f2c7858196833,61937887eb6ee0b405a5759756426486,2.8975
71d5717dc6973d501c8f2c7858196833,308e4e21ae228a10f6370a243ae59995,2.8565
71fd4b8ba810c0b2bcddcebf0fbd159c,c2a9f8aeb7a51580fccc2d1c4f8bceaf,3.1139
71fd4b8ba810c0b2bcddcebf0fbd159c,cc7e60cc41c667212b37102362120438,2.85
71fd4b8ba810c0b2bcddcebf0fbd159c,05431e0dd637e910dd67d7ad823e8437,2.8429
71fd4b8ba810c0b2bcddcebf0fbd159c,ee918a5c4e95f273708c2582a5314325,2.8414
71fd4b8ba810c0b2bcddcebf0fbd159c,f110a8fd4a8052d5717ce2adc2bb71d0,2.7709
71fd4b8ba810c0b2bcddcebf0fbd159c,4606f0b0bceceb75e7a887e6b57cae3e,2.7077
71fd4b8ba810c0b2bcddcebf0fbd159c,6e2a68aa94eb2a3b5b3499bf2314d544,2.45
71fd4b8ba810c0b2bcddcebf0fbd159c,ebc714d9f070a89f4d411982ea9670fb,2.2732
71fd4b8ba810c0b2bcddcebf0fbd159c,3ed43e8f95f9801cd8099b6f73e07335,2.2731
71fd4b8ba810c0b2bcddcebf0fbd159c,596dd8bfc1289b4336ef857ffb960d47,2.2731
72061fff095d8325b311ea24e2f4a2b5,6e2a68aa94eb2a3b5b3499bf2314d544,4.0232
72061fff095d8325b311ea24e2f4a2b5,55aefe286a63b5e07f42a63c10371020,2.9845
72061fff095d8325b311ea24e2f4a2b5,0573b564a90d2d9f9c460eb963da8c33,2.8485
72061fff095d8325b311ea24e2f4a2b5,cc7e60cc41c667212b37102362120438,2.6971
72061fff095d8325b311ea24e2f4a2b5,e76a885142c73e17342e450b79b46d40,2.5068
72061fff095d8325b311ea24e2f4a2b5,202d7062d09aa564dfd5aaa1aac775b6,2.25
72061fff095d8325b311ea24e2f4a2b5,fe31b2791161c24e921f90788d443e1c,2.2149
72061fff095d8325b311ea24e2f4a2b5,023a60ac6b3484afe23d788ce2444df0,2.1718
72061fff095d8325b311ea24e2f4a2b5,c2a9f8aeb7a51580fccc2d1c4f8bceaf,2.1238
72061fff095d8325b311ea24e2f4a2b5,8c90d88939a7bce735c315d9d8cd5274,2.08
721cd98006f87bb6fb104f620fc0979c,b68cf84ede4fd1e14b1740de5b727d55,2.7283
721cd98006f87bb6fb104f620fc0979c,ebc714d9f070a89f4d411982ea9670fb,2.3863
721cd98006f87bb6fb104f620fc0979c,a7329b3e52d13627c92b24a745e70873,2.3747
721cd98006f87bb6fb104f620fc0979c,8bb27b1d96be90b36b8d0c7f30931d52,2.2278
721cd98006f87bb6fb104f620fc0979c,20531b0644a0719b8d506c4db3c56609,2.1419
721cd98006f87bb6fb104f620fc0979c,a03e401d58a45187271718c5d7610422,2.0556
721cd98006f87bb6fb104f620fc0979c,fe59a1e006df3ac42bf0ceb876d70969,2.0556
721cd98006f87bb6fb104f620fc0979c,a14aea6067b93158e956612c50b74cfa,1.9096
721cd98006f87bb6fb104f620fc0979c,bb50f2e236e5eea0100680137654686c,1.9055
721cd98006f87bb6fb104f620fc0979c,f110a8fd4a8052d5717ce2adc2bb71d0,1.8953
7274ae148f7c9ce03c8bad60e976ed24,55aefe286a63b5e07f42a63c10371020,4.2255
7274ae148f7c9ce03c8bad60e976ed24,6e2a68aa94eb2a3b5b3499bf2314d544,4.1749
7274ae148f7c9ce03c8bad60e976ed24,8bb27b1d96be90b36b8d0c7f30931d52,3.8255
7274ae148f7c9ce03c8bad60e976ed24,05431e0dd637e910dd67d7ad823e8437,3.7122
7274ae148f7c9ce03c8bad60e976ed24,cc7e60cc41c667212b37102362120438,3.6105
7274ae148f7c9ce03c8bad60e976ed24,0fd55f5dee013f990c929cd3ad6bfee0,3.61
7274ae148f7c9ce03c8bad60e976ed24,b07499163c612b591ce1621452672e69,3.5892
7274ae148f7c9ce03c8bad60e976ed24,a03e401d58a45187271718c5d7610422,3.5299
7274ae148f7c9ce03c8bad60e976ed24,0de59eddc63167215c972b0d785ffa7b,3.2325
7274ae148f7c9ce03c8bad60e976ed24,ee918a5c4e95f273708c2582a5314325,3.1184
728e4a7d0db4845270091ded0923c71f,0fd55f5dee013f990c929cd3ad6bfee0,2.2318
728e4a7d0db4845270091ded0923c71f,90b58782fdd04cb829667fcc41fb65f5,2.105
728e4a7d0db4845270091ded0923c71f,ad1280b6c5b1af7cfd97372249be66c9,2.0719
728e4a7d0db4845270091ded0923c71f,308e4e21ae228a10f6370a243ae59995,2.0348
728e4a7d0db4845270091ded0923c71f,fe59a1e006df3ac42bf0ceb876d70969,1.8622
728e4a7d0db4845270091ded0923c71f,6cdd53843498f92890544667809f1595,1.8527
728e4a7d0db4845270091ded0923c71f,98a4301b1aacd45984603af55b7a1de4,1.84
728e4a7d0db4845270091ded0923c71f,304104a478e3a605db6072a22e4ee228,1.7153
728e4a7d0db4845270091ded0923c71f,05431e0dd637e910dd67d7ad823e8437,1.6186
728e4a7d0db4845270091ded0923c71f,cc7e60cc41c667212b37102362120438,1.6031
7305430719d715992b00be82af4a6aa8,90b58782fdd04cb829667fcc41fb65f5,4.5621
7305430719d715992b00be82af4a6aa8,308e4e21ae228a10f6370a243ae59995,4.41
7305430719d715992b00be82af4a6aa8,b68cf84ede4fd1e14b1740de5b727d55,3.3552
7305430719d715992b00be82af4a6aa8,8bb27b1d96be90b36b8d0c7f30931d52,3.3233
7305430719d715992b00be82af4a6aa8,61937887eb6ee0b405a5759756426486,3.1634
7305430719d715992b00be82af4a6aa8,a03e401d58a45187271718c5d7610422,3.0665
7305430719d715992b00be82af4a6aa8,fe59a1e006df3ac42bf0ceb876d70969,3.0519
7305430719d715992b00be82af4a6aa8,6d0a373c460a041c86167a92a5d3383e,3.013
7305430719d715992b00be82af4a6aa8,fd471a043ee8b8dd27f4086495e0724c,3.013
7305430719d715992b00be82af4a6aa8,0fd55f5dee013f990c929cd3ad6bfee0,3.0048
7318e930c076a8a743b9aaa5de67ac78,b68cf84ede4fd1e14b1740de5b727d55,4.0003
7318e930c076a8a743b9aaa5de67ac78,8bb27b1d96be90b36b8d0c7f30931d52,3.8105
7318e930c076a8a743b9aaa5de67ac78,fe59a1e006df3ac42bf0ceb876d70969,3.5193
7318e930c076a8a743b9aaa5de67ac78,a03e401d58a45187271718c5d7610422,3.516
7318e930c076a8a743b9aaa5de67ac78,90b58782fdd04cb829667fcc41fb65f5,3.3269
7318e930c076a8a743b9aaa5de67ac78,ebc714d9f070a89f4d411982ea9670fb,3.2219
7318e930c076a8a743b9aaa5de67ac78,308e4e21ae228a10f6370a243ae59995,3.216
7318e930c076a8a743b9aaa5de67ac78,51f3e4065d72846204cb4f46d8d241cf,2.9996
7318e930c076a8a743b9aaa5de67ac78,20531b0644a0719b8d506c4db3c56609,2.9554
7318e930c076a8a743b9aaa5de67ac78,b8c2cf7e813b0eb7ec62f7459217b22c,2.9536
731ea3afd190908a9cbed04f42aa51e2,8bb27b1d96be90b36b8d0c7f30931d52,3.8996
731ea3afd190908a9cbed04f42aa51e2,cc7e60cc41c667212b37102362120438,3.7426
731ea3afd190908a9cbed04f42aa51e2,a03e401d58a45187271718c5d7610422,3.5983
731ea3afd190908a9cbed04f42aa51e2,61a4100ccd6d9c4c808a1fd954ddb8ad,3.2933
731ea3afd190908a9cbed04f42aa51e2,b68cf84ede4fd1e14b1740de5b727d55,3.2774
731ea3afd190908a9cbed04f42aa51e2,3ed43e8f95f9801cd8099b6f73e07335,3.2351
731ea3afd190908a9cbed04f42aa51e2,596dd8bfc1289b4336ef857ffb960d47,3.2351
731ea3afd190908a9cbed04f42aa51e2,2e511b5741ab14e7f5294df6f1310b03,3.0898
731ea3afd190908a9cbed04f42aa51e2,0fd55f5dee013f990c929cd3ad6bfee0,3.0878
731ea3afd190908a9cbed04f42aa51e2,05431e0dd637e910dd67d7ad823e8437,3.0421
732d307839b02bc2d3a4c26b515ea2b9,b68cf84ede4fd1e14b1740de5b727d55,3.0055
732d307839b02bc2d3a4c26b515ea2b9,ebc714d9f070a89f4d411982ea9670fb,2.9459
732d307839b02bc2d3a4c26b515ea2b9,730d34d191892dd7c4fb157daade465e,2.9264
732d307839b02bc2d3a4c26b515ea2b9,30d1842be9c62546d3fb853119602ac2,2.8216
732d307839b02bc2d3a4c26b515ea2b9,51f3e4065d72846204cb4f46d8d241cf,2.6634
732d307839b02bc2d3a4c26b515ea2b9,61a4100ccd6d9c4c808a1fd954ddb8ad,2.5405
732d307839b02bc2d3a4c26b515ea2b9,fe59a1e006df3ac42bf0ceb876d70969,2.4308
732d307839b02bc2d3a4c26b515ea2b9,a14aea6067b93158e956612c50b74cfa,2.4038
732d307839b02bc2d3a4c26b515ea2b9,dbb67791e405873b259e4656bf971246,2.1574
732d307839b02bc2d3a4c26b515ea2b9,596dd8bfc1289b4336ef857ffb960d47,2.1274
733ded559c53387c72f8c64bb36ad447,20531b0644a0719b8d506c4db3c56609,2.9569
733ded559c53387c72f8c64bb36ad447,b68cf84ede4fd1e14b1740de5b727d55,2.6817
733ded559c53387c72f8c64bb36ad447,8bb27b1d96be90b36b8d0c7f30931d52,2.5897
733ded559c53387c72f8c64bb36ad447,fe59a1e006df3ac42bf0ceb876d70969,2.5849
733ded559c53387c72f8c64bb36ad447,90b58782fdd04cb829667fcc41fb65f5,2.4017
733ded559c53387c72f8c64bb36ad447,a03e401d58a45187271718c5d7610422,2.3895
733ded559c53387c72f8c64bb36ad447,308e4e21ae228a10f6370a243ae59995,2.3216
733ded559c53387c72f8c64bb36ad447,57c9362442482cd2451f2eabf468e532,2.2459
733ded559c53387c72f8c64bb36ad447,65f037a133d9ffc71164a5d69dee187e,2.2307
733ded559c53387c72f8c64bb36ad447,b8c2cf7e813b0eb7ec62f7459217b22c,2.2142
7379b57a7a2b9aa2741a1c564138b99a,cc7e60cc41c667212b37102362120438,3.5911
7379b57a7a2b9aa2741a1c564138b99a,6e2a68aa94eb2a3b5b3499bf2314d544,3.4838
7379b57a7a2b9aa2741a1c564138b99a,c2a9f8aeb7a51580fccc2d1c4f8bceaf,3.3787
7379b57a7a2b9aa2741a1c564138b99a,05431e0dd637e910dd67d7ad823e8437,3.1306
7379b57a7a2b9aa2741a1c564138b99a,2e511b5741ab14e7f5294df6f1310b03,2.8155
7379b57a7a2b9aa2741a1c564138b99a,0b00b16606aeb46da3543bbabff4d6b3,2.7576
7379b57a7a2b9aa2741a1c564138b99a,57c9362442482cd2451f2eabf468e532,2.5559
7379b57a7a2b9aa2741a1c564138b99a,4606f0b0bceceb75e7a887e6b57cae3e,2.5391
7379b57a7a2b9aa2741a1c564138b99a,3ed43e8f95f9801cd8099b6f73e07335,2.502
7379b57a7a2b9aa2741a1c564138b99a,596dd8bfc1289b4336ef857ffb960d47,2.502
738ffcf1017b584e9d2684b36e07469c,90b58782fdd04cb829667fcc41fb65f5,3.848
738ffcf1017b584e9d2684b36e07469c,308e4e21ae228a10f6370a243ae59995,3.7197
738ffcf1017b584e9d2684b36e07469c,ad1280b6c5b1af7cfd97372249be66c9,3.442
738ffcf1017b584e9d2684b36e07469c,8bb27b1d96be90b36b8d0c7f30931d52,3.3651
738ffcf1017b584e9d2684b36e07469c,b8c2cf7e813b0eb7ec62f7459217b22c,3.2872
738ffcf1017b584e9d2684b36e07469c,2e511b5741ab14e7f5294df6f1310b03,3.1457
738ffcf1017b584e9d2684b36e07469c,a03e401d58a45187271718c5d7610422,3.105
738ffcf1017b584e9d2684b36e07469c,b5adf7b72a7eb667aafd446581c35f3f,2.9973
738ffcf1017b584e9d2684b36e07469c,05805f52cdeb93d7684f871e599f0078,2.9965
738ffcf1017b584e9d2684b36e07469c,0de59eddc63167215c972b0d785ffa7b,2.9201
7462a753a77ed093330660f7003064c7,cc7e60cc41c667212b37102362120438,3.1862
7462a753a77ed093330660f7003064c7,6e741443e7a0707cb99e552dc844439a,3.1166
7462a753a77ed093330660f7003064c7,6e2a68aa94eb2a3b5b3499bf2314d544,2.8832
7462a753a77ed093330660f7003064c7,c2a9f8aeb7a51580fccc2d1c4f8bceaf,2.7156
7462a753a77ed093330660f7003064c7,a7329b3e52d13627c92b24a745e70873,2.5857
7462a753a77ed093330660f7003064c7,ebc714d9f070a89f4d411982ea9670fb,2.5008
7462a753a77ed093330660f7003064c7,bb50f2e236e5eea0100680137654686c,2.4828
7462a753a77ed093330660f7003064c7,730d34d191892dd7c4fb157daade465e,2.449
7462a753a77ed093330660f7003064c7,82254d93b897fde054504b15f8fe923c,2.3857
7462a753a77ed093330660f7003064c7,0573b564a90d2d9f9c460eb963da8c33,2.3723
74cb1ad7e6d5674325c1f99b5ea30d82,d35d1fa56f3c5a2777f5542a84a085dd,3.2702
74cb1ad7e6d5674325c1f99b5ea30d82,20531b0644a0719b8d506c4db3c56609,3.1926
74cb1ad7e6d5674325c1f99b5ea30d82,b68cf84ede4fd1e14b1740de5b727d55,3.1189
74cb1ad7e6d5674325c1f99b5ea30d82,a7329b3e52d13627c92b24a745e70873,2.5876
74cb1ad7e6d5674325c1f99b5ea30d82,90b58782fdd04cb829667fcc41fb65f5,2.4365
74cb1ad7e6d5674325c1f99b5ea30d82,6d0a373c460a041c86167a92a5d3383e,2.4212
74cb1ad7e6d5674325c1f99b5ea30d82,fd471a043ee8b8dd27f4086495e0724c,2.4212
74cb1ad7e6d5674325c1f99b5ea30d82,308e4e21ae228a10f6370a243ae59995,2.3552
74cb1ad7e6d5674325c1f99b5ea30d82,62b07aff118f62756ee579afeedc3eb0,2.3448
74cb1ad7e6d5674325c1f99b5ea30d82,57c9362442482cd2451f2eabf468e532,2.3393
7588c20c457369de8caad958afc1cc06,0b00b16606aeb46da3543bbabff4d6b3,3.3561
7588c20c457369de8caad958afc1cc06,57c9362442482cd2451f2eabf468e532,3.3496
7588c20c457369de8caad958afc1cc06,61a4100ccd6d9c4c808a1fd954ddb8ad,3.239
7588c20c457369de8caad958afc1cc06,05431e0dd637e910dd67d7ad823e8437,3.0668
7588c20c457369de8caad958afc1cc06,cc7e60cc41c667212b37102362120438,2.8016
7588c20c457369de8caad958afc1cc06,6e2a68aa94eb2a3b5b3499bf2314d544,2.6429
7588c20c457369de8caad958afc1cc06,958cd4fc82ce0223c757f47bc9d67e23,2.5403
7588c20c457369de8caad958afc1cc06,20531b0644a0719b8d506c4db3c56609,2.5385
7588c20c457369de8caad958afc1cc06,2e511b5741ab14e7f5294df6f1310b03,2.4627
7588c20c457369de8caad958afc1cc06,596dd8bfc1289b4336ef857ffb960d47,2.4559
7589544c08cc5de364cad85ee73f4b63,8bb27b1d96be90b36b8d0c7f30931d52,3.1307
7589544c08cc5de364cad85ee73f4b63,b68cf84ede4fd1e14b1740de5b727d55,3.059
7589544c08cc5de364cad85ee73f4b63,ebc714d9f070a89f4d411982ea9670fb,2.917
7589544c08cc5de364cad85ee73f4b63,a03e401d58a45187271718c5d7610422,2.8887
7589544c08cc5de364cad85ee73f4b63,00faa46f36261af8bbf3a4d37fa4841b,2.6799
7589544c08cc5de364cad85ee73f4b63,90b58782fdd04cb829667fcc41fb65f5,2.5331
7589544c08cc5de364cad85ee73f4b63,61937887eb6ee0b405a5759756426486,2.5173
7589544c08cc5de364cad85ee73f4b63,fe31b2791161c24e921f90788d443e1c,2.498
7589544c08cc5de364cad85ee73f4b63,61a4100ccd6d9c4c808a1fd954ddb8ad,2.4551
7589544c08cc5de364cad85ee73f4b63,308e4e21ae228a10f6370a243ae59995,2.4487
75a2adfe9f86d401f24b5fe2eb9a582c,8bb27b1d96be90b36b8d0c7f30931d52,3.7416
75a2adfe9f86d401f24b5fe2eb9a582c,a03e401d58a45187271718c5d7610422,3.4524
75a2adfe9f86d401f24b5fe2eb9a582c,20531b0644a0719b8d506c4db3c56609,2.92
75a2adfe9f86d401f24b5fe2eb9a582c,b68cf84ede4fd1e14b1740de5b727d55,2.8719
75a2adfe9f86d401f24b5fe2eb9a582c,cc7e60cc41c667212b37102362120438,2.8436
75a2adfe9f86d401f24b5fe2eb9a582c,57c9362442482cd2451f2eabf468e532,2.7042
75a2adfe9f86d401f24b5fe2eb9a582c,fe31b2791161c24e921f90788d443e1c,2.6572
75a2adfe9f86d401f24b5fe2eb9a582c,2e511b5741ab14e7f5294df6f1310b03,2.6312
75a2adfe9f86d401f24b5fe2eb9a582c,0b00b16606aeb46da3543bbabff4d6b3,2.6113
75a2adfe9f86d401f24b5fe2eb9a582c,ee918a5c4e95f273708c2582a5314325,2.5147
76a0491dd70c125840fa259f00dfc351,ebc714d9f070a89f4d411982ea9670fb,3.9974
76a0491dd70c125840fa259f00dfc351,00faa46f36261af8bbf3a4d37fa4841b,3.2808
76a0491dd70c125840fa259f00dfc351,51f3e4065d72846204cb4f46d8d241cf,2.9365
76a0491dd70c125840fa259f00dfc351,f110a8fd4a8052d5717ce2adc2bb71d0,2.8468
76a0491dd70c125840fa259f00dfc351,ee918a5c4e95f273708c2582a5314325,2.8189
76a0491dd70c125840fa259f00dfc351,8bb27b1d96be90b36b8d0c7f30931d52,2.6102
76a0491dd70c125840fa259f00dfc351,fe31b2791161c24e921f90788d443e1c,2.5119
76a0491dd70c125840fa259f00dfc351,a03e401d58a45187271718c5d7610422,2.4085
76a0491dd70c125840fa259f00dfc351,b8c2cf7e813b0eb7ec62f7459217b22c,2.321
76a0491dd70c125840fa259f00dfc351,0de59eddc63167215c972b0d785ffa7b,2.2732
76b61cd27ca2933a2bd2669762fb229a,90b58782fdd04cb829667fcc41fb65f5,3.1692
76b61cd27ca2933a2bd2669762fb229a,308e4e21ae228a10f6370a243ae59995,3.0635
76b61cd27ca2933a2bd2669762fb229a,b68cf84ede4fd1e14b1740de5b727d55,2.5002
76b61cd27ca2933a2bd2669762fb229a,8bb27b1d96be90b36b8d0c7f30931d52,2.4321
76b61cd27ca2933a2bd2669762fb229a,fe59a1e006df3ac42bf0ceb876d70969,2.3634
76b61cd27ca2933a2bd2669762fb229a,0fd55f5dee013f990c929cd3ad6bfee0,2.3225
76b61cd27ca2933a2bd2669762fb229a,ad1280b6c5b1af7cfd97372249be66c9,2.2591
76b61cd27ca2933a2bd2669762fb229a,a03e401d58a45187271718c5d7610422,2.2441
76b61cd27ca2933a2bd2669762fb229a,3bb3e5caf47c7e92ed97227247e942a8,2.2331
76b61cd27ca2933a2bd2669762fb229a,57c9362442482cd2451f2eabf468e532,2.1856
772c4d116b85873c6d1b797314b70c4c,f110a8fd4a8052d5717ce2adc2bb71d0,3.4054
772c4d116b85873c6d1b797314b70c4c,ebc714d9f070a89f4d411982ea9670fb,3.2505
772c4d116b85873c6d1b797314b70c4c,00faa46f36261af8bbf3a4d37fa4841b,3.2219
772c4d116b85873c6d1b797314b70c4c,a14aea6067b93158e956612c50b74cfa,2.5553
772c4d116b85873c6d1b797314b70c4c,ee918a5c4e95f273708c2582a5314325,2.5032
772c4d116b85873c6d1b797314b70c4c,fc831da5307b1a3e23ed0259a2b6b2a1,2.2798
772c4d116b85873c6d1b797314b70c4c,1dd284c37ca97cbb86c029c65fb9a494,2.2772
772c4d116b85873c6d1b797314b70c4c,47b8c79d616369fd222f0bb68ea0293b,2.2006
772c4d116b85873c6d1b797314b70c4c,6d8096ca93caea3416a6b24bf411bc86,2.1508
772c4d116b85873c6d1b797314b70c4c,61937887eb6ee0b405a5759756426486,2.1346
7779fdf670bfe673e064b9aa5447674e,3bb3e5caf47c7e92ed97227247e942a8,3.9464
7779fdf670bfe673e064b9aa5447674e,d35d1fa56f3c5a2777f5542a84a085dd,3.4456
7779fdf670bfe673e064b9aa5447674e,57c9362442482cd2451f2eabf468e532,3.2117
7779fdf670bfe673e064b9aa5447674e,61937887eb6ee0b405a5759756426486,3.0988
7779fdf670bfe673e064b9aa5447674e,65f037a133d9ffc71164a5d69dee187e,2.7629
7779fdf670bfe673e064b9aa5447674e,12f749c76f15e9bf5743bebda92da24a,2.7166
7779fdf670bfe673e064b9aa5447674e,eb53f94fdc60278efcef123bb275658a,2.6541
7779fdf670bfe673e064b9aa5447674e,20531b0644a0719b8d506c4db3c56609,2.5839
7779fdf670bfe673e064b9aa5447674e,a04cf12934a318be6550b1aeab938bf2,2.5267
7779fdf670bfe673e064b9aa5447674e,3de0f67a3747dbf94f485e9f5843b02d,2.5064
778d0dd58a6a32641db8c481e48ab473,90b58782fdd04cb829667fcc41fb65f5,3.4689
778d0dd58a6a32641db8c481e48ab473,8bb27b1d96be90b36b8d0c7f30931d52,3.3813
778d0dd58a6a32641db8c481e48ab473,308e4e21ae228a10f6370a243ae59995,3.3532
778d0dd58a6a32641db8c481e48ab473,a03e401d58a45187271718c5d7610422,3.12
778d0dd58a6a32641db8c481e48ab473,b8c2cf7e813b0eb7ec62f7459217b22c,2.6747
778d0dd58a6a32641db8c481e48ab473,ad1280b6c5b1af7cfd97372249be66c9,2.6736
778d0dd58a6a32641db8c481e48ab473,2e511b5741ab14e7f5294df6f1310b03,2.6525
778d0dd58a6a32641db8c481e48ab473,eb53f94fdc60278efcef123bb275658a,2.5864
778d0dd58a6a32641db8c481e48ab473,b68cf84ede4fd1e14b1740de5b727d55,2.5425
778d0dd58a6a32641db8c481e48ab473,fe31b2791161c24e921f90788d443e1c,2.4167
7849336c1b7785f258ffef06aedbd216,f110a8fd4a8052d5717ce2adc2bb71d0,4.7197
7849336c1b7785f258ffef06aedbd216,ebc714d9f070a89f4d411982ea9670fb,4.2767
7849336c1b7785f258ffef06aedbd216,00faa46f36261af8bbf3a4d37fa4841b,4.2628
7849336c1b7785f258ffef06aedbd216,ee918a5c4e95f273708c2582a5314325,4.1038
7849336c1b7785f258ffef06aedbd216,fc831da5307b1a3e23ed0259a2b6b2a1,3.048
7849336c1b7785f258ffef06aedbd216,47b8c79d616369fd222f0bb68ea0293b,2.8874
7849336c1b7785f258ffef06aedbd216,1dd284c37ca97cbb86c029c65fb9a494,2.7349
7849336c1b7785f258ffef06aedbd216,6d8096ca93caea3416a6b24bf411bc86,2.7339
7849336c1b7785f258ffef06aedbd216,e6fc61fe224249bd106fec6e1751a586,2.7099
7849336c1b7785f258ffef06aedbd216,a14aea6067b93158e956612c50b74cfa,2.7092
788a2f679187362222b67dfe89da6c1a,8bb27b1d96be90b36b8d0c7f30931d52,3.0516
788a2f679187362222b67dfe89da6c1a,b68cf84ede4fd1e14b1740de5b727d55,2.8317
788a2f679187362222b67dfe89da6c1a,a03e401d58a45187271718c5d7610422,2.8157
788a2f679187362222b67dfe89da6c1a,61937887eb6ee0b405a5759756426486,2.7583
788a2f679187362222b67dfe89da6c1a,90b58782fdd04cb829667fcc41fb65f5,2.5991
788a2f679187362222b67dfe89da6c1a,00faa46f36261af8bbf3a4d37fa4841b,2.5348
788a2f679187362222b67dfe89da6c1a,308e4e21ae228a10f6370a243ae59995,2.5124
788a2f679187362222b67dfe89da6c1a,d35d1fa56f3c5a2777f5542a84a085dd,2.4096
788a2f679187362222b67dfe89da6c1a,61a4100ccd6d9c4c808a1fd954ddb8ad,2.3917
788a2f679187362222b67dfe89da6c1a,20531b0644a0719b8d506c4db3c56609,2.2607
78b5cbc4b9ad61445b6609593addca37,ebc714d9f070a89f4d411982ea9670fb,3.3882
78b5cbc4b9ad61445b6609593addca37,00faa46f36261af8bbf3a4d37fa4841b,3.2323
78b5cbc4b9ad61445b6609593addca37,fe31b2791161c24e921f90788d443e1c,2.823
78b5cbc4b9ad61445b6609593addca37,ee918a5c4e95f273708c2582a5314325,2.816
78b5cbc4b9ad61445b6609593addca37,86332b1229c41aeb4ab9d85472de3ed9,2.732
78b5cbc4b9ad61445b6609593addca37,55aefe286a63b5e07f42a63c10371020,2.6765
78b5cbc4b9ad61445b6609593addca37,e11092e9722d1b6f8c18cd8947a1daff,2.5877
78b5cbc4b9ad61445b6609593addca37,1ba4e3fe92f16fd5a8942f7b7d804b52,2.5877
78b5cbc4b9ad61445b6609593addca37,b6ada73818651fe7e64be10653062ea2,2.5877
78b5cbc4b9ad61445b6609593addca37,bf44071ef18f5c9ded039681c68b1996,2.5877
78c5bae602d6d120f6f4ed4acbd46284,00faa46f36261af8bbf3a4d37fa4841b,4.3353
78c5bae602d6d120f6f4ed4acbd46284,ee918a5c4e95f273708c2582a5314325,3.3582
78c5bae602d6d120f6f4ed4acbd46284,61937887eb6ee0b405a5759756426486,3.0353
78c5bae602d6d120f6f4ed4acbd46284,f110a8fd4a8052d5717ce2adc2bb71d0,2.8169
78c5bae602d6d120f6f4ed4acbd46284,ebc714d9f070a89f4d411982ea9670fb,2.3987
78c5bae602d6d120f6f4ed4acbd46284,63094ac128b54dd72d511043411df079,2.1676
78c5bae602d6d120f6f4ed4acbd46284,0a56efd5f050d3f861a04c6f005d1128,2.1308
78c5bae602d6d120f6f4ed4acbd46284,d787ebe896a3557db778d1fadf16ad85,2.1214
78c5bae602d6d120f6f4ed4acbd46284,e6fc61fe224249bd106fec6e1751a586,2.0741
78c5bae602d6d120f6f4ed4acbd46284,65baa03ed325a23536e96fd66b3244c8,2.0739
7907a8922cbf4d1a8e69be57757e2812,fe31b2791161c24e921f90788d443e1c,2.9717
7907a8922cbf4d1a8e69be57757e2812,6b6b162b177d0f36987993aecbe1c65f,2.4776
7907a8922cbf4d1a8e69be57757e2812,ee918a5c4e95f273708c2582a5314325,2.4607
7907a8922cbf4d1a8e69be57757e2812,2e511b5741ab14e7f5294df6f1310b03,2.4288
7907a8922cbf4d1a8e69be57757e2812,0de59eddc63167215c972b0d785ffa7b,2.2787
7907a8922cbf4d1a8e69be57757e2812,41da75141264c3bde21ecea85a4cb8b7,2.2568
7907a8922cbf4d1a8e69be57757e2812,e11092e9722d1b6f8c18cd8947a1daff,2.242
7907a8922cbf4d1a8e69be57757e2812,1ba4e3fe92f16fd5a8942f7b7d804b52,2.242
7907a8922cbf4d1a8e69be57757e2812,b6ada73818651fe7e64be10653062ea2,2.242
7907a8922cbf4d1a8e69be57757e2812,bf44071ef18f5c9ded039681c68b1996,2.242
7959ffbef5378bff095bae2150070250,8bb27b1d96be90b36b8d0c7f30931d52,3.4876
7959ffbef5378bff095bae2150070250,a03e401d58a45187271718c5d7610422,3.2181
7959ffbef5378bff095bae2150070250,b68cf84ede4fd1e14b1740de5b727d55,3.1977
7959ffbef5378bff095bae2150070250,90b58782fdd04cb829667fcc41fb65f5,2.9727
7959ffbef5378bff095bae2150070250,ebc714d9f070a89f4d411982ea9670fb,2.9134
7959ffbef5378bff095bae2150070250,308e4e21ae228a10f6370a243ae59995,2.8735
7959ffbef5378bff095bae2150070250,00faa46f36261af8bbf3a4d37fa4841b,2.7916
7959ffbef5378bff095bae2150070250,61937887eb6ee0b405a5759756426486,2.7536
7959ffbef5378bff095bae2150070250,0de59eddc63167215c972b0d785ffa7b,2.574
7959ffbef5378bff095bae2150070250,ee918a5c4e95f273708c2582a5314325,2.5067
795c1622cf7a53d63d324e862349d01c,57c9362442482cd2451f2eabf468e532,3.7059
795c1622cf7a53d63d324e862349d01c,2e511b5741ab14e7f5294df6f1310b03,3.688
795c1622cf7a53d63d324e862349d01c,61937887eb6ee0b405a5759756426486,3.1844
795c1622cf7a53d63d324e862349d01c,0b00b16606aeb46da3543bbabff4d6b3,3.1723
795c1622cf7a53d63d324e862349d01c,90b58782fdd04cb829667fcc41fb65f5,3.1586
795c1622cf7a53d63d324e862349d01c,70906e04da1eebf3d1b8791bd09ffe85,3.0805
795c1622cf7a53d63d324e862349d01c,3bb3e5caf47c7e92ed97227247e942a8,3.0738
795c1622cf7a53d63d324e862349d01c,308e4e21ae228a10f6370a243ae59995,3.0533
795c1622cf7a53d63d324e862349d01c,fe31b2791161c24e921f90788d443e1c,2.9612
795c1622cf7a53d63d324e862349d01c,a04cf12934a318be6550b1aeab938bf2,2.8773
79f227df52caf2b68d36e990ff3fc652,8bb27b1d96be90b36b8d0c7f30931d52,4.1046
79f227df52caf2b68d36e990ff3fc652,90b58782fdd04cb829667fcc41fb65f5,3.8739
79f227df52caf2b68d36e990ff3fc652,a03e401d58a45187271718c5d7610422,3.7873
79f227df52caf2b68d36e990ff3fc652,308e4e21ae228a10f6370a243ae59995,3.7447
79f227df52caf2b68d36e990ff3fc652,b68cf84ede4fd1e14b1740de5b727d55,3.6403
79f227df52caf2b68d36e990ff3fc652,fe59a1e006df3ac42bf0ceb876d70969,2.9292
79f227df52caf2b68d36e990ff3fc652,b8c2cf7e813b0eb7ec62f7459217b22c,2.7922
79f227df52caf2b68d36e990ff3fc652,20531b0644a0719b8d506c4db3c56609,2.7811
79f227df52caf2b68d36e990ff3fc652,0fd55f5dee013f990c929cd3ad6bfee0,2.7704
79f227df52caf2b68d36e990ff3fc652,51f3e4065d72846204cb4f46d8d241cf,2.5323
7a1de9bde89aedca8c5fbad489c5571c,05431e0dd637e910dd67d7ad823e8437,2.83
7a1de9bde89aedca8c5fbad489c5571c,0fd55f5dee013f990c929cd3ad6bfee0,2.5162
7a1de9bde89aedca8c5fbad489c5571c,4606f0b0bceceb75e7a887e6b57cae3e,2.292
7a1de9bde89aedca8c5fbad489c5571c,cc7e60cc41c667212b37102362120438,2.2644
7a1de9bde89aedca8c5fbad489c5571c,ad1280b6c5b1af7cfd97372249be66c9,2.2456
7a1de9bde89aedca8c5fbad489c5571c,c2a9f8aeb7a51580fccc2d1c4f8bceaf,2.1673
7a1de9bde89aedca8c5fbad489c5571c,6e2a68aa94eb2a3b5b3499bf2314d544,2.1154
7a1de9bde89aedca8c5fbad489c5571c,90b58782fdd04cb829667fcc41fb65f5,2.0983
7a1de9bde89aedca8c5fbad489c5571c,308e4e21ae228a10f6370a243ae59995,2.0283
7a1de9bde89aedca8c5fbad489c5571c,304104a478e3a605db6072a22e4ee228,1.9339
7a311d62282fa63be12b02aef2fd21d1,8bb27b1d96be90b36b8d0c7f30931d52,2.874
7a311d62282fa63be12b02aef2fd21d1,0de59eddc63167215c972b0d785ffa7b,2.7117
7a311d62282fa63be12b02aef2fd21d1,a03e401d58a45187271718c5d7610422,2.6519
7a311d62282fa63be12b02aef2fd21d1,90b58782fdd04cb829667fcc41fb65f5,2.6444
7a311d62282fa63be12b02aef2fd21d1,a7329b3e52d13627c92b24a745e70873,2.5798
7a311d62282fa63be12b02aef2fd21d1,308e4e21ae228a10f6370a243ae59995,2.5562
7a311d62282fa63be12b02aef2fd21d1,6b6b162b177d0f36987993aecbe1c65f,2.5446
7a311d62282fa63be12b02aef2fd21d1,fe31b2791161c24e921f90788d443e1c,2.4563
7a311d62282fa63be12b02aef2fd21d1,bb50f2e236e5eea0100680137654686c,2.4189
7a311d62282fa63be12b02aef2fd21d1,6e2a68aa94eb2a3b5b3499bf2314d544,2.2899
7a380cb5434e6b6b5b37d45bb99dbe8a,90b58782fdd04cb829667fcc41fb65f5,3.7632
7a380cb5434e6b6b5b37d45bb99dbe8a,308e4e21ae228a10f6370a243ae59995,3.6377
7a380cb5434e6b6b5b37d45bb99dbe8a,8bb27b1d96be90b36b8d0c7f30931d52,3.6088
7a380cb5434e6b6b5b37d45bb99dbe8a,05431e0dd637e910dd67d7ad823e8437,3.5691
7a380cb5434e6b6b5b37d45bb99dbe8a,0b00b16606aeb46da3543bbabff4d6b3,3.3401
7a380cb5434e6b6b5b37d45bb99dbe8a,a03e401d58a45187271718c5d7610422,3.3299
7a380cb5434e6b6b5b37d45bb99dbe8a,ee918a5c4e95f273708c2582a5314325,3.087
7a380cb5434e6b6b5b37d45bb99dbe8a,0fd55f5dee013f990c929cd3ad6bfee0,3.0198
7a380cb5434e6b6b5b37d45bb99dbe8a,6e2a68aa94eb2a3b5b3499bf2314d544,2.8587
7a380cb5434e6b6b5b37d45bb99dbe8a,bc596794d92f7b9959fe0e7430354b52,2.7741
7aff47cc04b9729c22565a4a32e90169,cc7e60cc41c667212b37102362120438,3.7749
7aff47cc04b9729c22565a4a32e90169,8bb27b1d96be90b36b8d0c7f30931d52,3.7732
7aff47cc04b9729c22565a4a32e90169,b8c2cf7e813b0eb7ec62f7459217b22c,3.6501
7aff47cc04b9729c22565a4a32e90169,6e2a68aa94eb2a3b5b3499bf2314d544,3.6034
7aff47cc04b9729c22565a4a32e90169,20531b0644a0719b8d506c4db3c56609,3.5545
7aff47cc04b9729c22565a4a32e90169,a03e401d58a45187271718c5d7610422,3.4816
7aff47cc04b9729c22565a4a32e90169,57c9362442482cd2451f2eabf468e532,3.4562
7aff47cc04b9729c22565a4a32e90169,fe59a1e006df3ac42bf0ceb876d70969,3.2926
7aff47cc04b9729c22565a4a32e90169,c2a9f8aeb7a51580fccc2d1c4f8bceaf,3.1072
7aff47cc04b9729c22565a4a32e90169,0b00b16606aeb46da3543bbabff4d6b3,3.0793
7b6f4a6d512f5bea2c5553d333db37e7,51f3e4065d72846204cb4f46d8d241cf,3.5797
7b6f4a6d512f5bea2c5553d333db37e7,65f037a133d9ffc71164a5d69dee187e,3.0092
7b6f4a6d512f5bea2c5553d333db37e7,61a4100ccd6d9c4c808a1fd954ddb8ad,2.9094
7b6f4a6d512f5bea2c5553d333db37e7,8bb27b1d96be90b36b8d0c7f30931d52,2.9094
7b6f4a6d512f5bea2c5553d333db37e7,b68cf84ede4fd1e14b1740de5b727d55,2.7194
7b6f4a6d512f5bea2c5553d333db37e7,a03e401d58a45187271718c5d7610422,2.6846
7b6f4a6d512f5bea2c5553d333db37e7,4638e41e1c53018897e12edbb2815807,2.5842
7b6f4a6d512f5bea2c5553d333db37e7,81de659bfde3389fc8614bfba92e585a,2.3522
7b6f4a6d512f5bea2c5553d333db37e7,cc88837a83ef7b7ea2bf724434a53ef3,2.3248
7b6f4a6d512f5bea2c5553d333db37e7,dbb67791e405873b259e4656bf971246,2.2764
7bff4fff725edd40fde6f0ac1eb0e2dc,8bb27b1d96be90b36b8d0c7f30931d52,3.8949
7bff4fff725edd40fde6f0ac1eb0e2dc,cc7e60cc41c667212b37102362120438,3.7573
7bff4fff725edd40fde6f0ac1eb0e2dc,a03e401d58a45187271718c5d7610422,3.5939
7bff4fff725edd40fde6f0ac1eb0e2dc,b68cf84ede4fd1e14b1740de5b727d55,3.3454
7bff4fff725edd40fde6f0ac1eb0e2dc,0fd55f5dee013f990c929cd3ad6bfee0,3.2008
7bff4fff725edd40fde6f0ac1eb0e2dc,55aefe286a63b5e07f42a63c10371020,3.0749
7bff4fff725edd40fde6f0ac1eb0e2dc,2e511b5741ab14e7f5294df6f1310b03,3.0475
7bff4fff725edd40fde6f0ac1eb0e2dc,61a4100ccd6d9c4c808a1fd954ddb8ad,3.0451
7bff4fff725edd40fde6f0ac1eb0e2dc,3ed43e8f95f9801cd8099b6f73e07335,3.0354
7bff4fff725edd40fde6f0ac1eb0e2dc,596dd8bfc1289b4336ef857ffb960d47,3.0354
7c4b40bb2b820e20b226a5a615e357aa,00faa46f36261af8bbf3a4d37fa4841b,2.7323
7c4b40bb2b820e20b226a5a615e357aa,6d8096ca93caea3416a6b24bf411bc86,2.2067
7c4b40bb2b820e20b226a5a615e357aa,90b58782fdd04cb829667fcc41fb65f5,2.1017
7c4b40bb2b820e20b226a5a615e357aa,308e4e21ae228a10f6370a243ae59995,2.0316
7c4b40bb2b820e20b226a5a615e357aa,ad1280b6c5b1af7cfd97372249be66c9,1.9086
7c4b40bb2b820e20b226a5a615e357aa,6cdd53843498f92890544667809f1595,1.8841
7c4b40bb2b820e20b226a5a615e357aa,ee918a5c4e95f273708c2582a5314325,1.8617
7c4b40bb2b820e20b226a5a615e357aa,61937887eb6ee0b405a5759756426486,1.8137
7c4b40bb2b820e20b226a5a615e357aa,05805f52cdeb93d7684f871e599f0078,1.7851
7c4b40bb2b820e20b226a5a615e357aa,0fd55f5dee013f990c929cd3ad6bfee0,1.6896
7c763d069eb3926fc65593030d5c99a3,b68cf84ede4fd1e14b1740de5b727d55,2.8532
7c763d069eb3926fc65593030d5c99a3,a14aea6067b93158e956612c50b74cfa,2.5546
7c763d069eb3926fc65593030d5c99a3,8bb27b1d96be90b36b8d0c7f30931d52,2.4282
7c763d069eb3926fc65593030d5c99a3,fe59a1e006df3ac42bf0ceb876d70969,2.3356
7c763d069eb3926fc65593030d5c99a3,a03e401d58a45187271718c5d7610422,2.2406
7c763d069eb3926fc65593030d5c99a3,ebc714d9f070a89f4d411982ea9670fb,2.0666
7c763d069eb3926fc65593030d5c99a3,2e511b5741ab14e7f5294df6f1310b03,2.0222
7c763d069eb3926fc65593030d5c99a3,fe31b2791161c24e921f90788d443e1c,1.9146
7c763d069eb3926fc65593030d5c99a3,98a4301b1aacd45984603af55b7a1de4,1.9079
7c763d069eb3926fc65593030d5c99a3,99e365fea0b15ee63272ff391fdde785,1.8639
7cb20dd79b4b5bfda52b712000a30de5,b68cf84ede4fd1e14b1740de5b727d55,2.6298
7cb20dd79b4b5bfda52b712000a30de5,61937887eb6ee0b405a5759756426486,2.5932
7cb20dd79b4b5bfda52b712000a30de5,ebc714d9f070a89f4d411982ea9670fb,2.4723
7cb20dd79b4b5bfda52b712000a30de5,a14aea6067b93158e956612c50b74cfa,2.4129
7cb20dd79b4b5bfda52b712000a30de5,fe59a1e006df3ac42bf0ceb876d70969,2.3757
7cb20dd79b4b5bfda52b712000a30de5,00faa46f36261af8bbf3a4d37fa4841b,2.3442
7cb20dd79b4b5bfda52b712000a30de5,f110a8fd4a8052d5717ce2adc2bb71d0,2.2433
7cb20dd79b4b5bfda52b712000a30de5,dbb67791e405873b259e4656bf971246,2.1815
7cb20dd79b4b5bfda52b712000a30de5,a7329b3e52d13627c92b24a745e70873,2.1765
7cb20dd79b4b5bfda52b712000a30de5,98a4301b1aacd45984603af55b7a1de4,2.1679
7cbfdb67d344d745e097fbb2a570c9e6,8bb27b1d96be90b36b8d0c7f30931d52,4.6901
7cbfdb67d344d745e097fbb2a570c9e6,a03e401d58a45187271718c5d7610422,4.3277
7cbfdb67d344d745e097fbb2a570c9e6,b68cf84ede4fd1e14b1740de5b727d55,4.0778
7cbfdb67d344d745e097fbb2a570c9e6,90b58782fdd04cb829667fcc41fb65f5,3.7005
7cbfdb67d344d745e097fbb2a570c9e6,308e4e21ae228a10f6370a243ae59995,3.5771
7cbfdb67d344d745e097fbb2a570c9e6,51f3e4065d72846204cb4f46d8d241cf,3.402
7cbfdb67d344d745e097fbb2a570c9e6,fe59a1e006df3ac42bf0ceb876d70969,3.1231
7cbfdb67d344d745e097fbb2a570c9e6,b8c2cf7e813b0eb7ec62f7459217b22c,3.1185
7cbfdb67d344d745e097fbb2a570c9e6,0fd55f5dee013f990c929cd3ad6bfee0,2.8207
7cbfdb67d344d745e097fbb2a570c9e6,ebc714d9f070a89f4d411982ea9670fb,2.7495
7d139b4764ef2597398453664b3967a2,8bb27b1d96be90b36b8d0c7f30931d52,4.5079
7d139b4764ef2597398453664b3967a2,ee918a5c4e95f273708c2582a5314325,4.2614
7d139b4764ef2597398453664b3967a2,a03e401d58a45187271718c5d7610422,4.1595
7d139b4764ef2597398453664b3967a2,fe31b2791161c24e921f90788d443e1c,4.1109
7d139b4764ef2597398453664b3967a2,ebc714d9f070a89f4d411982ea9670fb,4.1093
7d139b4764ef2597398453664b3967a2,2e511b5741ab14e7f5294df6f1310b03,4.0616
7d139b4764ef2597398453664b3967a2,00faa46f36261af8bbf3a4d37fa4841b,3.797
7d139b4764ef2597398453664b3967a2,61a4100ccd6d9c4c808a1fd954ddb8ad,3.6896
7d139b4764ef2597398453664b3967a2,70906e04da1eebf3d1b8791bd09ffe85,3.3925
7d139b4764ef2597398453664b3967a2,cc7e60cc41c667212b37102362120438,3.3702
7d3d94b4740895a17760e976797f9f0e,00faa46f36261af8bbf3a4d37fa4841b,3.8824
7d3d94b4740895a17760e976797f9f0e,61937887eb6ee0b405a5759756426486,3.5557
7d3d94b4740895a17760e976797f9f0e,ee918a5c4e95f273708c2582a5314325,3.0615
7d3d94b4740895a17760e976797f9f0e,d35d1fa56f3c5a2777f5542a84a085dd,2.558
7d3d94b4740895a17760e976797f9f0e,3bb3e5caf47c7e92ed97227247e942a8,2.4261
7d3d94b4740895a17760e976797f9f0e,3de0f67a3747dbf94f485e9f5843b02d,2.2983
7d3d94b4740895a17760e976797f9f0e,d787ebe896a3557db778d1fadf16ad85,2.2078
7d3d94b4740895a17760e976797f9f0e,f110a8fd4a8052d5717ce2adc2bb71d0,2.1891
7d3d94b4740895a17760e976797f9f0e,c71bf92cf123eb294304073fc1751bf3,2.1033
7d3d94b4740895a17760e976797f9f0e,20531b0644a0719b8d506c4db3c56609,1.991
7e1681f9bb31800364869a2cdbe289db,a7329b3e52d13627c92b24a745e70873,3.8254
7e1681f9bb31800364869a2cdbe289db,6e741443e7a0707cb99e552dc844439a,3.4704
7e1681f9bb31800364869a2cdbe289db,cc7e60cc41c667212b37102362120438,3.1505
7e1681f9bb31800364869a2cdbe289db,bb50f2e236e5eea0100680137654686c,3.1373
7e1681f9bb31800364869a2cdbe289db,c2a9f8aeb7a51580fccc2d1c4f8bceaf,3.1176
7e1681f9bb31800364869a2cdbe289db,a14aea6067b93158e956612c50b74cfa,3.0947
7e1681f9bb31800364869a2cdbe289db,fe59a1e006df3ac42bf0ceb876d70969,3.0332
7e1681f9bb31800364869a2cdbe289db,b68cf84ede4fd1e14b1740de5b727d55,3.0329
7e1681f9bb31800364869a2cdbe289db,fe31b2791161c24e921f90788d443e1c,3.0235
7e1681f9bb31800364869a2cdbe289db,ebc714d9f070a89f4d411982ea9670fb,3.0234
7f0931655fd8d40add0f47fc6f0e3b20,61a4100ccd6d9c4c808a1fd954ddb8ad,4.2536
7f0931655fd8d40add0f47fc6f0e3b20,b68cf84ede4fd1e14b1740de5b727d55,3.6245
7f0931655fd8d40add0f47fc6f0e3b20,8bb27b1d96be90b36b8d0c7f30931d52,3.5161
7f0931655fd8d40add0f47fc6f0e3b20,3ed43e8f95f9801cd8099b6f73e07335,3.3514
7f0931655fd8d40add0f47fc6f0e3b20,596dd8bfc1289b4336ef857ffb960d47,3.3514
7f0931655fd8d40add0f47fc6f0e3b20,cc7e60cc41c667212b37102362120438,3.3136
7f0931655fd8d40add0f47fc6f0e3b20,a03e401d58a45187271718c5d7610422,3.2444
7f0931655fd8d40add0f47fc6f0e3b20,cc88837a83ef7b7ea2bf724434a53ef3,3.1863
7f0931655fd8d40add0f47fc6f0e3b20,0fd55f5dee013f990c929cd3ad6bfee0,3.1254
7f0931655fd8d40add0f47fc6f0e3b20,dbb67791e405873b259e4656bf971246,3.0551
7f4f709af2fd8fea44aacd30bca46264,f110a8fd4a8052d5717ce2adc2bb71d0,2.8609
7f4f709af2fd8fea44aacd30bca46264,ebc714d9f070a89f4d411982ea9670fb,2.7216
7f4f709af2fd8fea44aacd30bca46264,fe59a1e006df3ac42bf0ceb876d70969,2.6011
7f4f709af2fd8fea44aacd30bca46264,b68cf84ede4fd1e14b1740de5b727d55,2.5443
7f4f709af2fd8fea44aacd30bca46264,00faa46f36261af8bbf3a4d37fa4841b,2.441
7f4f709af2fd8fea44aacd30bca46264,6d8096ca93caea3416a6b24bf411bc86,2.4263
7f4f709af2fd8fea44aacd30bca46264,98a4301b1aacd45984603af55b7a1de4,2.3799
7f4f709af2fd8fea44aacd30bca46264,a14aea6067b93158e956612c50b74cfa,2.3509
7f4f709af2fd8fea44aacd30bca46264,ee918a5c4e95f273708c2582a5314325,2.3469
7f4f709af2fd8fea44aacd30bca46264,90b58782fdd04cb829667fcc41fb65f5,2.2447
7f50c43baa66aae590aa1a067427cce5,00faa46f36261af8bbf3a4d37fa4841b,2.6135
7f50c43baa66aae590aa1a067427cce5,ee918a5c4e95f273708c2582a5314325,2.5581
7f50c43baa66aae590aa1a067427cce5,90b58782fdd04cb829667fcc41fb65f5,2.4585
7f50c43baa66aae590aa1a067427cce5,308e4e21ae228a10f6370a243ae59995,2.3765
7f50c43baa66aae590aa1a067427cce5,8bb27b1d96be90b36b8d0c7f30931d52,2.3192
7f50c43baa66aae590aa1a067427cce5,6d8096ca93caea3416a6b24bf411bc86,2.1601
7f50c43baa66aae590aa1a067427cce5,b8c2cf7e813b0eb7ec62f7459217b22c,2.1589
7f50c43baa66aae590aa1a067427cce5,a03e401d58a45187271718c5d7610422,2.14
7f50c43baa66aae590aa1a067427cce5,ad1280b6c5b1af7cfd97372249be66c9,2.0201
7f50c43baa66aae590aa1a067427cce5,773a9c97b7435492ec93014cd43ecf77,2.0098
8004f80e361a5ee23aadb7418a685fc2,00faa46f36261af8bbf3a4d37fa4841b,4.0312
8004f80e361a5ee23aadb7418a685fc2,ee918a5c4e95f273708c2582a5314325,3.4217
8004f80e361a5ee23aadb7418a685fc2,f110a8fd4a8052d5717ce2adc2bb71d0,3.0502
8004f80e361a5ee23aadb7418a685fc2,ebc714d9f070a89f4d411982ea9670fb,2.6236
8004f80e361a5ee23aadb7418a685fc2,65baa03ed325a23536e96fd66b3244c8,2.2502
8004f80e361a5ee23aadb7418a685fc2,61937887eb6ee0b405a5759756426486,2.2419
8004f80e361a5ee23aadb7418a685fc2,0a56efd5f050d3f861a04c6f005d1128,2.1911
8004f80e361a5ee23aadb7418a685fc2,fc831da5307b1a3e23ed0259a2b6b2a1,2.1463
8004f80e361a5ee23aadb7418a685fc2,e6fc61fe224249bd106fec6e1751a586,2.0913
8004f80e361a5ee23aadb7418a685fc2,86332b1229c41aeb4ab9d85472de3ed9,2.0192
812c63822d11a2c1c88e722078a02c23,8bb27b1d96be90b36b8d0c7f30931d52,2.9063
812c63822d11a2c1c88e722078a02c23,a03e401d58a45187271718c5d7610422,2.6816
812c63822d11a2c1c88e722078a02c23,ebc714d9f070a89f4d411982ea9670fb,2.4714
812c63822d11a2c1c88e722078a02c23,51f3e4065d72846204cb4f46d8d241cf,2.3984
812c63822d11a2c1c88e722078a02c23,b68cf84ede4fd1e14b1740de5b727d55,2.2418
812c63822d11a2c1c88e722078a02c23,ee918a5c4e95f273708c2582a5314325,2.0228
812c63822d11a2c1c88e722078a02c23,20531b0644a0719b8d506c4db3c56609,1.985
812c63822d11a2c1c88e722078a02c23,b8c2cf7e813b0eb7ec62f7459217b22c,1.9663
812c63822d11a2c1c88e722078a02c23,0de59eddc63167215c972b0d785ffa7b,1.9531
812c63822d11a2c1c88e722078a02c23,55aefe286a63b5e07f42a63c10371020,1.9068
816b6a32903cb4376b7022e10d5aae9e,8bb27b1d96be90b36b8d0c7f30931d52,2.936
816b6a32903cb4376b7022e10d5aae9e,55aefe286a63b5e07f42a63c10371020,2.7819
816b6a32903cb4376b7022e10d5aae9e,cc7e60cc41c667212b37102362120438,2.76
816b6a32903cb4376b7022e10d5aae9e,0de59eddc63167215c972b0d785ffa7b,2.7301
816b6a32903cb4376b7022e10d5aae9e,a03e401d58a45187271718c5d7610422,2.7091
816b6a32903cb4376b7022e10d5aae9e,6e2a68aa94eb2a3b5b3499bf2314d544,2.645
816b6a32903cb4376b7022e10d5aae9e,fe31b2791161c24e921f90788d443e1c,2.6355
816b6a32903cb4376b7022e10d5aae9e,48640118918b5bd6454e3fee20ad637b,2.5998
816b6a32903cb4376b7022e10d5aae9e,0fd55f5dee013f990c929cd3ad6bfee0,2.4698
816b6a32903cb4376b7022e10d5aae9e,ebc714d9f070a89f4d411982ea9670fb,2.3161
8190d0cbc8a4e51b3d707505a79a9f6e,b68cf84ede4fd1e14b1740de5b727d55,4.4395
8190d0cbc8a4e51b3d707505a79a9f6e,fe59a1e006df3ac42bf0ceb876d70969,4.4306
8190d0cbc8a4e51b3d707505a79a9f6e,a14aea6067b93158e956612c50b74cfa,4.2724
8190d0cbc8a4e51b3d707505a79a9f6e,ebc714d9f070a89f4d411982ea9670fb,4.2202
8190d0cbc8a4e51b3d707505a79a9f6e,730d34d191892dd7c4fb157daade465e,3.792
8190d0cbc8a4e51b3d707505a79a9f6e,98a4301b1aacd45984603af55b7a1de4,3.748
8190d0cbc8a4e51b3d707505a79a9f6e,30d1842be9c62546d3fb853119602ac2,3.6563
8190d0cbc8a4e51b3d707505a79a9f6e,c2a9f8aeb7a51580fccc2d1c4f8bceaf,3.5563
8190d0cbc8a4e51b3d707505a79a9f6e,a7329b3e52d13627c92b24a745e70873,3.3965
8190d0cbc8a4e51b3d707505a79a9f6e,cc7e60cc41c667212b37102362120438,3.2879
821e4e781313d2eb18711efe7a50d66a,90b58782fdd04cb829667fcc41fb65f5,3.1281
821e4e781313d2eb18711efe7a50d66a,8bb27b1d96be90b36b8d0c7f30931d52,3.0623
821e4e781313d2eb18711efe7a50d66a,308e4e21ae228a10f6370a243ae59995,3.0238
821e4e781313d2eb18711efe7a50d66a,a03e401d58a45187271718c5d7610422,2.8257
821e4e781313d2eb18711efe7a50d66a,0fd55f5dee013f990c929cd3ad6bfee0,2.8148
821e4e781313d2eb18711efe7a50d66a,bc596794d92f7b9959fe0e7430354b52,2.6233
821e4e781313d2eb18711efe7a50d66a,b68cf84ede4fd1e14b1740de5b727d55,2.5643
821e4e781313d2eb18711efe7a50d66a,6e2a68aa94eb2a3b5b3499bf2314d544,2.4205
821e4e781313d2eb18711efe7a50d66a,cc7e60cc41c667212b37102362120438,2.3775
821e4e781313d2eb18711efe7a50d66a,0de59eddc63167215c972b0d785ffa7b,2.3234
821e75291b1ad362e614c0ea79fc95a6,8bb27b1d96be90b36b8d0c7f30931d52,3.9713
821e75291b1ad362e614c0ea79fc95a6,a03e401d58a45187271718c5d7610422,3.6644
821e75291b1ad362e614c0ea79fc95a6,b8c2cf7e813b0eb7ec62f7459217b22c,3.4865
821e75291b1ad362e614c0ea79fc95a6,20531b0644a0719b8d506c4db3c56609,3.4548
821e75291b1ad362e614c0ea79fc95a6,cc7e60cc41c667212b37102362120438,3.4087
821e75291b1ad362e614c0ea79fc95a6,0b00b16606aeb46da3543bbabff4d6b3,3.2026
821e75291b1ad362e614c0ea79fc95a6,6e2a68aa94eb2a3b5b3499bf2314d544,3.165
821e75291b1ad362e614c0ea79fc95a6,51f3e4065d72846204cb4f46d8d241cf,3.0898
821e75291b1ad362e614c0ea79fc95a6,65f037a133d9ffc71164a5d69dee187e,3.086
821e75291b1ad362e614c0ea79fc95a6,57c9362442482cd2451f2eabf468e532,2.9155
822d25972056ef51050804f1e0446f40,90b58782fdd04cb829667fcc41fb65f5,2.2879
822d25972056ef51050804f1e0446f40,308e4e21ae228a10f6370a243ae59995,2.2116
822d25972056ef51050804f1e0446f40,05431e0dd637e910dd67d7ad823e8437,2.1674
822d25972056ef51050804f1e0446f40,61937887eb6ee0b405a5759756426486,2.0685
822d25972056ef51050804f1e0446f40,3bb3e5caf47c7e92ed97227247e942a8,2.0372
822d25972056ef51050804f1e0446f40,57c9362442482cd2451f2eabf468e532,1.9867
822d25972056ef51050804f1e0446f40,0fd55f5dee013f990c929cd3ad6bfee0,1.9392
822d25972056ef51050804f1e0446f40,00faa46f36261af8bbf3a4d37fa4841b,1.9123
822d25972056ef51050804f1e0446f40,ad1280b6c5b1af7cfd97372249be66c9,1.8836
822d25972056ef51050804f1e0446f40,4606f0b0bceceb75e7a887e6b57cae3e,1.7491
82ddb85c2420994d709ee21503e44eb8,00faa46f36261af8bbf3a4d37fa4841b,4.5495
82ddb85c2420994d709ee21503e44eb8,ebc714d9f070a89f4d411982ea9670fb,4.3625
82ddb85c2420994d709ee21503e44eb8,f110a8fd4a8052d5717ce2adc2bb71d0,4.338
82ddb85c2420994d709ee21503e44eb8,ee918a5c4e95f273708c2582a5314325,3.707
82ddb85c2420994d709ee21503e44eb8,fc831da5307b1a3e23ed0259a2b6b2a1,3.0177
82ddb85c2420994d709ee21503e44eb8,47b8c79d616369fd222f0bb68ea0293b,2.832
82ddb85c2420994d709ee21503e44eb8,6d8096ca93caea3416a6b24bf411bc86,2.7959
82ddb85c2420994d709ee21503e44eb8,61937887eb6ee0b405a5759756426486,2.6359
82ddb85c2420994d709ee21503e44eb8,e6fc61fe224249bd106fec6e1751a586,2.6243
82ddb85c2420994d709ee21503e44eb8,79ccb1aca8fcf379a6ed2412fba0480e,2.6078
83c6462cf9b51c26d6102ac0c48a1100,90b58782fdd04cb829667fcc41fb65f5,2.8735
83c6462cf9b51c26d6102ac0c48a1100,48640118918b5bd6454e3fee20ad637b,2.8077
83c6462cf9b51c26d6102ac0c48a1100,308e4e21ae228a10f6370a243ae59995,2.7777
83c6462cf9b51c26d6102ac0c48a1100,0fd55f5dee013f990c929cd3ad6bfee0,2.7556
83c6462cf9b51c26d6102ac0c48a1100,6cdd53843498f92890544667809f1595,2.5134
83c6462cf9b51c26d6102ac0c48a1100,0de59eddc63167215c972b0d785ffa7b,2.4948
83c6462cf9b51c26d6102ac0c48a1100,ad1280b6c5b1af7cfd97372249be66c9,2.4701
83c6462cf9b51c26d6102ac0c48a1100,6af89b97a841482f79c52765bfe0d699,2.4305
83c6462cf9b51c26d6102ac0c48a1100,f0f719ace174d68fdc838d8d6c4ce26e,2.4173
83c6462cf9b51c26d6102ac0c48a1100,8bb27b1d96be90b36b8d0c7f30931d52,2.2984
83e7958a94bd7f74a9414d8782f87628,8bb27b1d96be90b36b8d0c7f30931d52,2.9479
83e7958a94bd7f74a9414d8782f87628,b68cf84ede4fd1e14b1740de5b727d55,2.9326
83e7958a94bd7f74a9414d8782f87628,a03e401d58a45187271718c5d7610422,2.7201
83e7958a94bd7f74a9414d8782f87628,90b58782fdd04cb829667fcc41fb65f5,2.4708
83e7958a94bd7f74a9414d8782f87628,308e4e21ae228a10f6370a243ae59995,2.3884
83e7958a94bd7f74a9414d8782f87628,fe59a1e006df3ac42bf0ceb876d70969,2.2703
83e7958a94bd7f74a9414d8782f87628,61937887eb6ee0b405a5759756426486,2.0992
83e7958a94bd7f74a9414d8782f87628,ebc714d9f070a89f4d411982ea9670fb,2.0894
83e7958a94bd7f74a9414d8782f87628,61a4100ccd6d9c4c808a1fd954ddb8ad,2.0276
83e7958a94bd7f74a9414d8782f87628,51f3e4065d72846204cb4f46d8d241cf,1.9909
83eaf03b228046b51c0e4651b24475db,90b58782fdd04cb829667fcc41fb65f5,2.8291
83eaf03b228046b51c0e4651b24475db,308e4e21ae228a10f6370a243ae59995,2.7348
83eaf03b228046b51c0e4651b24475db,d48bb8824fcf4720229d970fff608fda,2.505
83eaf03b228046b51c0e4651b24475db,8bb27b1d96be90b36b8d0c7f30931d52,2.4757
83eaf03b228046b51c0e4651b24475db,20531b0644a0719b8d506c4db3c56609,2.3735
83eaf03b228046b51c0e4651b24475db,a03e401d58a45187271718c5d7610422,2.2844
83eaf03b228046b51c0e4651b24475db,bc596794d92f7b9959fe0e7430354b52,2.2166
83eaf03b228046b51c0e4651b24475db,0b00b16606aeb46da3543bbabff4d6b3,2.2119
83eaf03b228046b51c0e4651b24475db,d35d1fa56f3c5a2777f5542a84a085dd,1.9825
83eaf03b228046b51c0e4651b24475db,657247f6f60543b93e3cc708a8e6329c,1.9349
8505734f21396405b5477c75a45734fe,6e741443e7a0707cb99e552dc844439a,2.7877
8505734f21396405b5477c75a45734fe,65f037a133d9ffc71164a5d69dee187e,2.7745
8505734f21396405b5477c75a45734fe,fe59a1e006df3ac42bf0ceb876d70969,2.6766
8505734f21396405b5477c75a45734fe,ebc714d9f070a89f4d411982ea9670fb,2.6306
8505734f21396405b5477c75a45734fe,a7329b3e52d13627c92b24a745e70873,2.5957
8505734f21396405b5477c75a45734fe,cc7e60cc41c667212b37102362120438,2.4998
8505734f21396405b5477c75a45734fe,c2a9f8aeb7a51580fccc2d1c4f8bceaf,2.485
8505734f21396405b5477c75a45734fe,a14aea6067b93158e956612c50b74cfa,2.4667
8505734f21396405b5477c75a45734fe,b68cf84ede4fd1e14b1740de5b727d55,2.4559
8505734f21396405b5477c75a45734fe,bb50f2e236e5eea0100680137654686c,2.4228
8581bbeb56d3b44ff048f21b5d74eeab,3bb3e5caf47c7e92ed97227247e942a8,4.0251
8581bbeb56d3b44ff048f21b5d74eeab,65f037a133d9ffc71164a5d69dee187e,3.8321
8581bbeb56d3b44ff048f21b5d74eeab,d35d1fa56f3c5a2777f5542a84a085dd,3.3913
8581bbeb56d3b44ff048f21b5d74eeab,61937887eb6ee0b405a5759756426486,3.3436
8581bbeb56d3b44ff048f21b5d74eeab,20531b0644a0719b8d506c4db3c56609,3.2228
8581bbeb56d3b44ff048f21b5d74eeab,61a4100ccd6d9c4c808a1fd954ddb8ad,3.1176
8581bbeb56d3b44ff048f21b5d74eeab,57c9362442482cd2451f2eabf468e532,3.0015
8581bbeb56d3b44ff048f21b5d74eeab,3de0f67a3747dbf94f485e9f5843b02d,2.904
8581bbeb56d3b44ff048f21b5d74eeab,dbb67791e405873b259e4656bf971246,2.8897
8581bbeb56d3b44ff048f21b5d74eeab,51f3e4065d72846204cb4f46d8d241cf,2.8888
85cc592cd0bc4fda8effa4b10ca8eeb7,2e511b5741ab14e7f5294df6f1310b03,3.2139
85cc592cd0bc4fda8effa4b10ca8eeb7,41da75141264c3bde21ecea85a4cb8b7,2.894
85cc592cd0bc4fda8effa4b10ca8eeb7,ee918a5c4e95f273708c2582a5314325,2.7667
85cc592cd0bc4fda8effa4b10ca8eeb7,fe31b2791161c24e921f90788d443e1c,2.7568
85cc592cd0bc4fda8effa4b10ca8eeb7,8bb27b1d96be90b36b8d0c7f30931d52,2.7053
85cc592cd0bc4fda8effa4b10ca8eeb7,70906e04da1eebf3d1b8791bd09ffe85,2.6845
85cc592cd0bc4fda8effa4b10ca8eeb7,a04cf12934a318be6550b1aeab938bf2,2.6218
85cc592cd0bc4fda8effa4b10ca8eeb7,57c9362442482cd2451f2eabf468e532,2.5521
85cc592cd0bc4fda8effa4b10ca8eeb7,a03e401d58a45187271718c5d7610422,2.4962
85cc592cd0bc4fda8effa4b10ca8eeb7,0b00b16606aeb46da3543bbabff4d6b3,2.4096
85f759383b36fc0ce9844aecac8b8117,90b58782fdd04cb829667fcc41fb65f5,4.1389
85f759383b36fc0ce9844aecac8b8117,308e4e21ae228a10f6370a243ae59995,4.0009
85f759383b36fc0ce9844aecac8b8117,8bb27b1d96be90b36b8d0c7f30931d52,3.5149
85f759383b36fc0ce9844aecac8b8117,a03e401d58a45187271718c5d7610422,3.2433
85f759383b36fc0ce9844aecac8b8117,05805f52cdeb93d7684f871e599f0078,3.0963
85f759383b36fc0ce9844aecac8b8117,b8c2cf7e813b0eb7ec62f7459217b22c,2.9774
85f759383b36fc0ce9844aecac8b8117,0de59eddc63167215c972b0d785ffa7b,2.8359
85f759383b36fc0ce9844aecac8b8117,ad1280b6c5b1af7cfd97372249be66c9,2.7293
85f759383b36fc0ce9844aecac8b8117,dcfe76be1e1036cb99e5d8bdc2a1b1c9,2.7139
85f759383b36fc0ce9844aecac8b8117,61937887eb6ee0b405a5759756426486,2.5915
867193fe010661994dea5056c27d6f7c,57c9362442482cd2451f2eabf468e532,3.1422
867193fe010661994dea5056c27d6f7c,6e2a68aa94eb2a3b5b3499bf2314d544,3.114
867193fe010661994dea5056c27d6f7c,0b00b16606aeb46da3543bbabff4d6b3,2.7662
867193fe010661994dea5056c27d6f7c,20531b0644a0719b8d506c4db3c56609,2.7518
867193fe010661994dea5056c27d6f7c,cc7e60cc41c667212b37102362120438,2.455
867193fe010661994dea5056c27d6f7c,958cd4fc82ce0223c757f47bc9d67e23,2.383
867193fe010661994dea5056c27d6f7c,ee918a5c4e95f273708c2582a5314325,2.2634
867193fe010661994dea5056c27d6f7c,05431e0dd637e910dd67d7ad823e8437,2.252
867193fe010661994dea5056c27d6f7c,d48bb8824fcf4720229d970fff608fda,2.2056
867193fe010661994dea5056c27d6f7c,d35d1fa56f3c5a2777f5542a84a085dd,2.187
8689b3e15d4b16cfd05ecf597a523453,65f037a133d9ffc71164a5d69dee187e,4.0795
8689b3e15d4b16cfd05ecf597a523453,b8c2cf7e813b0eb7ec62f7459217b22c,3.5053
8689b3e15d4b16cfd05ecf597a523453,51f3e4065d72846204cb4f46d8d241cf,3.2333
8689b3e15d4b16cfd05ecf597a523453,fe59a1e006df3ac42bf0ceb876d70969,3.0918
8689b3e15d4b16cfd05ecf597a523453,ad1280b6c5b1af7cfd97372249be66c9,2.8579
8689b3e15d4b16cfd05ecf597a523453,730d34d191892dd7c4fb157daade465e,2.7829
8689b3e15d4b16cfd05ecf597a523453,20531b0644a0719b8d506c4db3c56609,2.7639
8689b3e15d4b16cfd05ecf597a523453,399f54c06661d06ca45c6e24ed238e0e,2.75
8689b3e15d4b16cfd05ecf597a523453,33e503f68fb60fe165ed992965f2c737,2.7079
8689b3e15d4b16cfd05ecf597a523453,30d1842be9c62546d3fb853119602ac2,2.6832
86b3fe2ecd895fa35d303e2a49b3130b,00faa46f36261af8bbf3a4d37fa4841b,4.1262
86b3fe2ecd895fa35d303e2a49b3130b,ee918a5c4e95f273708c2582a5314325,3.6409
86b3fe2ecd895fa35d303e2a49b3130b,61937887eb6ee0b405a5759756426486,3.2043
86b3fe2ecd895fa35d303e2a49b3130b,ebc714d9f070a89f4d411982ea9670fb,2.759
86b3fe2ecd895fa35d303e2a49b3130b,f110a8fd4a8052d5717ce2adc2bb71d0,2.5698
86b3fe2ecd895fa35d303e2a49b3130b,8bb27b1d96be90b36b8d0c7f30931d52,2.3641
86b3fe2ecd895fa35d303e2a49b3130b,79ccb1aca8fcf379a6ed2412fba0480e,2.3343
86b3fe2ecd895fa35d303e2a49b3130b,a03e401d58a45187271718c5d7610422,2.1814
86b3fe2ecd895fa35d303e2a49b3130b,fe31b2791161c24e921f90788d443e1c,2.1739
86b3fe2ecd895fa35d303e2a49b3130b,6cc859e89d080218ff4416539ffa030c,2.1272
86e5bace0b99ae394e73ee02a28fa10e,8bb27b1d96be90b36b8d0c7f30931d52,4.7419
86e5bace0b99ae394e73ee02a28fa10e,a03e401d58a45187271718c5d7610422,4.3755
86e5bace0b99ae394e73ee02a28fa10e,b68cf84ede4fd1e14b1740de5b727d55,3.7638
86e5bace0b99ae394e73ee02a28fa10e,51f3e4065d72846204cb4f46d8d241cf,3.6368
86e5bace0b99ae394e73ee02a28fa10e,90b58782fdd04cb829667fcc41fb65f5,3.4876
86e5bace0b99ae394e73ee02a28fa10e,b8c2cf7e813b0eb7ec62f7459217b22c,3.3773
86e5bace0b99ae394e73ee02a28fa10e,308e4e21ae228a10f6370a243ae59995,3.3713
86e5bace0b99ae394e73ee02a28fa10e,fe59a1e006df3ac42bf0ceb876d70969,3.072
86e5bace0b99ae394e73ee02a28fa10e,ad1280b6c5b1af7cfd97372249be66c9,3.0187
86e5bace0b99ae394e73ee02a28fa10e,0fd55f5dee013f990c929cd3ad6bfee0,2.9683
873e4275daabf5ab6eff5331277244a4,ee918a5c4e95f273708c2582a5314325,3.6176
873e4275daabf5ab6eff5331277244a4,79ccb1aca8fcf379a6ed2412fba0480e,3.4873
873e4275daabf5ab6eff5331277244a4,ebc714d9f070a89f4d411982ea9670fb,3.4146
873e4275daabf5ab6eff5331277244a4,fe31b2791161c24e921f90788d443e1c,3.2782
873e4275daabf5ab6eff5331277244a4,2e511b5741ab14e7f5294df6f1310b03,3.1379
873e4275daabf5ab6eff5331277244a4,00faa46f36261af8bbf3a4d37fa4841b,3.0607
873e4275daabf5ab6eff5331277244a4,41da75141264c3bde21ecea85a4cb8b7,2.9561
873e4275daabf5ab6eff5331277244a4,dcfe76be1e1036cb99e5d8bdc2a1b1c9,2.8783
873e4275daabf5ab6eff5331277244a4,7a5b821fca01c5a75fa33c06f249e0f5,2.8455
873e4275daabf5ab6eff5331277244a4,f110a8fd4a8052d5717ce2adc2bb71d0,2.7569
87794f96ff73437b7c6bccfdeffdcc2c,90b58782fdd04cb829667fcc41fb65f5,3.0691
87794f96ff73437b7c6bccfdeffdcc2c,8bb27b1d96be90b36b8d0c7f30931d52,2.9745
87794f96ff73437b7c6bccfdeffdcc2c,308e4e21ae228a10f6370a243ae59995,2.9667
87794f96ff73437b7c6bccfdeffdcc2c,0fd55f5dee013f990c929cd3ad6bfee0,2.9025
87794f96ff73437b7c6bccfdeffdcc2c,a03e401d58a45187271718c5d7610422,2.7446
87794f96ff73437b7c6bccfdeffdcc2c,6cdd53843498f92890544667809f1595,2.6568
87794f96ff73437b7c6bccfdeffdcc2c,0de59eddc63167215c972b0d785ffa7b,2.4118
87794f96ff73437b7c6bccfdeffdcc2c,ad1280b6c5b1af7cfd97372249be66c9,2.3489
87794f96ff73437b7c6bccfdeffdcc2c,48640118918b5bd6454e3fee20ad637b,2.3204
87794f96ff73437b7c6bccfdeffdcc2c,cc88837a83ef7b7ea2bf724434a53ef3,2.255
87b7b12b2c89dcd56e1db0c958068ffe,3bb3e5caf47c7e92ed97227247e942a8,2.8242
87b7b12b2c89dcd56e1db0c958068ffe,fe31b2791161c24e921f90788d443e1c,2.7917
87b7b12b2c89dcd56e1db0c958068ffe,20531b0644a0719b8d506c4db3c56609,2.7018
87b7b12b2c89dcd56e1db0c958068ffe,57c9362442482cd2451f2eabf468e532,2.6697
87b7b12b2c89dcd56e1db0c958068ffe,61a4100ccd6d9c4c808a1fd954ddb8ad,2.5966
87b7b12b2c89dcd56e1db0c958068ffe,bb50f2e236e5eea0100680137654686c,2.5911
87b7b12b2c89dcd56e1db0c958068ffe,d04e48982547095af81c231c3d581cb6,2.5261
87b7b12b2c89dcd56e1db0c958068ffe,65f037a133d9ffc71164a5d69dee187e,2.4994
87b7b12b2c89dcd56e1db0c958068ffe,d35d1fa56f3c5a2777f5542a84a085dd,2.4924
87b7b12b2c89dcd56e1db0c958068ffe,dbb67791e405873b259e4656bf971246,2.4533
87e69f05e13093d268cc2de1a3690318,00faa46f36261af8bbf3a4d37fa4841b,3.1589
87e69f05e13093d268cc2de1a3690318,ee918a5c4e95f273708c2582a5314325,2.9344
87e69f05e13093d268cc2de1a3690318,f110a8fd4a8052d5717ce2adc2bb71d0,2.4092
87e69f05e13093d268cc2de1a3690318,ebc714d9f070a89f4d411982ea9670fb,2.2994
87e69f05e13093d268cc2de1a3690318,61937887eb6ee0b405a5759756426486,2.2608
87e69f05e13093d268cc2de1a3690318,6d8096ca93caea3416a6b24bf411bc86,2.2364
87e69f05e13093d268cc2de1a3690318,0de59eddc63167215c972b0d785ffa7b,2.0158
87e69f05e13093d268cc2de1a3690318,8bb27b1d96be90b36b8d0c7f30931d52,1.9809
87e69f05e13093d268cc2de1a3690318,90b58782fdd04cb829667fcc41fb65f5,1.9263
87e69f05e13093d268cc2de1a3690318,308e4e21ae228a10f6370a243ae59995,1.862
8838c65162661299e5e7baf5371a9bcd,2e511b5741ab14e7f5294df6f1310b03,3.4301
8838c65162661299e5e7baf5371a9bcd,41da75141264c3bde21ecea85a4cb8b7,3.0702
8838c65162661299e5e7baf5371a9bcd,8bb27b1d96be90b36b8d0c7f30931d52,2.9719
8838c65162661299e5e7baf5371a9bcd,fe31b2791161c24e921f90788d443e1c,2.8755
8838c65162661299e5e7baf5371a9bcd,70906e04da1eebf3d1b8791bd09ffe85,2.8651
8838c65162661299e5e7baf5371a9bcd,a03e401d58a45187271718c5d7610422,2.7422
8838c65162661299e5e7baf5371a9bcd,7a5b821fca01c5a75fa33c06f249e0f5,2.6014
8838c65162661299e5e7baf5371a9bcd,429e7401fafb76436f15e86498bd7364,2.5229
8838c65162661299e5e7baf5371a9bcd,a04cf12934a318be6550b1aeab938bf2,2.3984
8838c65162661299e5e7baf5371a9bcd,dcfe76be1e1036cb99e5d8bdc2a1b1c9,2.3655
88ecb91d6d5e47ebdc2129cd046b0935,8bb27b1d96be90b36b8d0c7f30931d52,4.4989
88ecb91d6d5e47ebdc2129cd046b0935,a03e401d58a45187271718c5d7610422,4.1512
88ecb91d6d5e47ebdc2129cd046b0935,b68cf84ede4fd1e14b1740de5b727d55,3.9797
88ecb91d6d5e47ebdc2129cd046b0935,90b58782fdd04cb829667fcc41fb65f5,3.5934
88ecb91d6d5e47ebdc2129cd046b0935,308e4e21ae228a10f6370a243ae59995,3.4735
88ecb91d6d5e47ebdc2129cd046b0935,51f3e4065d72846204cb4f46d8d241cf,3.1335
88ecb91d6d5e47ebdc2129cd046b0935,fe59a1e006df3ac42bf0ceb876d70969,3.1004
88ecb91d6d5e47ebdc2129cd046b0935,b8c2cf7e813b0eb7ec62f7459217b22c,2.9718
88ecb91d6d5e47ebdc2129cd046b0935,0fd55f5dee013f990c929cd3ad6bfee0,2.8817
88ecb91d6d5e47ebdc2129cd046b0935,ebc714d9f070a89f4d411982ea9670fb,2.7877
88ef3169f5d6ac822eeb2cda922c7ff8,3bb3e5caf47c7e92ed97227247e942a8,5.1592
88ef3169f5d6ac822eeb2cda922c7ff8,d35d1fa56f3c5a2777f5542a84a085dd,4.468
88ef3169f5d6ac822eeb2cda922c7ff8,61937887eb6ee0b405a5759756426486,3.8537
88ef3169f5d6ac822eeb2cda922c7ff8,57c9362442482cd2451f2eabf468e532,3.4966
88ef3169f5d6ac822eeb2cda922c7ff8,20531b0644a0719b8d506c4db3c56609,3.2193
88ef3169f5d6ac822eeb2cda922c7ff8,b01cedfa96d891427058852f0625e9ee,3.2057
88ef3169f5d6ac822eeb2cda922c7ff8,62b07aff118f62756ee579afeedc3eb0,3.2036
88ef3169f5d6ac822eeb2cda922c7ff8,12f749c76f15e9bf5743bebda92da24a,3.1788
88ef3169f5d6ac822eeb2cda922c7ff8,3de0f67a3747dbf94f485e9f5843b02d,3.146
88ef3169f5d6ac822eeb2cda922c7ff8,65f037a133d9ffc71164a5d69dee187e,3.0757
894382535eef1ce243ec19088626be0e,90b58782fdd04cb829667fcc41fb65f5,4.2385
894382535eef1ce243ec19088626be0e,308e4e21ae228a10f6370a243ae59995,4.0971
894382535eef1ce243ec19088626be0e,8bb27b1d96be90b36b8d0c7f30931d52,3.7868
894382535eef1ce243ec19088626be0e,b8c2cf7e813b0eb7ec62f7459217b22c,3.5311
894382535eef1ce243ec19088626be0e,a03e401d58a45187271718c5d7610422,3.4942
894382535eef1ce243ec19088626be0e,ad1280b6c5b1af7cfd97372249be66c9,3.1539
894382535eef1ce243ec19088626be0e,fe59a1e006df3ac42bf0ceb876d70969,3.0357
894382535eef1ce243ec19088626be0e,b68cf84ede4fd1e14b1740de5b727d55,2.7326
894382535eef1ce243ec19088626be0e,86f2416d4670e4ea3ca5494d043d9f24,2.557
894382535eef1ce243ec19088626be0e,20531b0644a0719b8d506c4db3c56609,2.4721
894fa561f54fa10de0bc4db8b581947e,ad1280b6c5b1af7cfd97372249be66c9,3.0001
894fa561f54fa10de0bc4db8b581947e,90b58782fdd04cb829667fcc41fb65f5,2.7347
894fa561f54fa10de0bc4db8b581947e,308e4e21ae228a10f6370a243ae59995,2.6435
894fa561f54fa10de0bc4db8b581947e,b8c2cf7e813b0eb7ec62f7459217b22c,2.5672
894fa561f54fa10de0bc4db8b581947e,fe59a1e006df3ac42bf0ceb876d70969,2.3314
894fa561f54fa10de0bc4db8b581947e,51f3e4065d72846204cb4f46d8d241cf,2.2088
894fa561f54fa10de0bc4db8b581947e,6cdd53843498f92890544667809f1595,2.1817
894fa561f54fa10de0bc4db8b581947e,8bb27b1d96be90b36b8d0c7f30931d52,2.1698
894fa561f54fa10de0bc4db8b581947e,0fd55f5dee013f990c929cd3ad6bfee0,2.0966
894fa561f54fa10de0bc4db8b581947e,a03e401d58a45187271718c5d7610422,2.0021
8961b4ca2c5aceb7a78ea72c6e0c840a,f110a8fd4a8052d5717ce2adc2bb71d0,3.6289
8961b4ca2c5aceb7a78ea72c6e0c840a,ebc714d9f070a89f4d411982ea9670fb,3.2958
8961b4ca2c5aceb7a78ea72c6e0c840a,ee918a5c4e95f273708c2582a5314325,3.2441
8961b4ca2c5aceb7a78ea72c6e0c840a,b68cf84ede4fd1e14b1740de5b727d55,3.1288
8961b4ca2c5aceb7a78ea72c6e0c840a,a14aea6067b93158e956612c50b74cfa,2.8679
8961b4ca2c5aceb7a78ea72c6e0c840a,fe59a1e006df3ac42bf0ceb876d70969,2.6683
8961b4ca2c5aceb7a78ea72c6e0c840a,a7329b3e52d13627c92b24a745e70873,2.5681
8961b4ca2c5aceb7a78ea72c6e0c840a,a2ba5bcfe3ee03832bf8f324caa32dad,2.5042
8961b4ca2c5aceb7a78ea72c6e0c840a,00faa46f36261af8bbf3a4d37fa4841b,2.494
8961b4ca2c5aceb7a78ea72c6e0c840a,1dd284c37ca97cbb86c029c65fb9a494,2.4605
89e3027de49c3012858cfeb7f5a34f59,3bb3e5caf47c7e92ed97227247e942a8,3.2577
89e3027de49c3012858cfeb7f5a34f59,20531b0644a0719b8d506c4db3c56609,3.1732
89e3027de49c3012858cfeb7f5a34f59,65f037a133d9ffc71164a5d69dee187e,3.0411
89e3027de49c3012858cfeb7f5a34f59,57c9362442482cd2451f2eabf468e532,3.0366
89e3027de49c3012858cfeb7f5a34f59,d04e48982547095af81c231c3d581cb6,2.8939
89e3027de49c3012858cfeb7f5a34f59,bb50f2e236e5eea0100680137654686c,2.8572
89e3027de49c3012858cfeb7f5a34f59,d35d1fa56f3c5a2777f5542a84a085dd,2.7196
89e3027de49c3012858cfeb7f5a34f59,6af89b97a841482f79c52765bfe0d699,2.6859
89e3027de49c3012858cfeb7f5a34f59,f0f719ace174d68fdc838d8d6c4ce26e,2.6713
89e3027de49c3012858cfeb7f5a34f59,fe31b2791161c24e921f90788d443e1c,2.6565
8a02975938d279e8478b5f793b0290b7,2e511b5741ab14e7f5294df6f1310b03,3.2849
8a02975938d279e8478b5f793b0290b7,6b6b162b177d0f36987993aecbe1c65f,2.9893
8a02975938d279e8478b5f793b0290b7,fe31b2791161c24e921f90788d443e1c,2.9137
8a02975938d279e8478b5f793b0290b7,6e2a68aa94eb2a3b5b3499bf2314d544,2.8695
8a02975938d279e8478b5f793b0290b7,70906e04da1eebf3d1b8791bd09ffe85,2.7438
8a02975938d279e8478b5f793b0290b7,57c9362442482cd2451f2eabf468e532,2.7334
8a02975938d279e8478b5f793b0290b7,cc7e60cc41c667212b37102362120438,2.5657
8a02975938d279e8478b5f793b0290b7,b8c2cf7e813b0eb7ec62f7459217b22c,2.4706
8a02975938d279e8478b5f793b0290b7,202d7062d09aa564dfd5aaa1aac775b6,2.4441
8a02975938d279e8478b5f793b0290b7,0b00b16606aeb46da3543bbabff4d6b3,2.4279
8a3e2983c35b5d2fb78686794986f7da,2e511b5741ab14e7f5294df6f1310b03,3.3005
8a3e2983c35b5d2fb78686794986f7da,65f037a133d9ffc71164a5d69dee187e,3.1454
8a3e2983c35b5d2fb78686794986f7da,57c9362442482cd2451f2eabf468e532,3.1133
8a3e2983c35b5d2fb78686794986f7da,fe31b2791161c24e921f90788d443e1c,3.0907
8a3e2983c35b5d2fb78686794986f7da,3bb3e5caf47c7e92ed97227247e942a8,3.0343
8a3e2983c35b5d2fb78686794986f7da,61a4100ccd6d9c4c808a1fd954ddb8ad,3.0063
8a3e2983c35b5d2fb78686794986f7da,8bb27b1d96be90b36b8d0c7f30931d52,2.918
8a3e2983c35b5d2fb78686794986f7da,eb53f94fdc60278efcef123bb275658a,2.8753
8a3e2983c35b5d2fb78686794986f7da,70906e04da1eebf3d1b8791bd09ffe85,2.7568
8a3e2983c35b5d2fb78686794986f7da,61937887eb6ee0b405a5759756426486,2.7279
8af17078122640cfb1a03b9514b1b971,65f037a133d9ffc71164a5d69dee187e,3.2053
8af17078122640cfb1a03b9514b1b971,20531b0644a0719b8d506c4db3c56609,2.9223
8af17078122640cfb1a03b9514b1b971,cc7e60cc41c667212b37102362120438,2.8316
8af17078122640cfb1a03b9514b1b971,0b00b16606aeb46da3543bbabff4d6b3,2.6579
8af17078122640cfb1a03b9514b1b971,b8c2cf7e813b0eb7ec62f7459217b22c,2.5487
8af17078122640cfb1a03b9514b1b971,57c9362442482cd2451f2eabf468e532,2.5426
8af17078122640cfb1a03b9514b1b971,730d34d191892dd7c4fb157daade465e,2.5297
8af17078122640cfb1a03b9514b1b971,fe59a1e006df3ac42bf0ceb876d70969,2.4512
8af17078122640cfb1a03b9514b1b971,30d1842be9c62546d3fb853119602ac2,2.4391
8af17078122640cfb1a03b9514b1b971,c2a9f8aeb7a51580fccc2d1c4f8bceaf,2.4336
8b160faff469868625c7c82cbd310636,2e511b5741ab14e7f5294df6f1310b03,4.4845
8b160faff469868625c7c82cbd310636,61a4100ccd6d9c4c808a1fd954ddb8ad,4.1552
8b160faff469868625c7c82cbd310636,cc7e60cc41c667212b37102362120438,4.1306
8b160faff469868625c7c82cbd310636,fe31b2791161c24e921f90788d443e1c,4.0769
8b160faff469868625c7c82cbd310636,3ed43e8f95f9801cd8099b6f73e07335,3.9904
8b160faff469868625c7c82cbd310636,596dd8bfc1289b4336ef857ffb960d47,3.9904
8b160faff469868625c7c82cbd310636,8bb27b1d96be90b36b8d0c7f30931d52,3.77
8b160faff469868625c7c82cbd310636,70906e04da1eebf3d1b8791bd09ffe85,3.7458
8b160faff469868625c7c82cbd310636,39342c8e5e512bb1757779a3821a450f,3.5344
8b160faff469868625c7c82cbd310636,a03e401d58a45187271718c5d7610422,3.4786
8b33725ded59c682ee7cd08837c996bd,8bb27b1d96be90b36b8d0c7f30931d52,5.5367
8b33725ded59c682ee7cd08837c996bd,a03e401d58a45187271718c5d7610422,5.1088
8b33725ded59c682ee7cd08837c996bd,b68cf84ede4fd1e14b1740de5b727d55,4.3663
8b33725ded59c682ee7cd08837c996bd,39342c8e5e512bb1757779a3821a450f,4.2149
8b33725ded59c682ee7cd08837c996bd,0de59eddc63167215c972b0d785ffa7b,4.1521
8b33725ded59c682ee7cd08837c996bd,4638e41e1c53018897e12edbb2815807,4.0909
8b33725ded59c682ee7cd08837c996bd,ebc714d9f070a89f4d411982ea9670fb,3.9782
8b33725ded59c682ee7cd08837c996bd,fe31b2791161c24e921f90788d443e1c,3.9671
8b33725ded59c682ee7cd08837c996bd,0fd55f5dee013f990c929cd3ad6bfee0,3.8912
8b33725ded59c682ee7cd08837c996bd,55aefe286a63b5e07f42a63c10371020,3.8068
8bab3162259edfaadd1ea2e1fe7f58dc,8bb27b1d96be90b36b8d0c7f30931d52,3.7565
8bab3162259edfaadd1ea2e1fe7f58dc,cc7e60cc41c667212b37102362120438,3.6675
8bab3162259edfaadd1ea2e1fe7f58dc,a03e401d58a45187271718c5d7610422,3.4662
8bab3162259edfaadd1ea2e1fe7f58dc,61a4100ccd6d9c4c808a1fd954ddb8ad,3.2297
8bab3162259edfaadd1ea2e1fe7f58dc,3ed43e8f95f9801cd8099b6f73e07335,3.176
8bab3162259edfaadd1ea2e1fe7f58dc,596dd8bfc1289b4336ef857ffb960d47,3.176
8bab3162259edfaadd1ea2e1fe7f58dc,b68cf84ede4fd1e14b1740de5b727d55,3.1547
8bab3162259edfaadd1ea2e1fe7f58dc,2e511b5741ab14e7f5294df6f1310b03,3.0205
8bab3162259edfaadd1ea2e1fe7f58dc,05431e0dd637e910dd67d7ad823e8437,3.0
8bab3162259edfaadd1ea2e1fe7f58dc,0fd55f5dee013f990c929cd3ad6bfee0,2.9853
8bba5d98eef0fba5bc4118a9e3b0cd89,8bb27b1d96be90b36b8d0c7f30931d52,4.6799
8bba5d98eef0fba5bc4118a9e3b0cd89,a03e401d58a45187271718c5d7610422,4.3182
8bba5d98eef0fba5bc4118a9e3b0cd89,b68cf84ede4fd1e14b1740de5b727d55,3.8191
8bba5d98eef0fba5bc4118a9e3b0cd89,90b58782fdd04cb829667fcc41fb65f5,3.7517
8bba5d98eef0fba5bc4118a9e3b0cd89,308e4e21ae228a10f6370a243ae59995,3.6266
8bba5d98eef0fba5bc4118a9e3b0cd89,51f3e4065d72846204cb4f46d8d241cf,3.3666
8bba5d98eef0fba5bc4118a9e3b0cd89,b8c2cf7e813b0eb7ec62f7459217b22c,3.1394
8bba5d98eef0fba5bc4118a9e3b0cd89,0fd55f5dee013f990c929cd3ad6bfee0,3.0546
8bba5d98eef0fba5bc4118a9e3b0cd89,fe59a1e006df3ac42bf0ceb876d70969,2.9504
8bba5d98eef0fba5bc4118a9e3b0cd89,ad1280b6c5b1af7cfd97372249be66c9,2.8981
8bd9c53ae5e194fd363ed6714235e6be,8bb27b1d96be90b36b8d0c7f30931d52,2.8044
8bd9c53ae5e194fd363ed6714235e6be,cb03e4f0503f45854e87afe535e0681d,2.6565
8bd9c53ae5e194fd363ed6714235e6be,a03e401d58a45187271718c5d7610422,2.5877
8bd9c53ae5e194fd363ed6714235e6be,b68cf84ede4fd1e14b1740de5b727d55,2.4889
8bd9c53ae5e194fd363ed6714235e6be,90b58782fdd04cb829667fcc41fb65f5,2.0758
8bd9c53ae5e194fd363ed6714235e6be,657247f6f60543b93e3cc708a8e6329c,2.0471
8bd9c53ae5e194fd363ed6714235e6be,308e4e21ae228a10f6370a243ae59995,2.0066
8bd9c53ae5e194fd363ed6714235e6be,7893c68e0a8b6e58a70390551e8a84d9,1.9947
8bd9c53ae5e194fd363ed6714235e6be,cfe6e9c01d0bbb5df9a75f0e3286baa9,1.9947
8bd9c53ae5e194fd363ed6714235e6be,f6eda47c88d786adf6f3e3f016833927,1.9015
8bf0bee0027b22b94806d1908358cbbc,2e511b5741ab14e7f5294df6f1310b03,4.2112
8bf0bee0027b22b94806d1908358cbbc,41da75141264c3bde21ecea85a4cb8b7,4.0452
8bf0bee0027b22b94806d1908358cbbc,6b6b162b177d0f36987993aecbe1c65f,4.0047
8bf0bee0027b22b94806d1908358cbbc,fe31b2791161c24e921f90788d443e1c,3.8739
8bf0bee0027b22b94806d1908358cbbc,a04cf12934a318be6550b1aeab938bf2,3.7142
8bf0bee0027b22b94806d1908358cbbc,b8c2cf7e813b0eb7ec62f7459217b22c,3.7121
8bf0bee0027b22b94806d1908358cbbc,70906e04da1eebf3d1b8791bd09ffe85,3.5176
8bf0bee0027b22b94806d1908358cbbc,429e7401fafb76436f15e86498bd7364,3.3265
8bf0bee0027b22b94806d1908358cbbc,9df7c1b358350fe845b77ee08c49600e,3.283
8bf0bee0027b22b94806d1908358cbbc,8bb27b1d96be90b36b8d0c7f30931d52,3.1547
8c21dd8c37144807c601f99f2a209dfb,ee918a5c4e95f273708c2582a5314325,5.5801
8c21dd8c37144807c601f99f2a209dfb,00faa46f36261af8bbf3a4d37fa4841b,4.4851
8c21dd8c37144807c601f99f2a209dfb,61937887eb6ee0b405a5759756426486,3.5425
8c21dd8c37144807c601f99f2a209dfb,f110a8fd4a8052d5717ce2adc2bb71d0,3.4609
8c21dd8c37144807c601f99f2a209dfb,0a56efd5f050d3f861a04c6f005d1128,3.2262
8c21dd8c37144807c601f99f2a209dfb,0b00b16606aeb46da3543bbabff4d6b3,3.0454
8c21dd8c37144807c601f99f2a209dfb,8bb27b1d96be90b36b8d0c7f30931d52,3.017
8c21dd8c37144807c601f99f2a209dfb,ebc714d9f070a89f4d411982ea9670fb,2.9217
8c21dd8c37144807c601f99f2a209dfb,79ccb1aca8fcf379a6ed2412fba0480e,2.8667
8c21dd8c37144807c601f99f2a209dfb,57c9362442482cd2451f2eabf468e532,2.7951
8cd6f80d3c3994e2060d46ec07ff0b0a,a14aea6067b93158e956612c50b74cfa,3.7616
8cd6f80d3c3994e2060d46ec07ff0b0a,fe59a1e006df3ac42bf0ceb876d70969,3.5929
8cd6f80d3c3994e2060d46ec07ff0b0a,c2a9f8aeb7a51580fccc2d1c4f8bceaf,3.4106
8cd6f80d3c3994e2060d46ec07ff0b0a,2e511b5741ab14e7f5294df6f1310b03,3.4018
8cd6f80d3c3994e2060d46ec07ff0b0a,cc7e60cc41c667212b37102362120438,3.3209
8cd6f80d3c3994e2060d46ec07ff0b0a,98a4301b1aacd45984603af55b7a1de4,3.1321
8cd6f80d3c3994e2060d46ec07ff0b0a,730d34d191892dd7c4fb157daade465e,2.9731
8cd6f80d3c3994e2060d46ec07ff0b0a,30d1842be9c62546d3fb853119602ac2,2.8666
8cd6f80d3c3994e2060d46ec07ff0b0a,70906e04da1eebf3d1b8791bd09ffe85,2.8415
8cd6f80d3c3994e2060d46ec07ff0b0a,fe31b2791161c24e921f90788d443e1c,2.7258
8d0e0879191d761df1fde63cd721065d,8bb27b1d96be90b36b8d0c7f30931d52,2.6851
8d0e0879191d761df1fde63cd721065d,0fd55f5dee013f990c929cd3ad6bfee0,2.6816
8d0e0879191d761df1fde63cd721065d,6cdd53843498f92890544667809f1595,2.6617
8d0e0879191d761df1fde63cd721065d,90b58782fdd04cb829667fcc41fb65f5,2.6496
8d0e0879191d761df1fde63cd721065d,308e4e21ae228a10f6370a243ae59995,2.5612
8d0e0879191d761df1fde63cd721065d,a03e401d58a45187271718c5d7610422,2.4776
8d0e0879191d761df1fde63cd721065d,cc88837a83ef7b7ea2bf724434a53ef3,2.273
8d0e0879191d761df1fde63cd721065d,ad1280b6c5b1af7cfd97372249be66c9,2.2618
8d0e0879191d761df1fde63cd721065d,4638e41e1c53018897e12edbb2815807,2.2405
8d0e0879191d761df1fde63cd721065d,0de59eddc63167215c972b0d785ffa7b,2.2204
8d26c82c2086dcacc175e2ffe6ee2f28,65f037a133d9ffc71164a5d69dee187e,3.7796
8d26c82c2086dcacc175e2ffe6ee2f28,6e741443e7a0707cb99e552dc844439a,3.0777
8d26c82c2086dcacc175e2ffe6ee2f28,fe59a1e006df3ac42bf0ceb876d70969,3.0099
8d26c82c2086dcacc175e2ffe6ee2f28,20531b0644a0719b8d506c4db3c56609,2.9457
8d26c82c2086dcacc175e2ffe6ee2f28,b68cf84ede4fd1e14b1740de5b727d55,2.8671
8d26c82c2086dcacc175e2ffe6ee2f28,bb50f2e236e5eea0100680137654686c,2.8663
8d26c82c2086dcacc175e2ffe6ee2f28,fe31b2791161c24e921f90788d443e1c,2.8406
8d26c82c2086dcacc175e2ffe6ee2f28,ebc714d9f070a89f4d411982ea9670fb,2.8349
8d26c82c2086dcacc175e2ffe6ee2f28,61a4100ccd6d9c4c808a1fd954ddb8ad,2.7807
8d26c82c2086dcacc175e2ffe6ee2f28,a7329b3e52d13627c92b24a745e70873,2.7644
8d50f5eadf50201ccdcedfb9e2ac8455,00faa46f36261af8bbf3a4d37fa4841b,3.4383
8d50f5eadf50201ccdcedfb9e2ac8455,ee918a5c4e95f273708c2582a5314325,3.2271
8d50f5eadf50201ccdcedfb9e2ac8455,f110a8fd4a8052d5717ce2adc2bb71d0,2.6816
8d50f5eadf50201ccdcedfb9e2ac8455,ebc714d9f070a89f4d411982ea9670fb,2.1897
8d50f5eadf50201ccdcedfb9e2ac8455,61937887eb6ee0b405a5759756426486,2.119
8d50f5eadf50201ccdcedfb9e2ac8455,0a56efd5f050d3f861a04c6f005d1128,2.0303
8d50f5eadf50201ccdcedfb9e2ac8455,65baa03ed325a23536e96fd66b3244c8,1.9154
8d50f5eadf50201ccdcedfb9e2ac8455,fc831da5307b1a3e23ed0259a2b6b2a1,1.846
8d50f5eadf50201ccdcedfb9e2ac8455,e6fc61fe224249bd106fec6e1751a586,1.7837
8d50f5eadf50201ccdcedfb9e2ac8455,86332b1229c41aeb4ab9d85472de3ed9,1.7193
8d80fd7cd5745aeb72c314664a1ec3f5,ebc714d9f070a89f4d411982ea9670fb,2.6276
8d80fd7cd5745aeb72c314664a1ec3f5,b68cf84ede4fd1e14b1740de5b727d55,2.5988
8d80fd7cd5745aeb72c314664a1ec3f5,8bb27b1d96be90b36b8d0c7f30931d52,2.4445
8d80fd7cd5745aeb72c314664a1ec3f5,a03e401d58a45187271718c5d7610422,2.2556
8d80fd7cd5745aeb72c314664a1ec3f5,4638e41e1c53018897e12edbb2815807,2.1857
8d80fd7cd5745aeb72c314664a1ec3f5,51f3e4065d72846204cb4f46d8d241cf,2.1831
8d80fd7cd5745aeb72c314664a1ec3f5,39342c8e5e512bb1757779a3821a450f,2.1445
8d80fd7cd5745aeb72c314664a1ec3f5,cc7e60cc41c667212b37102362120438,2.126
8d80fd7cd5745aeb72c314664a1ec3f5,0fd55f5dee013f990c929cd3ad6bfee0,2.0581
8d80fd7cd5745aeb72c314664a1ec3f5,0de59eddc63167215c972b0d785ffa7b,2.0387
8dafb82f687e3b0dc9e97b4198b92128,ad1280b6c5b1af7cfd97372249be66c9,3.7372
8dafb82f687e3b0dc9e97b4198b92128,90b58782fdd04cb829667fcc41fb65f5,3.0944
8dafb82f687e3b0dc9e97b4198b92128,b8c2cf7e813b0eb7ec62f7459217b22c,3.0215
8dafb82f687e3b0dc9e97b4198b92128,308e4e21ae228a10f6370a243ae59995,2.9912
8dafb82f687e3b0dc9e97b4198b92128,6cdd53843498f92890544667809f1595,2.7748
8dafb82f687e3b0dc9e97b4198b92128,0fd55f5dee013f990c929cd3ad6bfee0,2.6291
8dafb82f687e3b0dc9e97b4198b92128,51f3e4065d72846204cb4f46d8d241cf,2.5876
8dafb82f687e3b0dc9e97b4198b92128,8bb27b1d96be90b36b8d0c7f30931d52,2.4758
8dafb82f687e3b0dc9e97b4198b92128,fe59a1e006df3ac42bf0ceb876d70969,2.4249
8dafb82f687e3b0dc9e97b4198b92128,cc88837a83ef7b7ea2bf724434a53ef3,2.2861
8dbbf39064a6aa2a21f97ff0422e5acd,ebc714d9f070a89f4d411982ea9670fb,3.2705
8dbbf39064a6aa2a21f97ff0422e5acd,55aefe286a63b5e07f42a63c10371020,3.238
8dbbf39064a6aa2a21f97ff0422e5acd,0de59eddc63167215c972b0d785ffa7b,3.1513
8dbbf39064a6aa2a21f97ff0422e5acd,00faa46f36261af8bbf3a4d37fa4841b,2.983
8dbbf39064a6aa2a21f97ff0422e5acd,8bb27b1d96be90b36b8d0c7f30931d52,2.9434
8dbbf39064a6aa2a21f97ff0422e5acd,fe31b2791161c24e921f90788d443e1c,2.8485
8dbbf39064a6aa2a21f97ff0422e5acd,a03e401d58a45187271718c5d7610422,2.7159
8dbbf39064a6aa2a21f97ff0422e5acd,48640118918b5bd6454e3fee20ad637b,2.6428
8dbbf39064a6aa2a21f97ff0422e5acd,b07499163c612b591ce1621452672e69,2.5461
8dbbf39064a6aa2a21f97ff0422e5acd,0fd55f5dee013f990c929cd3ad6bfee0,2.5064
8dc697d03f771cecc2534534a73eaaf9,90b58782fdd04cb829667fcc41fb65f5,1.8941
8dc697d03f771cecc2534534a73eaaf9,308e4e21ae228a10f6370a243ae59995,1.8309
8dc697d03f771cecc2534534a73eaaf9,b68cf84ede4fd1e14b1740de5b727d55,1.8161
8dc697d03f771cecc2534534a73eaaf9,8bb27b1d96be90b36b8d0c7f30931d52,1.6896
8dc697d03f771cecc2534534a73eaaf9,20531b0644a0719b8d506c4db3c56609,1.6432
8dc697d03f771cecc2534534a73eaaf9,d35d1fa56f3c5a2777f5542a84a085dd,1.5745
8dc697d03f771cecc2534534a73eaaf9,a03e401d58a45187271718c5d7610422,1.559
8dc697d03f771cecc2534534a73eaaf9,7ad1818fa5f8a28faf8844aec3b3f540,1.5431
8dc697d03f771cecc2534534a73eaaf9,d48bb8824fcf4720229d970fff608fda,1.5273
8dc697d03f771cecc2534534a73eaaf9,657247f6f60543b93e3cc708a8e6329c,1.5098
8dfbc9064378d19ac99a21ac353072d7,00faa46f36261af8bbf3a4d37fa4841b,3.5632
8dfbc9064378d19ac99a21ac353072d7,ebc714d9f070a89f4d411982ea9670fb,3.5088
8dfbc9064378d19ac99a21ac353072d7,55aefe286a63b5e07f42a63c10371020,3.4414
8dfbc9064378d19ac99a21ac353072d7,ee918a5c4e95f273708c2582a5314325,3.1306
8dfbc9064378d19ac99a21ac353072d7,86332b1229c41aeb4ab9d85472de3ed9,3.0834
8dfbc9064378d19ac99a21ac353072d7,fe31b2791161c24e921f90788d443e1c,3.0602
8dfbc9064378d19ac99a21ac353072d7,bb1ee1154c7f9b5329328e3fab9e6bb2,2.9803
8dfbc9064378d19ac99a21ac353072d7,6e2a68aa94eb2a3b5b3499bf2314d544,2.8165
8dfbc9064378d19ac99a21ac353072d7,39342c8e5e512bb1757779a3821a450f,2.8003
8dfbc9064378d19ac99a21ac353072d7,f110a8fd4a8052d5717ce2adc2bb71d0,2.7762
8e0275b5c7fb6f05e312a1079a674410,cc7e60cc41c667212b37102362120438,3.6362
8e0275b5c7fb6f05e312a1079a674410,0b00b16606aeb46da3543bbabff4d6b3,3.5718
8e0275b5c7fb6f05e312a1079a674410,ee918a5c4e95f273708c2582a5314325,3.5628
8e0275b5c7fb6f05e312a1079a674410,57c9362442482cd2451f2eabf468e532,3.4769
8e0275b5c7fb6f05e312a1079a674410,2e511b5741ab14e7f5294df6f1310b03,3.3749
8e0275b5c7fb6f05e312a1079a674410,8bb27b1d96be90b36b8d0c7f30931d52,3.2418
8e0275b5c7fb6f05e312a1079a674410,b8c2cf7e813b0eb7ec62f7459217b22c,3.19
8e0275b5c7fb6f05e312a1079a674410,61a4100ccd6d9c4c808a1fd954ddb8ad,3.1614
8e0275b5c7fb6f05e312a1079a674410,6e2a68aa94eb2a3b5b3499bf2314d544,3.0893
8e0275b5c7fb6f05e312a1079a674410,05431e0dd637e910dd67d7ad823e8437,3.029
8e0555f8dc7199e4170bf06d17b32dfe,fe31b2791161c24e921f90788d443e1c,3.2631
8e0555f8dc7199e4170bf06d17b32dfe,2e511b5741ab14e7f5294df6f1310b03,2.6305
8e0555f8dc7199e4170bf06d17b32dfe,6b6b162b177d0f36987993aecbe1c65f,2.6062
8e0555f8dc7199e4170bf06d17b32dfe,0de59eddc63167215c972b0d785ffa7b,2.3916
8e0555f8dc7199e4170bf06d17b32dfe,39342c8e5e512bb1757779a3821a450f,2.3741
8e0555f8dc7199e4170bf06d17b32dfe,8bb27b1d96be90b36b8d0c7f30931d52,2.3676
8e0555f8dc7199e4170bf06d17b32dfe,70906e04da1eebf3d1b8791bd09ffe85,2.1972
8e0555f8dc7199e4170bf06d17b32dfe,a03e401d58a45187271718c5d7610422,2.1846
8e0555f8dc7199e4170bf06d17b32dfe,ebc714d9f070a89f4d411982ea9670fb,2.1712
8e0555f8dc7199e4170bf06d17b32dfe,202d7062d09aa564dfd5aaa1aac775b6,2.1178
8e7c51c145cb77c82c1cc203dd683390,6e2a68aa94eb2a3b5b3499bf2314d544,3.9119
8e7c51c145cb77c82c1cc203dd683390,a7329b3e52d13627c92b24a745e70873,3.3954
8e7c51c145cb77c82c1cc203dd683390,55aefe286a63b5e07f42a63c10371020,3.3071
8e7c51c145cb77c82c1cc203dd683390,0573b564a90d2d9f9c460eb963da8c33,3.2631
8e7c51c145cb77c82c1cc203dd683390,cc7e60cc41c667212b37102362120438,3.2091
8e7c51c145cb77c82c1cc203dd683390,ebc714d9f070a89f4d411982ea9670fb,3.1313
8e7c51c145cb77c82c1cc203dd683390,ee918a5c4e95f273708c2582a5314325,3.0372
8e7c51c145cb77c82c1cc203dd683390,fe31b2791161c24e921f90788d443e1c,2.9477
8e7c51c145cb77c82c1cc203dd683390,6e741443e7a0707cb99e552dc844439a,2.9441
8e7c51c145cb77c82c1cc203dd683390,f110a8fd4a8052d5717ce2adc2bb71d0,2.9397
8f2050954f60245f76119e9c906d917d,b8c2cf7e813b0eb7ec62f7459217b22c,3.2004
8f2050954f60245f76119e9c906d917d,ee918a5c4e95f273708c2582a5314325,3.1709
8f2050954f60245f76119e9c906d917d,00faa46f36261af8bbf3a4d37fa4841b,2.7243
8f2050954f60245f76119e9c906d917d,79ccb1aca8fcf379a6ed2412fba0480e,2.7006
8f2050954f60245f76119e9c906d917d,fe31b2791161c24e921f90788d443e1c,2.6327
8f2050954f60245f76119e9c906d917d,ebc714d9f070a89f4d411982ea9670fb,2.6099
8f2050954f60245f76119e9c906d917d,8bb27b1d96be90b36b8d0c7f30931d52,2.5674
8f2050954f60245f76119e9c906d917d,6b6b162b177d0f36987993aecbe1c65f,2.4915
8f2050954f60245f76119e9c906d917d,41da75141264c3bde21ecea85a4cb8b7,2.4755
8f2050954f60245f76119e9c906d917d,bf44071ef18f5c9ded039681c68b1996,2.4589
8f2fa110f45a5b5592f1593842b7e87d,8bb27b1d96be90b36b8d0c7f30931d52,3.9366
8f2fa110f45a5b5592f1593842b7e87d,61a4100ccd6d9c4c808a1fd954ddb8ad,3.7955
8f2fa110f45a5b5592f1593842b7e87d,a03e401d58a45187271718c5d7610422,3.6324
8f2fa110f45a5b5592f1593842b7e87d,b68cf84ede4fd1e14b1740de5b727d55,3.3808
8f2fa110f45a5b5592f1593842b7e87d,4638e41e1c53018897e12edbb2815807,3.3314
8f2fa110f45a5b5592f1593842b7e87d,51f3e4065d72846204cb4f46d8d241cf,3.2984
8f2fa110f45a5b5592f1593842b7e87d,3ed43e8f95f9801cd8099b6f73e07335,3.2012
8f2fa110f45a5b5592f1593842b7e87d,596dd8bfc1289b4336ef857ffb960d47,3.2012
8f2fa110f45a5b5592f1593842b7e87d,ebc714d9f070a89f4d411982ea9670fb,3.083
8f2fa110f45a5b5592f1593842b7e87d,fe31b2791161c24e921f90788d443e1c,3.0794
8f567321ba12101dedc07c70b7021069,0fd55f5dee013f990c929cd3ad6bfee0,3.0696
8f567321ba12101dedc07c70b7021069,90b58782fdd04cb829667fcc41fb65f5,3.0107
8f567321ba12101dedc07c70b7021069,48640118918b5bd6454e3fee20ad637b,2.9903
8f567321ba12101dedc07c70b7021069,308e4e21ae228a10f6370a243ae59995,2.9103
8f567321ba12101dedc07c70b7021069,6cdd53843498f92890544667809f1595,2.882
8f567321ba12101dedc07c70b7021069,0de59eddc63167215c972b0d785ffa7b,2.7586
8f567321ba12101dedc07c70b7021069,8bb27b1d96be90b36b8d0c7f30931d52,2.6978
8f567321ba12101dedc07c70b7021069,ad1280b6c5b1af7cfd97372249be66c9,2.6646
8f567321ba12101dedc07c70b7021069,a03e401d58a45187271718c5d7610422,2.4893
8f567321ba12101dedc07c70b7021069,6af89b97a841482f79c52765bfe0d699,2.4813
8f6ce2295bdbec03cd50e34b4bd7ba0a,8bb27b1d96be90b36b8d0c7f30931d52,3.032
8f6ce2295bdbec03cd50e34b4bd7ba0a,cb03e4f0503f45854e87afe535e0681d,2.7995
8f6ce2295bdbec03cd50e34b4bd7ba0a,a03e401d58a45187271718c5d7610422,2.7977
8f6ce2295bdbec03cd50e34b4bd7ba0a,b68cf84ede4fd1e14b1740de5b727d55,2.6265
8f6ce2295bdbec03cd50e34b4bd7ba0a,90b58782fdd04cb829667fcc41fb65f5,2.3471
8f6ce2295bdbec03cd50e34b4bd7ba0a,308e4e21ae228a10f6370a243ae59995,2.2688
8f6ce2295bdbec03cd50e34b4bd7ba0a,d48bb8824fcf4720229d970fff608fda,2.2681
8f6ce2295bdbec03cd50e34b4bd7ba0a,657247f6f60543b93e3cc708a8e6329c,2.2346
8f6ce2295bdbec03cd50e34b4bd7ba0a,7893c68e0a8b6e58a70390551e8a84d9,2.2269
8f6ce2295bdbec03cd50e34b4bd7ba0a,cfe6e9c01d0bbb5df9a75f0e3286baa9,2.2269
901fc316e36bffad4b5d8f4598168f73,90b58782fdd04cb829667fcc41fb65f5,4.5312
901fc316e36bffad4b5d8f4598168f73,308e4e21ae228a10f6370a243ae59995,4.3801
901fc316e36bffad4b5d8f4598168f73,fe59a1e006df3ac42bf0ceb876d70969,4.3288
901fc316e36bffad4b5d8f4598168f73,ad1280b6c5b1af7cfd97372249be66c9,3.9597
901fc316e36bffad4b5d8f4598168f73,8bb27b1d96be90b36b8d0c7f30931d52,3.6399
901fc316e36bffad4b5d8f4598168f73,b8c2cf7e813b0eb7ec62f7459217b22c,3.5759
901fc316e36bffad4b5d8f4598168f73,98a4301b1aacd45984603af55b7a1de4,3.5308
901fc316e36bffad4b5d8f4598168f73,b68cf84ede4fd1e14b1740de5b727d55,3.4486
901fc316e36bffad4b5d8f4598168f73,0fd55f5dee013f990c929cd3ad6bfee0,3.4034
901fc316e36bffad4b5d8f4598168f73,a03e401d58a45187271718c5d7610422,3.3586
906a8a4ec9f3d4c3e64fa6d1c4fe6009,8bb27b1d96be90b36b8d0c7f30931d52,6.5473
906a8a4ec9f3d4c3e64fa6d1c4fe6009,a03e401d58a45187271718c5d7610422,6.0413
906a8a4ec9f3d4c3e64fa6d1c4fe6009,b68cf84ede4fd1e14b1740de5b727d55,4.5639
906a8a4ec9f3d4c3e64fa6d1c4fe6009,90b58782fdd04cb829667fcc41fb65f5,4.4277
906a8a4ec9f3d4c3e64fa6d1c4fe6009,308e4e21ae228a10f6370a243ae59995,4.2801
906a8a4ec9f3d4c3e64fa6d1c4fe6009,51f3e4065d72846204cb4f46d8d241cf,4.2226
906a8a4ec9f3d4c3e64fa6d1c4fe6009,b8c2cf7e813b0eb7ec62f7459217b22c,4.216
906a8a4ec9f3d4c3e64fa6d1c4fe6009,2e511b5741ab14e7f5294df6f1310b03,3.8832
906a8a4ec9f3d4c3e64fa6d1c4fe6009,0de59eddc63167215c972b0d785ffa7b,3.8741
906a8a4ec9f3d4c3e64fa6d1c4fe6009,fe31b2791161c24e921f90788d443e1c,3.8034
9077449283dc1319d5e51fb3159b28e2,cc7e60cc41c667212b37102362120438,2.9848
9077449283dc1319d5e51fb3159b28e2,6e2a68aa94eb2a3b5b3499bf2314d544,2.7347
9077449283dc1319d5e51fb3159b28e2,05431e0dd637e910dd67d7ad823e8437,2.705
9077449283dc1319d5e51fb3159b28e2,c2a9f8aeb7a51580fccc2d1c4f8bceaf,2.623
9077449283dc1319d5e51fb3159b28e2,2e511b5741ab14e7f5294df6f1310b03,2.5591
9077449283dc1319d5e51fb3159b28e2,3ed43e8f95f9801cd8099b6f73e07335,2.5502
9077449283dc1319d5e51fb3159b28e2,596dd8bfc1289b4336ef857ffb960d47,2.5502
9077449283dc1319d5e51fb3159b28e2,0b00b16606aeb46da3543bbabff4d6b3,2.5126
9077449283dc1319d5e51fb3159b28e2,ee918a5c4e95f273708c2582a5314325,2.4239
9077449283dc1319d5e51fb3159b28e2,55aefe286a63b5e07f42a63c10371020,2.2645
90eb1ebf728ec4fe76781e57ee59727a,6e741443e7a0707cb99e552dc844439a,2.4529
90eb1ebf728ec4fe76781e57ee59727a,a7329b3e52d13627c92b24a745e70873,2.3548
90eb1ebf728ec4fe76781e57ee59727a,ebc714d9f070a89f4d411982ea9670fb,2.2309
90eb1ebf728ec4fe76781e57ee59727a,cc7e60cc41c667212b37102362120438,2.2113
90eb1ebf728ec4fe76781e57ee59727a,c2a9f8aeb7a51580fccc2d1c4f8bceaf,2.1985
90eb1ebf728ec4fe76781e57ee59727a,fe59a1e006df3ac42bf0ceb876d70969,2.1907
90eb1ebf728ec4fe76781e57ee59727a,fe31b2791161c24e921f90788d443e1c,2.1793
90eb1ebf728ec4fe76781e57ee59727a,bb50f2e236e5eea0100680137654686c,2.1671
90eb1ebf728ec4fe76781e57ee59727a,65f037a133d9ffc71164a5d69dee187e,2.1583
90eb1ebf728ec4fe76781e57ee59727a,a14aea6067b93158e956612c50b74cfa,2.1108
90f323e9f0948ddd96c6f6a8ecc75830,00faa46f36261af8bbf3a4d37fa4841b,3.7195
90f323e9f0948ddd96c6f6a8ecc75830,ebc714d9f070a89f4d411982ea9670fb,3.3208
90f323e9f0948ddd96c6f6a8ecc75830,ee918a5c4e95f273708c2582a5314325,3.0793
90f323e9f0948ddd96c6f6a8ecc75830,f110a8fd4a8052d5717ce2adc2bb71d0,3.0372
90f323e9f0948ddd96c6f6a8ecc75830,6d8096ca93caea3416a6b24bf411bc86,2.3957
90f323e9f0948ddd96c6f6a8ecc75830,fc831da5307b1a3e23ed0259a2b6b2a1,2.2005
90f323e9f0948ddd96c6f6a8ecc75830,61937887eb6ee0b405a5759756426486,2.1956
90f323e9f0948ddd96c6f6a8ecc75830,47b8c79d616369fd222f0bb68ea0293b,2.1392
90f323e9f0948ddd96c6f6a8ecc75830,51f3e4065d72846204cb4f46d8d241cf,2.051
90f323e9f0948ddd96c6f6a8ecc75830,55aefe286a63b5e07f42a63c10371020,1.9875
9194f9aedc33b4f984bcdcc7da7461f4,61a4100ccd6d9c4c808a1fd954ddb8ad,3.4876
9194f9aedc33b4f984bcdcc7da7461f4,57c9362442482cd2451f2eabf468e532,2.9043
9194f9aedc33b4f984bcdcc7da7461f4,c2a9f8aeb7a51580fccc2d1c4f8bceaf,2.7798
9194f9aedc33b4f984bcdcc7da7461f4,cc7e60cc41c667212b37102362120438,2.766
9194f9aedc33b4f984bcdcc7da7461f4,61937887eb6ee0b405a5759756426486,2.5971
9194f9aedc33b4f984bcdcc7da7461f4,0b00b16606aeb46da3543bbabff4d6b3,2.5925
9194f9aedc33b4f984bcdcc7da7461f4,00faa46f36261af8bbf3a4d37fa4841b,2.4829
9194f9aedc33b4f984bcdcc7da7461f4,3bb3e5caf47c7e92ed97227247e942a8,2.4616
9194f9aedc33b4f984bcdcc7da7461f4,dbb67791e405873b259e4656bf971246,2.4265
9194f9aedc33b4f984bcdcc7da7461f4,ee918a5c4e95f273708c2582a5314325,2.4208
91d0504cf52d3f76b154c42d78979f39,8bb27b1d96be90b36b8d0c7f30931d52,3.7651
91d0504cf52d3f76b154c42d78979f39,a03e401d58a45187271718c5d7610422,3.4741
91d0504cf52d3f76b154c42d78979f39,fe31b2791161c24e921f90788d443e1c,3.1275
91d0504cf52d3f76b154c42d78979f39,cc7e60cc41c667212b37102362120438,2.8579
91d0504cf52d3f76b154c42d78979f39,ebc714d9f070a89f4d411982ea9670fb,2.8569
91d0504cf52d3f76b154c42d78979f39,2e511b5741ab14e7f5294df6f1310b03,2.8537
91d0504cf52d3f76b154c42d78979f39,b68cf84ede4fd1e14b1740de5b727d55,2.8163
91d0504cf52d3f76b154c42d78979f39,0de59eddc63167215c972b0d785ffa7b,2.6248
91d0504cf52d3f76b154c42d78979f39,ee918a5c4e95f273708c2582a5314325,2.5913
91d0504cf52d3f76b154c42d78979f39,20531b0644a0719b8d506c4db3c56609,2.5505
93360190b9375a40b65720ee99387a4a,6e741443e7a0707cb99e552dc844439a,2.6304
93360190b9375a40b65720ee99387a4a,a7329b3e52d13627c92b24a745e70873,2.5542
93360190b9375a40b65720ee99387a4a,6e2a68aa94eb2a3b5b3499bf2314d544,2.4505
93360190b9375a40b65720ee99387a4a,0573b564a90d2d9f9c460eb963da8c33,2.3323
93360190b9375a40b65720ee99387a4a,bb50f2e236e5eea0100680137654686c,2.2711
93360190b9375a40b65720ee99387a4a,e76a885142c73e17342e450b79b46d40,2.0525
93360190b9375a40b65720ee99387a4a,cc7e60cc41c667212b37102362120438,2.0277
93360190b9375a40b65720ee99387a4a,39342c8e5e512bb1757779a3821a450f,1.9946
93360190b9375a40b65720ee99387a4a,d04e48982547095af81c231c3d581cb6,1.9945
93360190b9375a40b65720ee99387a4a,fe31b2791161c24e921f90788d443e1c,1.9551
935b9c5a3162185f88dac06d8d08d623,55aefe286a63b5e07f42a63c10371020,3.3802
935b9c5a3162185f88dac06d8d08d623,0de59eddc63167215c972b0d785ffa7b,3.2791
935b9c5a3162185f88dac06d8d08d623,ebc714d9f070a89f4d411982ea9670fb,3.2269
935b9c5a3162185f88dac06d8d08d623,8bb27b1d96be90b36b8d0c7f30931d52,3.1927
935b9c5a3162185f88dac06d8d08d623,fe31b2791161c24e921f90788d443e1c,2.9831
935b9c5a3162185f88dac06d8d08d623,a03e401d58a45187271718c5d7610422,2.9459
935b9c5a3162185f88dac06d8d08d623,48640118918b5bd6454e3fee20ad637b,2.8713
935b9c5a3162185f88dac06d8d08d623,39342c8e5e512bb1757779a3821a450f,2.8102
935b9c5a3162185f88dac06d8d08d623,0fd55f5dee013f990c929cd3ad6bfee0,2.7913
935b9c5a3162185f88dac06d8d08d623,cc7e60cc41c667212b37102362120438,2.6856
93c25a6ad8dd65c386a6b1093b7dc642,61a4100ccd6d9c4c808a1fd954ddb8ad,4.674
93c25a6ad8dd65c386a6b1093b7dc642,57c9362442482cd2451f2eabf468e532,4.2517
93c25a6ad8dd65c386a6b1093b7dc642,2e511b5741ab14e7f5294df6f1310b03,3.8665
93c25a6ad8dd65c386a6b1093b7dc642,597d26435e8ef77bb0fcd26f6c07d486,3.8645
93c25a6ad8dd65c386a6b1093b7dc642,cc7e60cc41c667212b37102362120438,3.8217
93c25a6ad8dd65c386a6b1093b7dc642,6e2a68aa94eb2a3b5b3499bf2314d544,3.7138
93c25a6ad8dd65c386a6b1093b7dc642,fe31b2791161c24e921f90788d443e1c,3.4527
93c25a6ad8dd65c386a6b1093b7dc642,55aefe286a63b5e07f42a63c10371020,3.3387
93c25a6ad8dd65c386a6b1093b7dc642,0b00b16606aeb46da3543bbabff4d6b3,3.309
93c25a6ad8dd65c386a6b1093b7dc642,3bb3e5caf47c7e92ed97227247e942a8,3.2972
941590fb8aef66b3a8352fe7c691879e,2e511b5741ab14e7f5294df6f1310b03,3.4729
941590fb8aef66b3a8352fe7c691879e,fe59a1e006df3ac42bf0ceb876d70969,3.3444
941590fb8aef66b3a8352fe7c691879e,a14aea6067b93158e956612c50b74cfa,3.1824
941590fb8aef66b3a8352fe7c691879e,ee918a5c4e95f273708c2582a5314325,3.0231
941590fb8aef66b3a8352fe7c691879e,c2a9f8aeb7a51580fccc2d1c4f8bceaf,2.9237
941590fb8aef66b3a8352fe7c691879e,98a4301b1aacd45984603af55b7a1de4,2.9231
941590fb8aef66b3a8352fe7c691879e,cc7e60cc41c667212b37102362120438,2.9109
941590fb8aef66b3a8352fe7c691879e,70906e04da1eebf3d1b8791bd09ffe85,2.9009
941590fb8aef66b3a8352fe7c691879e,b3e40ff639c185b9d726b4b19c17e6cd,2.8742
941590fb8aef66b3a8352fe7c691879e,0b00b16606aeb46da3543bbabff4d6b3,2.8527
9478384db2bccc092709b5b0b82f8ead,8bb27b1d96be90b36b8d0c7f30931d52,3.039
9478384db2bccc092709b5b0b82f8ead,39342c8e5e512bb1757779a3821a450f,2.8498
9478384db2bccc092709b5b0b82f8ead,a03e401d58a45187271718c5d7610422,2.8042
9478384db2bccc092709b5b0b82f8ead,cb03e4f0503f45854e87afe535e0681d,2.4493
9478384db2bccc092709b5b0b82f8ead,b68cf84ede4fd1e14b1740de5b727d55,2.4492
9478384db2bccc092709b5b0b82f8ead,4638e41e1c53018897e12edbb2815807,2.4166
9478384db2bccc092709b5b0b82f8ead,51f3e4065d72846204cb4f46d8d241cf,2.2816
9478384db2bccc092709b5b0b82f8ead,82cff05560eae73466f8778690b037fa,2.136
9478384db2bccc092709b5b0b82f8ead,fe31b2791161c24e921f90788d443e1c,2.0747
9478384db2bccc092709b5b0b82f8ead,81de659bfde3389fc8614bfba92e585a,2.0733
94a19681bf6faa3c6ce3e2df1c2d97cb,8bb27b1d96be90b36b8d0c7f30931d52,3.5385
94a19681bf6faa3c6ce3e2df1c2d97cb,fe31b2791161c24e921f90788d443e1c,3.3254
94a19681bf6faa3c6ce3e2df1c2d97cb,a03e401d58a45187271718c5d7610422,3.265
94a19681bf6faa3c6ce3e2df1c2d97cb,2e511b5741ab14e7f5294df6f1310b03,2.9497
94a19681bf6faa3c6ce3e2df1c2d97cb,ebc714d9f070a89f4d411982ea9670fb,2.876
94a19681bf6faa3c6ce3e2df1c2d97cb,cc7e60cc41c667212b37102362120438,2.7247
94a19681bf6faa3c6ce3e2df1c2d97cb,0de59eddc63167215c972b0d785ffa7b,2.7
94a19681bf6faa3c6ce3e2df1c2d97cb,6b6b162b177d0f36987993aecbe1c65f,2.6406
94a19681bf6faa3c6ce3e2df1c2d97cb,b68cf84ede4fd1e14b1740de5b727d55,2.5111
94a19681bf6faa3c6ce3e2df1c2d97cb,ee918a5c4e95f273708c2582a5314325,2.4774
94b9a50e7c20bb52bb4e7d4f174fc3b6,90b58782fdd04cb829667fcc41fb65f5,3.384
94b9a50e7c20bb52bb4e7d4f174fc3b6,308e4e21ae228a10f6370a243ae59995,3.2712
94b9a50e7c20bb52bb4e7d4f174fc3b6,8bb27b1d96be90b36b8d0c7f30931d52,2.8397
94b9a50e7c20bb52bb4e7d4f174fc3b6,a03e401d58a45187271718c5d7610422,2.6202
94b9a50e7c20bb52bb4e7d4f174fc3b6,0fd55f5dee013f990c929cd3ad6bfee0,2.4504
94b9a50e7c20bb52bb4e7d4f174fc3b6,ee918a5c4e95f273708c2582a5314325,2.3301
94b9a50e7c20bb52bb4e7d4f174fc3b6,0de59eddc63167215c972b0d785ffa7b,2.0874
94b9a50e7c20bb52bb4e7d4f174fc3b6,86f2416d4670e4ea3ca5494d043d9f24,2.0415
94b9a50e7c20bb52bb4e7d4f174fc3b6,bc596794d92f7b9959fe0e7430354b52,1.996
94b9a50e7c20bb52bb4e7d4f174fc3b6,b68cf84ede4fd1e14b1740de5b727d55,1.9665
964419499a4f095f129f60a9e45e419b,00faa46f36261af8bbf3a4d37fa4841b,4.1649
964419499a4f095f129f60a9e45e419b,ee918a5c4e95f273708c2582a5314325,3.438
964419499a4f095f129f60a9e45e419b,f110a8fd4a8052d5717ce2adc2bb71d0,3.0334
964419499a4f095f129f60a9e45e419b,ebc714d9f070a89f4d411982ea9670fb,2.9664
964419499a4f095f129f60a9e45e419b,61937887eb6ee0b405a5759756426486,2.3156
964419499a4f095f129f60a9e45e419b,65baa03ed325a23536e96fd66b3244c8,2.2333
964419499a4f095f129f60a9e45e419b,fc831da5307b1a3e23ed0259a2b6b2a1,2.2071
964419499a4f095f129f60a9e45e419b,0a56efd5f050d3f861a04c6f005d1128,2.1419
964419499a4f095f129f60a9e45e419b,63094ac128b54dd72d511043411df079,2.0824
964419499a4f095f129f60a9e45e419b,47b8c79d616369fd222f0bb68ea0293b,2.0809
9689908caf4de73724feed92175d867a,51f3e4065d72846204cb4f46d8d241cf,4.0506
9689908caf4de73724feed92175d867a,8bb27b1d96be90b36b8d0c7f30931d52,3.2831
9689908caf4de73724feed92175d867a,a03e401d58a45187271718c5d7610422,3.0294
9689908caf4de73724feed92175d867a,65f037a133d9ffc71164a5d69dee187e,2.9067
9689908caf4de73724feed92175d867a,4638e41e1c53018897e12edbb2815807,2.8015
9689908caf4de73724feed92175d867a,b68cf84ede4fd1e14b1740de5b727d55,2.6515
9689908caf4de73724feed92175d867a,ebc714d9f070a89f4d411982ea9670fb,2.618
9689908caf4de73724feed92175d867a,61a4100ccd6d9c4c808a1fd954ddb8ad,2.5836
9689908caf4de73724feed92175d867a,82cff05560eae73466f8778690b037fa,2.5324
9689908caf4de73724feed92175d867a,596dd8bfc1289b4336ef857ffb960d47,2.4838
9764c899917199574678b4d3f1aacfa3,fe59a1e006df3ac42bf0ceb876d70969,5.5802
9764c899917199574678b4d3f1aacfa3,98a4301b1aacd45984603af55b7a1de4,4.2917
9764c899917199574678b4d3f1aacfa3,b68cf84ede4fd1e14b1740de5b727d55,4.2405
9764c899917199574678b4d3f1aacfa3,b8c2cf7e813b0eb7ec62f7459217b22c,3.9132
9764c899917199574678b4d3f1aacfa3,a14aea6067b93158e956612c50b74cfa,3.8719
9764c899917199574678b4d3f1aacfa3,730d34d191892dd7c4fb157daade465e,3.6322
9764c899917199574678b4d3f1aacfa3,a06766fec51c96d4d0bce282906735eb,3.6149
9764c899917199574678b4d3f1aacfa3,8bb27b1d96be90b36b8d0c7f30931d52,3.5125
9764c899917199574678b4d3f1aacfa3,30d1842be9c62546d3fb853119602ac2,3.5021
9764c899917199574678b4d3f1aacfa3,ad1280b6c5b1af7cfd97372249be66c9,3.4197
976a39626eb2337ee3258d4ad73f1543,61937887eb6ee0b405a5759756426486,4.4294
976a39626eb2337ee3258d4ad73f1543,00faa46f36261af8bbf3a4d37fa4841b,4.4241
976a39626eb2337ee3258d4ad73f1543,61a4100ccd6d9c4c808a1fd954ddb8ad,3.8265
976a39626eb2337ee3258d4ad73f1543,3bb3e5caf47c7e92ed97227247e942a8,3.7737
976a39626eb2337ee3258d4ad73f1543,d35d1fa56f3c5a2777f5542a84a085dd,3.2681
976a39626eb2337ee3258d4ad73f1543,fe31b2791161c24e921f90788d443e1c,3.2226
976a39626eb2337ee3258d4ad73f1543,dbb67791e405873b259e4656bf971246,3.0905
976a39626eb2337ee3258d4ad73f1543,dc404a1496a08f9f5540c8b5d4b92925,2.9974
976a39626eb2337ee3258d4ad73f1543,81de659bfde3389fc8614bfba92e585a,2.9802
976a39626eb2337ee3258d4ad73f1543,ee918a5c4e95f273708c2582a5314325,2.9662
97bc08e526795b17e1d4f642f77ae304,90b58782fdd04cb829667fcc41fb65f5,3.277
97bc08e526795b17e1d4f642f77ae304,308e4e21ae228a10f6370a243ae59995,3.1677
97bc08e526795b17e1d4f642f77ae304,0fd55f5dee013f990c929cd3ad6bfee0,2.9322
97bc08e526795b17e1d4f642f77ae304,6cdd53843498f92890544667809f1595,2.8915
97bc08e526795b17e1d4f642f77ae304,ad1280b6c5b1af7cfd97372249be66c9,2.794
97bc08e526795b17e1d4f642f77ae304,0de59eddc63167215c972b0d785ffa7b,2.4516
97bc08e526795b17e1d4f642f77ae304,8bb27b1d96be90b36b8d0c7f30931d52,2.4484
97bc08e526795b17e1d4f642f77ae304,48640118918b5bd6454e3fee20ad637b,2.399
97bc08e526795b17e1d4f642f77ae304,a03e401d58a45187271718c5d7610422,2.2592
97bc08e526795b17e1d4f642f77ae304,304104a478e3a605db6072a22e4ee228,2.2536
97e5501feb2532ef0e124d2dc4e86537,cc7e60cc41c667212b37102362120438,3.9495
97e5501feb2532ef0e124d2dc4e86537,0fd55f5dee013f990c929cd3ad6bfee0,3.4696
97e5501feb2532ef0e124d2dc4e86537,8bb27b1d96be90b36b8d0c7f30931d52,3.3816
97e5501feb2532ef0e124d2dc4e86537,6e2a68aa94eb2a3b5b3499bf2314d544,3.341
97e5501feb2532ef0e124d2dc4e86537,c2a9f8aeb7a51580fccc2d1c4f8bceaf,3.3237
97e5501feb2532ef0e124d2dc4e86537,55aefe286a63b5e07f42a63c10371020,3.2947
97e5501feb2532ef0e124d2dc4e86537,b68cf84ede4fd1e14b1740de5b727d55,3.2563
97e5501feb2532ef0e124d2dc4e86537,0de59eddc63167215c972b0d785ffa7b,3.1966
97e5501feb2532ef0e124d2dc4e86537,a03e401d58a45187271718c5d7610422,3.1203
97e5501feb2532ef0e124d2dc4e86537,ebc714d9f070a89f4d411982ea9670fb,3.0423
9895459a777c96d1f180c344fc5fdefe,65f037a133d9ffc71164a5d69dee187e,3.4215
9895459a777c96d1f180c344fc5fdefe,51f3e4065d72846204cb4f46d8d241cf,2.4384
9895459a777c96d1f180c344fc5fdefe,b8c2cf7e813b0eb7ec62f7459217b22c,2.1739
9895459a777c96d1f180c344fc5fdefe,33e503f68fb60fe165ed992965f2c737,1.75
9895459a777c96d1f180c344fc5fdefe,fe59a1e006df3ac42bf0ceb876d70969,1.7202
9895459a777c96d1f180c344fc5fdefe,399f54c06661d06ca45c6e24ed238e0e,1.6908
9895459a777c96d1f180c344fc5fdefe,b09cd20111b8c27705b617c3b5af7608,1.6434
9895459a777c96d1f180c344fc5fdefe,9eacfe990da87a66d7fc95e4f97bad14,1.6434
9895459a777c96d1f180c344fc5fdefe,6e741443e7a0707cb99e552dc844439a,1.5907
9895459a777c96d1f180c344fc5fdefe,730d34d191892dd7c4fb157daade465e,1.5897
98ac019a5eae363963d9b119e5e080ae,f110a8fd4a8052d5717ce2adc2bb71d0,3.0718
98ac019a5eae363963d9b119e5e080ae,ebc714d9f070a89f4d411982ea9670fb,2.9307
98ac019a5eae363963d9b119e5e080ae,00faa46f36261af8bbf3a4d37fa4841b,2.9121
98ac019a5eae363963d9b119e5e080ae,ee918a5c4e95f273708c2582a5314325,2.4535
98ac019a5eae363963d9b119e5e080ae,a14aea6067b93158e956612c50b74cfa,2.1622
98ac019a5eae363963d9b119e5e080ae,fc831da5307b1a3e23ed0259a2b6b2a1,2.0528
98ac019a5eae363963d9b119e5e080ae,1dd284c37ca97cbb86c029c65fb9a494,1.9972
98ac019a5eae363963d9b119e5e080ae,47b8c79d616369fd222f0bb68ea0293b,1.9563
98ac019a5eae363963d9b119e5e080ae,79ccb1aca8fcf379a6ed2412fba0480e,1.8823
98ac019a5eae363963d9b119e5e080ae,6d8096ca93caea3416a6b24bf411bc86,1.8566
98e3117841a2431959d17808f04bf23c,8bb27b1d96be90b36b8d0c7f30931d52,3.8333
98e3117841a2431959d17808f04bf23c,ee918a5c4e95f273708c2582a5314325,3.7876
98e3117841a2431959d17808f04bf23c,a03e401d58a45187271718c5d7610422,3.5371
98e3117841a2431959d17808f04bf23c,cb03e4f0503f45854e87afe535e0681d,3.0644
98e3117841a2431959d17808f04bf23c,00faa46f36261af8bbf3a4d37fa4841b,3.0042
98e3117841a2431959d17808f04bf23c,f6eda47c88d786adf6f3e3f016833927,2.9742
98e3117841a2431959d17808f04bf23c,ebc714d9f070a89f4d411982ea9670fb,2.9303
98e3117841a2431959d17808f04bf23c,b68cf84ede4fd1e14b1740de5b727d55,2.8952
98e3117841a2431959d17808f04bf23c,7893c68e0a8b6e58a70390551e8a84d9,2.652
98e3117841a2431959d17808f04bf23c,cfe6e9c01d0bbb5df9a75f0e3286baa9,2.652
99411da41bbc717063cad61397ddf465,3bb3e5caf47c7e92ed97227247e942a8,3.6147
99411da41bbc717063cad61397ddf465,61937887eb6ee0b405a5759756426486,3.4321
99411da41bbc717063cad61397ddf465,d35d1fa56f3c5a2777f5542a84a085dd,2.9843
99411da41bbc717063cad61397ddf465,57c9362442482cd2451f2eabf468e532,2.9603
99411da41bbc717063cad61397ddf465,90b58782fdd04cb829667fcc41fb65f5,2.9178
99411da41bbc717063cad61397ddf465,308e4e21ae228a10f6370a243ae59995,2.8205
99411da41bbc717063cad61397ddf465,12f749c76f15e9bf5743bebda92da24a,2.8096
99411da41bbc717063cad61397ddf465,00faa46f36261af8bbf3a4d37fa4841b,2.6504
99411da41bbc717063cad61397ddf465,eb53f94fdc60278efcef123bb275658a,2.5378
99411da41bbc717063cad61397ddf465,dbb67791e405873b259e4656bf971246,2.446
9947c0ed8bf41cd508a78da36abc1d41,a14aea6067b93158e956612c50b74cfa,2.8508
9947c0ed8bf41cd508a78da36abc1d41,f110a8fd4a8052d5717ce2adc2bb71d0,2.5473
9947c0ed8bf41cd508a78da36abc1d41,ebc714d9f070a89f4d411982ea9670fb,2.5238
9947c0ed8bf41cd508a78da36abc1d41,1dd284c37ca97cbb86c029c65fb9a494,2.1659
9947c0ed8bf41cd508a78da36abc1d41,98a4301b1aacd45984603af55b7a1de4,2.0302
9947c0ed8bf41cd508a78da36abc1d41,fe59a1e006df3ac42bf0ceb876d70969,1.9547
9947c0ed8bf41cd508a78da36abc1d41,c2a9f8aeb7a51580fccc2d1c4f8bceaf,1.9076
9947c0ed8bf41cd508a78da36abc1d41,730d34d191892dd7c4fb157daade465e,1.7689
9947c0ed8bf41cd508a78da36abc1d41,b68cf84ede4fd1e14b1740de5b727d55,1.7286
9947c0ed8bf41cd508a78da36abc1d41,a06766fec51c96d4d0bce282906735eb,1.7101
9a0af61358699b0b9c811548cf282f6d,4638e41e1c53018897e12edbb2815807,2.967
9a0af61358699b0b9c811548cf282f6d,8bb27b1d96be90b36b8d0c7f30931d52,2.9604
9a0af61358699b0b9c811548cf282f6d,a03e401d58a45187271718c5d7610422,2.7316
9a0af61358699b0b9c811548cf282f6d,82cff05560eae73466f8778690b037fa,2.6762
9a0af61358699b0b9c811548cf282f6d,51f3e4065d72846204cb4f46d8d241cf,2.4688
9a0af61358699b0b9c811548cf282f6d,b68cf84ede4fd1e14b1740de5b727d55,2.4423
9a0af61358699b0b9c811548cf282f6d,81de659bfde3389fc8614bfba92e585a,2.4137
9a0af61358699b0b9c811548cf282f6d,61a4100ccd6d9c4c808a1fd954ddb8ad,2.411
9a0af61358699b0b9c811548cf282f6d,cb03e4f0503f45854e87afe535e0681d,2.2649
9a0af61358699b0b9c811548cf282f6d,39342c8e5e512bb1757779a3821a450f,2.25
9a2054a51cf807e1fa4bee356f28a9c6,00faa46f36261af8bbf3a4d37fa4841b,3.0882
9a2054a51cf807e1fa4bee356f28a9c6,ee918a5c4e95f273708c2582a5314325,2.8969
9a2054a51cf807e1fa4bee356f28a9c6,51f3e4065d72846204cb4f46d8d241cf,2.711
9a2054a51cf807e1fa4bee356f28a9c6,ebc714d9f070a89f4d411982ea9670fb,2.6814
9a2054a51cf807e1fa4bee356f28a9c6,61a4100ccd6d9c4c808a1fd954ddb8ad,2.6713
9a2054a51cf807e1fa4bee356f28a9c6,8bb27b1d96be90b36b8d0c7f30931d52,2.1602
9a2054a51cf807e1fa4bee356f28a9c6,61937887eb6ee0b405a5759756426486,2.136
9a2054a51cf807e1fa4bee356f28a9c6,0a56efd5f050d3f861a04c6f005d1128,2.0831
9a2054a51cf807e1fa4bee356f28a9c6,f110a8fd4a8052d5717ce2adc2bb71d0,2.0355
9a2054a51cf807e1fa4bee356f28a9c6,55aefe286a63b5e07f42a63c10371020,2.03
9a736b248f67d166d2fbb006bcb877c3,65f037a133d9ffc71164a5d69dee187e,3.3441
9a736b248f67d166d2fbb006bcb877c3,b8c2cf7e813b0eb7ec62f7459217b22c,3.2799
9a736b248f67d166d2fbb006bcb877c3,ad1280b6c5b1af7cfd97372249be66c9,3.0229
9a736b248f67d166d2fbb006bcb877c3,51f3e4065d72846204cb4f46d8d241cf,2.9499
9a736b248f67d166d2fbb006bcb877c3,fe59a1e006df3ac42bf0ceb876d70969,2.604
9a736b248f67d166d2fbb006bcb877c3,8bb27b1d96be90b36b8d0c7f30931d52,2.5015
9a736b248f67d166d2fbb006bcb877c3,a03e401d58a45187271718c5d7610422,2.3082
9a736b248f67d166d2fbb006bcb877c3,399f54c06661d06ca45c6e24ed238e0e,2.1943
9a736b248f67d166d2fbb006bcb877c3,773a9c97b7435492ec93014cd43ecf77,2.1404
9a736b248f67d166d2fbb006bcb877c3,6e741443e7a0707cb99e552dc844439a,2.1299
9a7b819bc0d6d9e9ce14fc7bb3925ff8,0de59eddc63167215c972b0d785ffa7b,2.6605
9a7b819bc0d6d9e9ce14fc7bb3925ff8,00faa46f36261af8bbf3a4d37fa4841b,2.5807
9a7b819bc0d6d9e9ce14fc7bb3925ff8,55aefe286a63b5e07f42a63c10371020,2.3978
9a7b819bc0d6d9e9ce14fc7bb3925ff8,48640118918b5bd6454e3fee20ad637b,2.3969
9a7b819bc0d6d9e9ce14fc7bb3925ff8,ebc714d9f070a89f4d411982ea9670fb,2.2443
9a7b819bc0d6d9e9ce14fc7bb3925ff8,86332b1229c41aeb4ab9d85472de3ed9,2.2425
9a7b819bc0d6d9e9ce14fc7bb3925ff8,8bb27b1d96be90b36b8d0c7f30931d52,2.0981
9a7b819bc0d6d9e9ce14fc7bb3925ff8,b07499163c612b591ce1621452672e69,2.0755
9a7b819bc0d6d9e9ce14fc7bb3925ff8,ee918a5c4e95f273708c2582a5314325,2.056
9a7b819bc0d6d9e9ce14fc7bb3925ff8,b8c2cf7e813b0eb7ec62f7459217b22c,2.0427
9aae8213ff9bc04cc3ce48b85f43a173,ebc714d9f070a89f4d411982ea9670fb,3.6503
9aae8213ff9bc04cc3ce48b85f43a173,00faa46f36261af8bbf3a4d37fa4841b,3.3015
9aae8213ff9bc04cc3ce48b85f43a173,ee918a5c4e95f273708c2582a5314325,3.1951
9aae8213ff9bc04cc3ce48b85f43a173,f110a8fd4a8052d5717ce2adc2bb71d0,3.1158
9aae8213ff9bc04cc3ce48b85f43a173,61a4100ccd6d9c4c808a1fd954ddb8ad,3.006
9aae8213ff9bc04cc3ce48b85f43a173,cc7e60cc41c667212b37102362120438,2.9164
9aae8213ff9bc04cc3ce48b85f43a173,55aefe286a63b5e07f42a63c10371020,2.8539
9aae8213ff9bc04cc3ce48b85f43a173,3ed43e8f95f9801cd8099b6f73e07335,2.8453
9aae8213ff9bc04cc3ce48b85f43a173,596dd8bfc1289b4336ef857ffb960d47,2.8453
9aae8213ff9bc04cc3ce48b85f43a173,4606f0b0bceceb75e7a887e6b57cae3e,2.7406
9bd9da79f0355157190afe3d551274dc,00faa46f36261af8bbf3a4d37fa4841b,3.5604
9bd9da79f0355157190afe3d551274dc,61937887eb6ee0b405a5759756426486,2.9668
9bd9da79f0355157190afe3d551274dc,ee918a5c4e95f273708c2582a5314325,2.7125
9bd9da79f0355157190afe3d551274dc,f110a8fd4a8052d5717ce2adc2bb71d0,2.0396
9bd9da79f0355157190afe3d551274dc,d787ebe896a3557db778d1fadf16ad85,1.9665
9bd9da79f0355157190afe3d551274dc,3bb3e5caf47c7e92ed97227247e942a8,1.9112
9bd9da79f0355157190afe3d551274dc,ebc714d9f070a89f4d411982ea9670fb,1.8084
9bd9da79f0355157190afe3d551274dc,63094ac128b54dd72d511043411df079,1.7802
9bd9da79f0355157190afe3d551274dc,3de0f67a3747dbf94f485e9f5843b02d,1.709
9bd9da79f0355157190afe3d551274dc,6cc859e89d080218ff4416539ffa030c,1.6926
9c08d6f85c7fcec4b08ead25590c0af7,fe31b2791161c24e921f90788d443e1c,4.1726
9c08d6f85c7fcec4b08ead25590c0af7,2e511b5741ab14e7f5294df6f1310b03,3.9345
9c08d6f85c7fcec4b08ead25590c0af7,6b6b162b177d0f36987993aecbe1c65f,3.8462
9c08d6f85c7fcec4b08ead25590c0af7,70906e04da1eebf3d1b8791bd09ffe85,3.2864
9c08d6f85c7fcec4b08ead25590c0af7,41da75141264c3bde21ecea85a4cb8b7,3.2843
9c08d6f85c7fcec4b08ead25590c0af7,a04cf12934a318be6550b1aeab938bf2,3.2509
9c08d6f85c7fcec4b08ead25590c0af7,cc7e60cc41c667212b37102362120438,2.9996
9c08d6f85c7fcec4b08ead25590c0af7,0de59eddc63167215c972b0d785ffa7b,2.9994
9c08d6f85c7fcec4b08ead25590c0af7,b8c2cf7e813b0eb7ec62f7459217b22c,2.8931
9c08d6f85c7fcec4b08ead25590c0af7,202d7062d09aa564dfd5aaa1aac775b6,2.8726
9c77a1587900063f6156b00224fe16e9,8bb27b1d96be90b36b8d0c7f30931d52,4.4434
9c77a1587900063f6156b00224fe16e9,a03e401d58a45187271718c5d7610422,4.1
9c77a1587900063f6156b00224fe16e9,b68cf84ede4fd1e14b1740de5b727d55,3.5442
9c77a1587900063f6156b00224fe16e9,2e511b5741ab14e7f5294df6f1310b03,3.3204
9c77a1587900063f6156b00224fe16e9,cc7e60cc41c667212b37102362120438,3.247
9c77a1587900063f6156b00224fe16e9,fe59a1e006df3ac42bf0ceb876d70969,3.0684
9c77a1587900063f6156b00224fe16e9,fe31b2791161c24e921f90788d443e1c,3.0134
9c77a1587900063f6156b00224fe16e9,b8c2cf7e813b0eb7ec62f7459217b22c,3.0109
9c77a1587900063f6156b00224fe16e9,90b58782fdd04cb829667fcc41fb65f5,3.009
9c77a1587900063f6156b00224fe16e9,0de59eddc63167215c972b0d785ffa7b,2.9186
9cc5a07f169a1606fd347a56683e6ea6,2e511b5741ab14e7f5294df6f1310b03,4.2507
9cc5a07f169a1606fd347a56683e6ea6,70906e04da1eebf3d1b8791bd09ffe85,3.5505
9cc5a07f169a1606fd347a56683e6ea6,8bb27b1d96be90b36b8d0c7f30931d52,3.4068
9cc5a07f169a1606fd347a56683e6ea6,fe31b2791161c24e921f90788d443e1c,3.381
9cc5a07f169a1606fd347a56683e6ea6,a03e401d58a45187271718c5d7610422,3.1435
9cc5a07f169a1606fd347a56683e6ea6,41da75141264c3bde21ecea85a4cb8b7,3.1188
9cc5a07f169a1606fd347a56683e6ea6,a04cf12934a318be6550b1aeab938bf2,2.8019
9cc5a07f169a1606fd347a56683e6ea6,57c9362442482cd2451f2eabf468e532,2.7362
9cc5a07f169a1606fd347a56683e6ea6,7a5b821fca01c5a75fa33c06f249e0f5,2.6733
9cc5a07f169a1606fd347a56683e6ea6,0b00b16606aeb46da3543bbabff4d6b3,2.6178
9d2b062dc07734a1d7053478a7e83280,ad1280b6c5b1af7cfd97372249be66c9,2.8031
9d2b062dc07734a1d7053478a7e83280,fe59a1e006df3ac42bf0ceb876d70969,2.3574
9d2b062dc07734a1d7053478a7e83280,b8c2cf7e813b0eb7ec62f7459217b22c,2.2913
9d2b062dc07734a1d7053478a7e83280,90b58782fdd04cb829667fcc41fb65f5,2.2762
9d2b062dc07734a1d7053478a7e83280,308e4e21ae228a10f6370a243ae59995,2.2003
9d2b062dc07734a1d7053478a7e83280,6cdd53843498f92890544667809f1595,2.0406
9d2b062dc07734a1d7053478a7e83280,51f3e4065d72846204cb4f46d8d241cf,2.021
9d2b062dc07734a1d7053478a7e83280,0fd55f5dee013f990c929cd3ad6bfee0,1.9781
9d2b062dc07734a1d7053478a7e83280,98a4301b1aacd45984603af55b7a1de4,1.8368
9d2b062dc07734a1d7053478a7e83280,8bb27b1d96be90b36b8d0c7f30931d52,1.8105
9d31457a03125fc870787a251760315a,fe59a1e006df3ac42bf0ceb876d70969,3.9071
9d31457a03125fc870787a251760315a,2e511b5741ab14e7f5294df6f1310b03,3.3045
9d31457a03125fc870787a251760315a,98a4301b1aacd45984603af55b7a1de4,3.2405
9d31457a03125fc870787a251760315a,a14aea6067b93158e956612c50b74cfa,3.2248
9d31457a03125fc870787a251760315a,cc7e60cc41c667212b37102362120438,3.1773
9d31457a03125fc870787a251760315a,c2a9f8aeb7a51580fccc2d1c4f8bceaf,3.121
9d31457a03125fc870787a251760315a,730d34d191892dd7c4fb157daade465e,3.0006
9d31457a03125fc870787a251760315a,30d1842be9c62546d3fb853119602ac2,2.8932
9d31457a03125fc870787a251760315a,b8c2cf7e813b0eb7ec62f7459217b22c,2.8278
9d31457a03125fc870787a251760315a,73026ce2daa69ea29901945b1f915846,2.7604
9d9eb11f6090ecec7860e9ddfc22dc10,6e2a68aa94eb2a3b5b3499bf2314d544,2.356
9d9eb11f6090ecec7860e9ddfc22dc10,0573b564a90d2d9f9c460eb963da8c33,2.111
9d9eb11f6090ecec7860e9ddfc22dc10,6e741443e7a0707cb99e552dc844439a,1.9924
9d9eb11f6090ecec7860e9ddfc22dc10,39342c8e5e512bb1757779a3821a450f,1.9176
9d9eb11f6090ecec7860e9ddfc22dc10,e76a885142c73e17342e450b79b46d40,1.8578
9d9eb11f6090ecec7860e9ddfc22dc10,48640118918b5bd6454e3fee20ad637b,1.834
9d9eb11f6090ecec7860e9ddfc22dc10,d04e48982547095af81c231c3d581cb6,1.8303
9d9eb11f6090ecec7860e9ddfc22dc10,a7329b3e52d13627c92b24a745e70873,1.7897
9d9eb11f6090ecec7860e9ddfc22dc10,bb50f2e236e5eea0100680137654686c,1.7727
9d9eb11f6090ecec7860e9ddfc22dc10,fe31b2791161c24e921f90788d443e1c,1.7198
9eb77967122094a4eea4084933b47a1e,90b58782fdd04cb829667fcc41fb65f5,4.0778
9eb77967122094a4eea4084933b47a1e,308e4e21ae228a10f6370a243ae59995,3.9418
9eb77967122094a4eea4084933b47a1e,8bb27b1d96be90b36b8d0c7f30931d52,3.6395
9eb77967122094a4eea4084933b47a1e,a03e401d58a45187271718c5d7610422,3.3582
9eb77967122094a4eea4084933b47a1e,ad1280b6c5b1af7cfd97372249be66c9,3.2793
9eb77967122094a4eea4084933b47a1e,6cdd53843498f92890544667809f1595,3.2364
9eb77967122094a4eea4084933b47a1e,0fd55f5dee013f990c929cd3ad6bfee0,3.143
9eb77967122094a4eea4084933b47a1e,b68cf84ede4fd1e14b1740de5b727d55,3.088
9eb77967122094a4eea4084933b47a1e,0de59eddc63167215c972b0d785ffa7b,2.8264
9eb77967122094a4eea4084933b47a1e,fe59a1e006df3ac42bf0ceb876d70969,2.8171
9f15c64a6078b40c97b3a742c8677b2e,a7329b3e52d13627c92b24a745e70873,2.3755
9f15c64a6078b40c97b3a742c8677b2e,6e741443e7a0707cb99e552dc844439a,2.0605
9f15c64a6078b40c97b3a742c8677b2e,0573b564a90d2d9f9c460eb963da8c33,1.8976
9f15c64a6078b40c97b3a742c8677b2e,6e2a68aa94eb2a3b5b3499bf2314d544,1.8973
9f15c64a6078b40c97b3a742c8677b2e,bb50f2e236e5eea0100680137654686c,1.8671
9f15c64a6078b40c97b3a742c8677b2e,cc7e60cc41c667212b37102362120438,1.7301
9f15c64a6078b40c97b3a742c8677b2e,99e365fea0b15ee63272ff391fdde785,1.7077
9f15c64a6078b40c97b3a742c8677b2e,c2a9f8aeb7a51580fccc2d1c4f8bceaf,1.6951
9f15c64a6078b40c97b3a742c8677b2e,fe31b2791161c24e921f90788d443e1c,1.6799
9f15c64a6078b40c97b3a742c8677b2e,e76a885142c73e17342e450b79b46d40,1.67
9f227c6fa314eba38c6481b38736ba75,8bb27b1d96be90b36b8d0c7f30931d52,4.3716
9f227c6fa314eba38c6481b38736ba75,b68cf84ede4fd1e14b1740de5b727d55,4.2851
9f227c6fa314eba38c6481b38736ba75,fe59a1e006df3ac42bf0ceb876d70969,4.1816
9f227c6fa314eba38c6481b38736ba75,a03e401d58a45187271718c5d7610422,4.0337
9f227c6fa314eba38c6481b38736ba75,fe31b2791161c24e921f90788d443e1c,3.7574
9f227c6fa314eba38c6481b38736ba75,90b58782fdd04cb829667fcc41fb65f5,3.7407
9f227c6fa314eba38c6481b38736ba75,308e4e21ae228a10f6370a243ae59995,3.6159
9f227c6fa314eba38c6481b38736ba75,ebc714d9f070a89f4d411982ea9670fb,3.5931
9f227c6fa314eba38c6481b38736ba75,b8c2cf7e813b0eb7ec62f7459217b22c,3.514
9f227c6fa314eba38c6481b38736ba75,0de59eddc63167215c972b0d785ffa7b,3.4716
9f57a690cec758524945e9e990cc2255,3ed43e8f95f9801cd8099b6f73e07335,3.8777
9f57a690cec758524945e9e990cc2255,596dd8bfc1289b4336ef857ffb960d47,3.8777
9f57a690cec758524945e9e990cc2255,61a4100ccd6d9c4c808a1fd954ddb8ad,3.4763
9f57a690cec758524945e9e990cc2255,cc7e60cc41c667212b37102362120438,3.2671
9f57a690cec758524945e9e990cc2255,4638e41e1c53018897e12edbb2815807,3.1978
9f57a690cec758524945e9e990cc2255,b9e88d457e276521ccb0b226f2f8f18f,3.1009
9f57a690cec758524945e9e990cc2255,55aefe286a63b5e07f42a63c10371020,3.0332
9f57a690cec758524945e9e990cc2255,2e511b5741ab14e7f5294df6f1310b03,2.9998
9f57a690cec758524945e9e990cc2255,451482edc91f59c001a5a3a0e4d594bf,2.9637
9f57a690cec758524945e9e990cc2255,8bb27b1d96be90b36b8d0c7f30931d52,2.8813
9f67aa18a87ea9a76854deeb9385c011,00faa46f36261af8bbf3a4d37fa4841b,4.4406
9f67aa18a87ea9a76854deeb9385c011,61937887eb6ee0b405a5759756426486,4.0867
9f67aa18a87ea9a76854deeb9385c011,3bb3e5caf47c7e92ed97227247e942a8,3.2714
9f67aa18a87ea9a76854deeb9385c011,ee918a5c4e95f273708c2582a5314325,3.0546
9f67aa18a87ea9a76854deeb9385c011,d35d1fa56f3c5a2777f5542a84a085dd,2.8833
9f67aa18a87ea9a76854deeb9385c011,3de0f67a3747dbf94f485e9f5843b02d,2.7666
9f67aa18a87ea9a76854deeb9385c011,65f037a133d9ffc71164a5d69dee187e,2.6638
9f67aa18a87ea9a76854deeb9385c011,d787ebe896a3557db778d1fadf16ad85,2.6189
9f67aa18a87ea9a76854deeb9385c011,61a4100ccd6d9c4c808a1fd954ddb8ad,2.4461
9f67aa18a87ea9a76854deeb9385c011,20531b0644a0719b8d506c4db3c56609,2.3078
9fa090c27af98e6e37f23c0cf4feeb14,2e511b5741ab14e7f5294df6f1310b03,3.1674
9fa090c27af98e6e37f23c0cf4feeb14,8bb27b1d96be90b36b8d0c7f30931d52,3.0801
9fa090c27af98e6e37f23c0cf4feeb14,82cff05560eae73466f8778690b037fa,2.8713
9fa090c27af98e6e37f23c0cf4feeb14,a03e401d58a45187271718c5d7610422,2.8421
9fa090c27af98e6e37f23c0cf4feeb14,fe31b2791161c24e921f90788d443e1c,2.8416
9fa090c27af98e6e37f23c0cf4feeb14,4638e41e1c53018897e12edbb2815807,2.7737
9fa090c27af98e6e37f23c0cf4feeb14,70906e04da1eebf3d1b8791bd09ffe85,2.6456
9fa090c27af98e6e37f23c0cf4feeb14,7a5b821fca01c5a75fa33c06f249e0f5,2.5928
9fa090c27af98e6e37f23c0cf4feeb14,3ed43e8f95f9801cd8099b6f73e07335,2.4178
9fa090c27af98e6e37f23c0cf4feeb14,596dd8bfc1289b4336ef857ffb960d47,2.4178
9fdf694ddd72ea586dc72ceb7a0d2d91,a7329b3e52d13627c92b24a745e70873,3.3129
9fdf694ddd72ea586dc72ceb7a0d2d91,fe31b2791161c24e921f90788d443e1c,3.0961
9fdf694ddd72ea586dc72ceb7a0d2d91,bb50f2e236e5eea0100680137654686c,2.9734
9fdf694ddd72ea586dc72ceb7a0d2d91,6e741443e7a0707cb99e552dc844439a,2.8923
9fdf694ddd72ea586dc72ceb7a0d2d91,20531b0644a0719b8d506c4db3c56609,2.7166
9fdf694ddd72ea586dc72ceb7a0d2d91,cc7e60cc41c667212b37102362120438,2.6488
9fdf694ddd72ea586dc72ceb7a0d2d91,6b6b162b177d0f36987993aecbe1c65f,2.5943
9fdf694ddd72ea586dc72ceb7a0d2d91,57c9362442482cd2451f2eabf468e532,2.5325
9fdf694ddd72ea586dc72ceb7a0d2d91,99e365fea0b15ee63272ff391fdde785,2.5294
9fdf694ddd72ea586dc72ceb7a0d2d91,b68cf84ede4fd1e14b1740de5b727d55,2.5277
9fe8cb705d35cf54025160f9f01b7cc4,8bb27b1d96be90b36b8d0c7f30931d52,3.0239
9fe8cb705d35cf54025160f9f01b7cc4,a03e401d58a45187271718c5d7610422,2.7902
9fe8cb705d35cf54025160f9f01b7cc4,51f3e4065d72846204cb4f46d8d241cf,2.7385
9fe8cb705d35cf54025160f9f01b7cc4,0de59eddc63167215c972b0d785ffa7b,2.7237
9fe8cb705d35cf54025160f9f01b7cc4,ebc714d9f070a89f4d411982ea9670fb,2.6758
9fe8cb705d35cf54025160f9f01b7cc4,fe31b2791161c24e921f90788d443e1c,2.6477
9fe8cb705d35cf54025160f9f01b7cc4,55aefe286a63b5e07f42a63c10371020,2.6312
9fe8cb705d35cf54025160f9f01b7cc4,00faa46f36261af8bbf3a4d37fa4841b,2.4831
9fe8cb705d35cf54025160f9f01b7cc4,b8c2cf7e813b0eb7ec62f7459217b22c,2.4371
9fe8cb705d35cf54025160f9f01b7cc4,cc7e60cc41c667212b37102362120438,2.4209
9feb173c01e083d641d2a5ec10b304e5,ebc714d9f070a89f4d411982ea9670fb,4.931
9feb173c01e083d641d2a5ec10b304e5,8bb27b1d96be90b36b8d0c7f30931d52,4.5465
9feb173c01e083d641d2a5ec10b304e5,a03e401d58a45187271718c5d7610422,4.1951
9feb173c01e083d641d2a5ec10b304e5,4638e41e1c53018897e12edbb2815807,3.9781
9feb173c01e083d641d2a5ec10b304e5,b68cf84ede4fd1e14b1740de5b727d55,3.9744
9feb173c01e083d641d2a5ec10b304e5,51f3e4065d72846204cb4f46d8d241cf,3.9646
9feb173c01e083d641d2a5ec10b304e5,61a4100ccd6d9c4c808a1fd954ddb8ad,3.9626
9feb173c01e083d641d2a5ec10b304e5,fe31b2791161c24e921f90788d443e1c,3.949
9feb173c01e083d641d2a5ec10b304e5,39342c8e5e512bb1757779a3821a450f,3.6238
9feb173c01e083d641d2a5ec10b304e5,55aefe286a63b5e07f42a63c10371020,3.5765
a029899dd8534557a81c369475ff80c8,8bb27b1d96be90b36b8d0c7f30931d52,4.8391
a029899dd8534557a81c369475ff80c8,a03e401d58a45187271718c5d7610422,4.4651
a029899dd8534557a81c369475ff80c8,ebc714d9f070a89f4d411982ea9670fb,4.2278
a029899dd8534557a81c369475ff80c8,51f3e4065d72846204cb4f46d8d241cf,4.1412
a029899dd8534557a81c369475ff80c8,b68cf84ede4fd1e14b1740de5b727d55,3.7744
a029899dd8534557a81c369475ff80c8,fe31b2791161c24e921f90788d443e1c,3.5592
a029899dd8534557a81c369475ff80c8,0de59eddc63167215c972b0d785ffa7b,3.5187
a029899dd8534557a81c369475ff80c8,55aefe286a63b5e07f42a63c10371020,3.4674
a029899dd8534557a81c369475ff80c8,4638e41e1c53018897e12edbb2815807,3.4017
a029899dd8534557a81c369475ff80c8,cc7e60cc41c667212b37102362120438,3.2776
a06f383add4d40457f1909b67ce6b7fb,2e511b5741ab14e7f5294df6f1310b03,3.7921
a06f383add4d40457f1909b67ce6b7fb,fe31b2791161c24e921f90788d443e1c,3.334
a06f383add4d40457f1909b67ce6b7fb,70906e04da1eebf3d1b8791bd09ffe85,3.1674
a06f383add4d40457f1909b67ce6b7fb,8bb27b1d96be90b36b8d0c7f30931d52,3.0159
a06f383add4d40457f1909b67ce6b7fb,41da75141264c3bde21ecea85a4cb8b7,2.8324
a06f383add4d40457f1909b67ce6b7fb,a03e401d58a45187271718c5d7610422,2.7828
a06f383add4d40457f1909b67ce6b7fb,7a5b821fca01c5a75fa33c06f249e0f5,2.7713
a06f383add4d40457f1909b67ce6b7fb,a04cf12934a318be6550b1aeab938bf2,2.5083
a06f383add4d40457f1909b67ce6b7fb,82cff05560eae73466f8778690b037fa,2.4833
a06f383add4d40457f1909b67ce6b7fb,451482edc91f59c001a5a3a0e4d594bf,2.4425
a0abd26659c9914690cbd3320d39fd96,51f3e4065d72846204cb4f46d8d241cf,4.0054
a0abd26659c9914690cbd3320d39fd96,61a4100ccd6d9c4c808a1fd954ddb8ad,3.9153
a0abd26659c9914690cbd3320d39fd96,8bb27b1d96be90b36b8d0c7f30931d52,3.8081
a0abd26659c9914690cbd3320d39fd96,65f037a133d9ffc71164a5d69dee187e,3.6335
a0abd26659c9914690cbd3320d39fd96,a03e401d58a45187271718c5d7610422,3.5138
a0abd26659c9914690cbd3320d39fd96,20531b0644a0719b8d506c4db3c56609,3.3561
a0abd26659c9914690cbd3320d39fd96,61937887eb6ee0b405a5759756426486,3.28
a0abd26659c9914690cbd3320d39fd96,b68cf84ede4fd1e14b1740de5b727d55,3.2273
a0abd26659c9914690cbd3320d39fd96,fe31b2791161c24e921f90788d443e1c,3.2013
a0abd26659c9914690cbd3320d39fd96,ebc714d9f070a89f4d411982ea9670fb,3.1484
a0c241dec798f1624d120b0be72d7377,41da75141264c3bde21ecea85a4cb8b7,2.9365
a0c241dec798f1624d120b0be72d7377,2e511b5741ab14e7f5294df6f1310b03,2.7097
a0c241dec798f1624d120b0be72d7377,429e7401fafb76436f15e86498bd7364,2.4112
a0c241dec798f1624d120b0be72d7377,70906e04da1eebf3d1b8791bd09ffe85,2.2633
a0c241dec798f1624d120b0be72d7377,a04cf12934a318be6550b1aeab938bf2,2.2551
a0c241dec798f1624d120b0be72d7377,fe31b2791161c24e921f90788d443e1c,2.1056
a0c241dec798f1624d120b0be72d7377,6b6b162b177d0f36987993aecbe1c65f,2.0406
a0c241dec798f1624d120b0be72d7377,7a5b821fca01c5a75fa33c06f249e0f5,2.039
a0c241dec798f1624d120b0be72d7377,dcfe76be1e1036cb99e5d8bdc2a1b1c9,1.9347
a0c241dec798f1624d120b0be72d7377,b5661cf46c147805adc83695fb04f487,1.9131
a1874c5550d2f0bc14cc122164603713,20531b0644a0719b8d506c4db3c56609,5.431
a1874c5550d2f0bc14cc122164603713,d35d1fa56f3c5a2777f5542a84a085dd,4.7037
a1874c5550d2f0bc14cc122164603713,65f037a133d9ffc71164a5d69dee187e,4.5626
a1874c5550d2f0bc14cc122164603713,57c9362442482cd2451f2eabf468e532,4.383
a1874c5550d2f0bc14cc122164603713,3de0f67a3747dbf94f485e9f5843b02d,3.5735
a1874c5550d2f0bc14cc122164603713,0b00b16606aeb46da3543bbabff4d6b3,3.56
a1874c5550d2f0bc14cc122164603713,3bb3e5caf47c7e92ed97227247e942a8,3.508
a1874c5550d2f0bc14cc122164603713,62b07aff118f62756ee579afeedc3eb0,3.3727
a1874c5550d2f0bc14cc122164603713,958cd4fc82ce0223c757f47bc9d67e23,3.324
a1874c5550d2f0bc14cc122164603713,61937887eb6ee0b405a5759756426486,3.2643
a1a374f4c131638dc698c76bebd11769,8bb27b1d96be90b36b8d0c7f30931d52,3.9749
a1a374f4c131638dc698c76bebd11769,a03e401d58a45187271718c5d7610422,3.6677
a1a374f4c131638dc698c76bebd11769,90b58782fdd04cb829667fcc41fb65f5,3.6656
a1a374f4c131638dc698c76bebd11769,308e4e21ae228a10f6370a243ae59995,3.5434
a1a374f4c131638dc698c76bebd11769,0fd55f5dee013f990c929cd3ad6bfee0,3.3931
a1a374f4c131638dc698c76bebd11769,cc7e60cc41c667212b37102362120438,3.3826
a1a374f4c131638dc698c76bebd11769,b68cf84ede4fd1e14b1740de5b727d55,3.3782
a1a374f4c131638dc698c76bebd11769,fe59a1e006df3ac42bf0ceb876d70969,3.355
a1a374f4c131638dc698c76bebd11769,2e511b5741ab14e7f5294df6f1310b03,3.321
a1a374f4c131638dc698c76bebd11769,0de59eddc63167215c972b0d785ffa7b,3.2128
a2027a1c6f9e04a875c44ea09061d3f2,8bb27b1d96be90b36b8d0c7f30931d52,4.1627
a2027a1c6f9e04a875c44ea09061d3f2,90b58782fdd04cb829667fcc41fb65f5,3.8473
a2027a1c6f9e04a875c44ea09061d3f2,a03e401d58a45187271718c5d7610422,3.841
a2027a1c6f9e04a875c44ea09061d3f2,b68cf84ede4fd1e14b1740de5b727d55,3.8196
a2027a1c6f9e04a875c44ea09061d3f2,308e4e21ae228a10f6370a243ae59995,3.719
a2027a1c6f9e04a875c44ea09061d3f2,fe59a1e006df3ac42bf0ceb876d70969,3.2446
a2027a1c6f9e04a875c44ea09061d3f2,b8c2cf7e813b0eb7ec62f7459217b22c,3.1315
a2027a1c6f9e04a875c44ea09061d3f2,61937887eb6ee0b405a5759756426486,3.0024
a2027a1c6f9e04a875c44ea09061d3f2,51f3e4065d72846204cb4f46d8d241cf,2.9726
a2027a1c6f9e04a875c44ea09061d3f2,20531b0644a0719b8d506c4db3c56609,2.9717
a2340c8d2161d51eb6bfd2880c84f58c,90b58782fdd04cb829667fcc41fb65f5,2.1134
a2340c8d2161d51eb6bfd2880c84f58c,308e4e21ae228a10f6370a243ae59995,2.0429
a2340c8d2161d51eb6bfd2880c84f58c,98a4301b1aacd45984603af55b7a1de4,1.966
a2340c8d2161d51eb6bfd2880c84f58c,fe59a1e006df3ac42bf0ceb876d70969,1.9344
a2340c8d2161d51eb6bfd2880c84f58c,0fd55f5dee013f990c929cd3ad6bfee0,1.9268
a2340c8d2161d51eb6bfd2880c84f58c,b68cf84ede4fd1e14b1740de5b727d55,1.8819
a2340c8d2161d51eb6bfd2880c84f58c,6d0a373c460a041c86167a92a5d3383e,1.7624
a2340c8d2161d51eb6bfd2880c84f58c,fd471a043ee8b8dd27f4086495e0724c,1.7624
a2340c8d2161d51eb6bfd2880c84f58c,48640118918b5bd6454e3fee20ad637b,1.7561
a2340c8d2161d51eb6bfd2880c84f58c,6af89b97a841482f79c52765bfe0d699,1.7464
a239b8e2fbce33780f1f1912e2ee5275,8bb27b1d96be90b36b8d0c7f30931d52,3.9459
a239b8e2fbce33780f1f1912e2ee5275,a03e401d58a45187271718c5d7610422,3.6409
a239b8e2fbce33780f1f1912e2ee5275,2e511b5741ab14e7f5294df6f1310b03,3.6395
a239b8e2fbce33780f1f1912e2ee5275,4638e41e1c53018897e12edbb2815807,3.3027
a239b8e2fbce33780f1f1912e2ee5275,82cff05560eae73466f8778690b037fa,3.2823
a239b8e2fbce33780f1f1912e2ee5275,fe31b2791161c24e921f90788d443e1c,3.2043
a239b8e2fbce33780f1f1912e2ee5275,61a4100ccd6d9c4c808a1fd954ddb8ad,3.1743
a239b8e2fbce33780f1f1912e2ee5275,70906e04da1eebf3d1b8791bd09ffe85,3.04
a239b8e2fbce33780f1f1912e2ee5275,3ed43e8f95f9801cd8099b6f73e07335,3.0091
a239b8e2fbce33780f1f1912e2ee5275,596dd8bfc1289b4336ef857ffb960d47,3.0091
a24b6a5a883426cbe71b43fd0a3d508a,8bb27b1d96be90b36b8d0c7f30931d52,3.0015
a24b6a5a883426cbe71b43fd0a3d508a,a03e401d58a45187271718c5d7610422,2.7695
a24b6a5a883426cbe71b43fd0a3d508a,b68cf84ede4fd1e14b1740de5b727d55,2.5004
a24b6a5a883426cbe71b43fd0a3d508a,ebc714d9f070a89f4d411982ea9670fb,2.4987
a24b6a5a883426cbe71b43fd0a3d508a,4638e41e1c53018897e12edbb2815807,2.4379
a24b6a5a883426cbe71b43fd0a3d508a,39342c8e5e512bb1757779a3821a450f,2.3809
a24b6a5a883426cbe71b43fd0a3d508a,fe31b2791161c24e921f90788d443e1c,2.2985
a24b6a5a883426cbe71b43fd0a3d508a,0de59eddc63167215c972b0d785ffa7b,2.1919
a24b6a5a883426cbe71b43fd0a3d508a,55aefe286a63b5e07f42a63c10371020,2.1636
a24b6a5a883426cbe71b43fd0a3d508a,51f3e4065d72846204cb4f46d8d241cf,2.1631
a2eb3545fdbc2c6687e8d66c78c206d6,d35d1fa56f3c5a2777f5542a84a085dd,3.0603
a2eb3545fdbc2c6687e8d66c78c206d6,20531b0644a0719b8d506c4db3c56609,2.8717
a2eb3545fdbc2c6687e8d66c78c206d6,90b58782fdd04cb829667fcc41fb65f5,2.8589
a2eb3545fdbc2c6687e8d66c78c206d6,308e4e21ae228a10f6370a243ae59995,2.7635
a2eb3545fdbc2c6687e8d66c78c206d6,d48bb8824fcf4720229d970fff608fda,2.3318
a2eb3545fdbc2c6687e8d66c78c206d6,7ad1818fa5f8a28faf8844aec3b3f540,2.3169
a2eb3545fdbc2c6687e8d66c78c206d6,8bb27b1d96be90b36b8d0c7f30931d52,2.2417
a2eb3545fdbc2c6687e8d66c78c206d6,62b07aff118f62756ee579afeedc3eb0,2.1943
a2eb3545fdbc2c6687e8d66c78c206d6,b68cf84ede4fd1e14b1740de5b727d55,2.1292
a2eb3545fdbc2c6687e8d66c78c206d6,a03e401d58a45187271718c5d7610422,2.0684
a30978aee433167a339b46d2463b81b9,2e511b5741ab14e7f5294df6f1310b03,3.661
a30978aee433167a339b46d2463b81b9,57c9362442482cd2451f2eabf468e532,3.2718
a30978aee433167a339b46d2463b81b9,fe31b2791161c24e921f90788d443e1c,3.0719
a30978aee433167a339b46d2463b81b9,70906e04da1eebf3d1b8791bd09ffe85,3.058
a30978aee433167a339b46d2463b81b9,8bb27b1d96be90b36b8d0c7f30931d52,2.9461
a30978aee433167a339b46d2463b81b9,a04cf12934a318be6550b1aeab938bf2,2.8012
a30978aee433167a339b46d2463b81b9,0b00b16606aeb46da3543bbabff4d6b3,2.7816
a30978aee433167a339b46d2463b81b9,a03e401d58a45187271718c5d7610422,2.7184
a30978aee433167a339b46d2463b81b9,61a4100ccd6d9c4c808a1fd954ddb8ad,2.5501
a30978aee433167a339b46d2463b81b9,958cd4fc82ce0223c757f47bc9d67e23,2.4813
a3203516c1f7fc078f5631f47ed90739,65f037a133d9ffc71164a5d69dee187e,3.3111
a3203516c1f7fc078f5631f47ed90739,6e741443e7a0707cb99e552dc844439a,2.8992
a3203516c1f7fc078f5631f47ed90739,b8c2cf7e813b0eb7ec62f7459217b22c,2.4849
a3203516c1f7fc078f5631f47ed90739,51f3e4065d72846204cb4f46d8d241cf,2.3415
a3203516c1f7fc078f5631f47ed90739,bb50f2e236e5eea0100680137654686c,2.2946
a3203516c1f7fc078f5631f47ed90739,6b6b162b177d0f36987993aecbe1c65f,2.2277
a3203516c1f7fc078f5631f47ed90739,20531b0644a0719b8d506c4db3c56609,2.0993
a3203516c1f7fc078f5631f47ed90739,399f54c06661d06ca45c6e24ed238e0e,2.0578
a3203516c1f7fc078f5631f47ed90739,82254d93b897fde054504b15f8fe923c,1.9881
a3203516c1f7fc078f5631f47ed90739,8ed3ae310714d18ee990923aeb411508,1.9283
a38b9fe75865c4716f17f8f5cb8e7a6d,8bb27b1d96be90b36b8d0c7f30931d52,5.5211
a38b9fe75865c4716f17f8f5cb8e7a6d,0fd55f5dee013f990c929cd3ad6bfee0,5.2547
a38b9fe75865c4716f17f8f5cb8e7a6d,6cdd53843498f92890544667809f1595,5.1817
a38b9fe75865c4716f17f8f5cb8e7a6d,90b58782fdd04cb829667fcc41fb65f5,5.152
a38b9fe75865c4716f17f8f5cb8e7a6d,a03e401d58a45187271718c5d7610422,5.0944
a38b9fe75865c4716f17f8f5cb8e7a6d,308e4e21ae228a10f6370a243ae59995,4.9802
a38b9fe75865c4716f17f8f5cb8e7a6d,4638e41e1c53018897e12edbb2815807,4.7574
a38b9fe75865c4716f17f8f5cb8e7a6d,cc88837a83ef7b7ea2bf724434a53ef3,4.5686
a38b9fe75865c4716f17f8f5cb8e7a6d,0de59eddc63167215c972b0d785ffa7b,4.2802
a38b9fe75865c4716f17f8f5cb8e7a6d,ad1280b6c5b1af7cfd97372249be66c9,4.2254
a3dc27d87234f862d7e61a0148c77fa9,2e511b5741ab14e7f5294df6f1310b03,4.3468
a3dc27d87234f862d7e61a0148c77fa9,fe31b2791161c24e921f90788d443e1c,3.972
a3dc27d87234f862d7e61a0148c77fa9,8bb27b1d96be90b36b8d0c7f30931d52,3.7818
a3dc27d87234f862d7e61a0148c77fa9,7a5b821fca01c5a75fa33c06f249e0f5,3.6701
a3dc27d87234f862d7e61a0148c77fa9,41da75141264c3bde21ecea85a4cb8b7,3.6561
a3dc27d87234f862d7e61a0148c77fa9,70906e04da1eebf3d1b8791bd09ffe85,3.6308
a3dc27d87234f862d7e61a0148c77fa9,a03e401d58a45187271718c5d7610422,3.4895
a3dc27d87234f862d7e61a0148c77fa9,79ccb1aca8fcf379a6ed2412fba0480e,3.1609
a3dc27d87234f862d7e61a0148c77fa9,429e7401fafb76436f15e86498bd7364,3.0022
a3dc27d87234f862d7e61a0148c77fa9,82cff05560eae73466f8778690b037fa,2.8433
a40096fc0a3862e9e12bc55b5f8e6ab2,fe59a1e006df3ac42bf0ceb876d70969,2.9049
a40096fc0a3862e9e12bc55b5f8e6ab2,98a4301b1aacd45984603af55b7a1de4,2.8207
a40096fc0a3862e9e12bc55b5f8e6ab2,a14aea6067b93158e956612c50b74cfa,2.8111
a40096fc0a3862e9e12bc55b5f8e6ab2,b68cf84ede4fd1e14b1740de5b727d55,2.6454
a40096fc0a3862e9e12bc55b5f8e6ab2,a06766fec51c96d4d0bce282906735eb,2.3758
a40096fc0a3862e9e12bc55b5f8e6ab2,ebc714d9f070a89f4d411982ea9670fb,2.3055
a40096fc0a3862e9e12bc55b5f8e6ab2,90b58782fdd04cb829667fcc41fb65f5,2.2675
a40096fc0a3862e9e12bc55b5f8e6ab2,0fd55f5dee013f990c929cd3ad6bfee0,2.233
a40096fc0a3862e9e12bc55b5f8e6ab2,308e4e21ae228a10f6370a243ae59995,2.1918
a40096fc0a3862e9e12bc55b5f8e6ab2,f110a8fd4a8052d5717ce2adc2bb71d0,2.1478
a4e9d1568df5584556b6a4d871095249,00faa46f36261af8bbf3a4d37fa4841b,4.1568
a4e9d1568df5584556b6a4d871095249,ee918a5c4e95f273708c2582a5314325,3.6959
a4e9d1568df5584556b6a4d871095249,61937887eb6ee0b405a5759756426486,3.2152
a4e9d1568df5584556b6a4d871095249,ebc714d9f070a89f4d411982ea9670fb,2.8328
a4e9d1568df5584556b6a4d871095249,f110a8fd4a8052d5717ce2adc2bb71d0,2.5892
a4e9d1568df5584556b6a4d871095249,8bb27b1d96be90b36b8d0c7f30931d52,2.4833
a4e9d1568df5584556b6a4d871095249,79ccb1aca8fcf379a6ed2412fba0480e,2.4266
a4e9d1568df5584556b6a4d871095249,a03e401d58a45187271718c5d7610422,2.2914
a4e9d1568df5584556b6a4d871095249,fe31b2791161c24e921f90788d443e1c,2.2672
a4e9d1568df5584556b6a4d871095249,6cc859e89d080218ff4416539ffa030c,2.1764
a518c60e2e7f3a2820b4ef5cf5107189,ee918a5c4e95f273708c2582a5314325,3.1918
a518c60e2e7f3a2820b4ef5cf5107189,41da75141264c3bde21ecea85a4cb8b7,2.8216
a518c60e2e7f3a2820b4ef5cf5107189,8bb27b1d96be90b36b8d0c7f30931d52,2.7529
a518c60e2e7f3a2820b4ef5cf5107189,79ccb1aca8fcf379a6ed2412fba0480e,2.7303
a518c60e2e7f3a2820b4ef5cf5107189,2e511b5741ab14e7f5294df6f1310b03,2.617
a518c60e2e7f3a2820b4ef5cf5107189,dcfe76be1e1036cb99e5d8bdc2a1b1c9,2.5971
a518c60e2e7f3a2820b4ef5cf5107189,a03e401d58a45187271718c5d7610422,2.5402
a518c60e2e7f3a2820b4ef5cf5107189,fe31b2791161c24e921f90788d443e1c,2.5231
a518c60e2e7f3a2820b4ef5cf5107189,b8c2cf7e813b0eb7ec62f7459217b22c,2.4226
a518c60e2e7f3a2820b4ef5cf5107189,05805f52cdeb93d7684f871e599f0078,2.3787
a51c10e4ba5836dce272ad99d9f36283,61a4100ccd6d9c4c808a1fd954ddb8ad,3.2851
a51c10e4ba5836dce272ad99d9f36283,b68cf84ede4fd1e14b1740de5b727d55,3.03
a51c10e4ba5836dce272ad99d9f36283,d35d1fa56f3c5a2777f5542a84a085dd,2.7647
a51c10e4ba5836dce272ad99d9f36283,dbb67791e405873b259e4656bf971246,2.7582
a51c10e4ba5836dce272ad99d9f36283,20531b0644a0719b8d506c4db3c56609,2.5744
a51c10e4ba5836dce272ad99d9f36283,81de659bfde3389fc8614bfba92e585a,2.5545
a51c10e4ba5836dce272ad99d9f36283,8bb27b1d96be90b36b8d0c7f30931d52,2.5194
a51c10e4ba5836dce272ad99d9f36283,57c9362442482cd2451f2eabf468e532,2.4908
a51c10e4ba5836dce272ad99d9f36283,3bb3e5caf47c7e92ed97227247e942a8,2.4803
a51c10e4ba5836dce272ad99d9f36283,61937887eb6ee0b405a5759756426486,2.3608
a5931be4783e1a1dfbda5c6e145d96bb,2e511b5741ab14e7f5294df6f1310b03,2.8205
a5931be4783e1a1dfbda5c6e145d96bb,a14aea6067b93158e956612c50b74cfa,2.6556
a5931be4783e1a1dfbda5c6e145d96bb,fe31b2791161c24e921f90788d443e1c,2.629
a5931be4783e1a1dfbda5c6e145d96bb,41da75141264c3bde21ecea85a4cb8b7,2.5176
a5931be4783e1a1dfbda5c6e145d96bb,70906e04da1eebf3d1b8791bd09ffe85,2.3559
a5931be4783e1a1dfbda5c6e145d96bb,a04cf12934a318be6550b1aeab938bf2,2.3069
a5931be4783e1a1dfbda5c6e145d96bb,fe59a1e006df3ac42bf0ceb876d70969,2.2467
a5931be4783e1a1dfbda5c6e145d96bb,6b6b162b177d0f36987993aecbe1c65f,2.19
a5931be4783e1a1dfbda5c6e145d96bb,98a4301b1aacd45984603af55b7a1de4,2.1526
a5931be4783e1a1dfbda5c6e145d96bb,429e7401fafb76436f15e86498bd7364,2.0751
a6067b8524c5ace8872e34f87a37c3f1,8bb27b1d96be90b36b8d0c7f30931d52,4.0252
a6067b8524c5ace8872e34f87a37c3f1,a03e401d58a45187271718c5d7610422,3.7141
a6067b8524c5ace8872e34f87a37c3f1,ee918a5c4e95f273708c2582a5314325,3.6454
a6067b8524c5ace8872e34f87a37c3f1,b68cf84ede4fd1e14b1740de5b727d55,3.4463
a6067b8524c5ace8872e34f87a37c3f1,20531b0644a0719b8d506c4db3c56609,3.382
a6067b8524c5ace8872e34f87a37c3f1,cb03e4f0503f45854e87afe535e0681d,3.3605
a6067b8524c5ace8872e34f87a37c3f1,d35d1fa56f3c5a2777f5542a84a085dd,3.3403
a6067b8524c5ace8872e34f87a37c3f1,d48bb8824fcf4720229d970fff608fda,3.2998
a6067b8524c5ace8872e34f87a37c3f1,61a4100ccd6d9c4c808a1fd954ddb8ad,3.2903
a6067b8524c5ace8872e34f87a37c3f1,7893c68e0a8b6e58a70390551e8a84d9,3.2169
a62e9bd0a19a1c311ee28321033c1208,8bb27b1d96be90b36b8d0c7f30931d52,3.4312
a62e9bd0a19a1c311ee28321033c1208,a03e401d58a45187271718c5d7610422,3.1661
a62e9bd0a19a1c311ee28321033c1208,b68cf84ede4fd1e14b1740de5b727d55,2.856
a62e9bd0a19a1c311ee28321033c1208,51f3e4065d72846204cb4f46d8d241cf,2.6955
a62e9bd0a19a1c311ee28321033c1208,ebc714d9f070a89f4d411982ea9670fb,2.4543
a62e9bd0a19a1c311ee28321033c1208,fe31b2791161c24e921f90788d443e1c,2.4008
a62e9bd0a19a1c311ee28321033c1208,61a4100ccd6d9c4c808a1fd954ddb8ad,2.2852
a62e9bd0a19a1c311ee28321033c1208,cb03e4f0503f45854e87afe535e0681d,2.2116
a62e9bd0a19a1c311ee28321033c1208,db12039c7ff4e850d48e0312fa9b3473,2.1933
a62e9bd0a19a1c311ee28321033c1208,2e511b5741ab14e7f5294df6f1310b03,2.1844
a66315c850c3712707754c1eca7a8069,b68cf84ede4fd1e14b1740de5b727d55,3.8007
a66315c850c3712707754c1eca7a8069,a14aea6067b93158e956612c50b74cfa,3.7137
a66315c850c3712707754c1eca7a8069,ebc714d9f070a89f4d411982ea9670fb,3.4787
a66315c850c3712707754c1eca7a8069,61a4100ccd6d9c4c808a1fd954ddb8ad,3.3058
a66315c850c3712707754c1eca7a8069,dbb67791e405873b259e4656bf971246,3.2267
a66315c850c3712707754c1eca7a8069,730d34d191892dd7c4fb157daade465e,3.1451
a66315c850c3712707754c1eca7a8069,30d1842be9c62546d3fb853119602ac2,3.0324
a66315c850c3712707754c1eca7a8069,4638e41e1c53018897e12edbb2815807,2.7931
a66315c850c3712707754c1eca7a8069,3ed43e8f95f9801cd8099b6f73e07335,2.701
a66315c850c3712707754c1eca7a8069,596dd8bfc1289b4336ef857ffb960d47,2.701
